target,window,set,metric,mean,std,ci_lower,ci_upper,t_critical,df,significant
COG_V1,T7W50,VALIDATION,R2,-0.015911,0.029845,-0.018845,-0.012978,1.9659,399,True
COG_V1,T7W50,VALIDATION,RMSE,1.343228,0.076348,1.335724,1.350733,1.9659,399,True
COG_V1,T7W50,VALIDATION,MAE,1.020471,0.054959,1.015069,1.025873,1.9659,399,True
COG_V1,T7W50,VALIDATION,rho,-0.1186,0.124654,-0.130853,-0.106347,1.9659,399,True
COG_V1,T7W50,TEST,R2,-0.018186,0.027746,-0.020913,-0.015459,1.9659,399,True
COG_V1,T7W50,TEST,RMSE,1.345682,0.114515,1.334426,1.356939,1.9659,399,True
COG_V1,T7W50,TEST,MAE,1.029793,0.082702,1.021664,1.037922,1.9659,399,True
COG_V1,T7W50,TEST,rho,-0.117066,0.177576,-0.134521,-0.099611,1.9659,399,True
