set,r2_mean,r2_std,r2_ci_lower,r2_ci_upper,rmse_mean,rmse_std,rmse_ci_lower,rmse_ci_upper,mae_mean,mae_std,mae_ci_lower,mae_ci_upper,rho_mean,rho_std,rho_ci_lower,rho_ci_upper,r2_below_zero
VALIDATION,-0.0159113673996628,0.029845343849617543,-0.018845056206168175,-0.012977678593157422,1.343228278642169,0.07634848554091489,1.3357235000558136,1.3507330572285243,1.020471224786026,0.05495903060831233,1.0150689518645144,1.0258734977075374,-0.11860003779961507,0.1246537759432163,-0.1308530508329338,-0.10634702476629634,0.92
