set,r2_mean,r2_std,r2_ci_lower,r2_ci_upper,rmse_mean,rmse_std,rmse_ci_lower,rmse_ci_upper,mae_mean,mae_std,mae_ci_lower,mae_ci_upper,rho_mean,rho_std,rho_ci_lower,rho_ci_upper,r2_below_zero
TEST,-0.01818603644862277,0.027745854056931602,-0.02091335304058072,-0.015458719856664822,1.3456823391460286,0.11451494858839871,1.3344259359849833,1.356938742307074,1.0297928223230395,0.08270193542522772,1.0216635227091424,1.0379221219369366,-0.11706631142014697,0.177575830286826,-0.13452137001298123,-0.0996112528273127,0.8575
