{
  "best_trial_number": 263,
  "best_value_internal_minimized": 6.319098454914608,
  "best_params": {
    "regressor": "QuantileRegressor",
    "use_scaler": false,
    "quantile_alpha": 0.015968083380531104,
    "rfe_n_features": 2
  },
  "best_metadata": {
    "regressor": "QuantileRegressor",
    "use_scaler": false,
    "rfe_estimator": {
      "mode": "original",
      "type": "QuantileRegressor"
    },
    "n_candidate_features": 22,
    "rfe_n_features": 2,
    "rfe_selected_features": [
      "lcc_T6W40",
      "z_density_T6W40"
    ]
  },
  "validation_summary": {
    "n_splits_val": 400,
    "mae_mean_val": 6.346392465413503,
    "mae_std_val": 0.2843706985204022,
    "mae_ci_lower_val": 6.318439859494436,
    "mae_ci_upper_val": 6.37434507133257,
    "mae_samperror_val": 0.02795260591906733,
    "mae_t_critical_val": 1.965927295920882,
    "mae_df_val": 399,
    "d2mae_mean_val": 0.011654554567245623,
    "d2mae_std_val": 0.023608745088109735,
    "d2mae_ci_lower_val": 0.009333900747687973,
    "d2mae_ci_upper_val": 0.013975208386803273,
    "d2mae_samperror_val": 0.002320653819557649,
    "d2mae_t_critical_val": 1.965927295920882,
    "d2mae_df_val": 399,
    "rmse_mean_val": 7.64869457470882,
    "rmse_std_val": 0.34967614829606986,
    "rmse_ci_lower_val": 7.614322680475434,
    "rmse_ci_upper_val": 7.683066468942206,
    "rmse_samperror_val": 0.0343718942333861,
    "rmse_t_critical_val": 1.965927295920882,
    "rmse_df_val": 399,
    "mape_mean_val": 223284435161505.7,
    "mape_std_val": 447158076829525.8,
    "mape_ci_lower_val": 179330421719973.12,
    "mape_ci_upper_val": 267238448603038.25,
    "mape_samperror_val": 43954013441532.58,
    "mape_t_critical_val": 1.965927295920882,
    "mape_df_val": 399,
    "r2_mean_val": -0.013840616304236688,
    "r2_std_val": 0.04415119874893557,
    "r2_ci_lower_val": -0.018180518642644704,
    "r2_ci_upper_val": -0.009500713965828671,
    "r2_samperror_val": 0.0043399023384080165,
    "r2_t_critical_val": 1.965927295920882,
    "r2_df_val": 399,
    "median_ae_mean_val": 5.965499104522746,
    "median_ae_std_val": 0.49248343384381466,
    "median_ae_ci_lower_val": 5.917089773253626,
    "median_ae_ci_upper_val": 6.013908435791866,
    "median_ae_samperror_val": 0.04840933126912005,
    "median_ae_t_critical_val": 1.965927295920882,
    "median_ae_df_val": 399,
    "max_error_mean_val": 17.36242416370597,
    "max_error_std_val": 1.4835598190718842,
    "max_error_ci_lower_val": 17.216595626533728,
    "max_error_ci_upper_val": 17.508252700878213,
    "max_error_samperror_val": 0.1458285371722431,
    "max_error_t_critical_val": 1.965927295920882,
    "max_error_df_val": 399,
    "rho_mean_val": 0.0939757721402438,
    "rho_std_val": 0.12015589837263684,
    "rho_ci_lower_val": 0.0821500023732779,
    "rho_ci_upper_val": 0.10580154190720971,
    "rho_samperror_val": 0.011825769766965904,
    "rho_t_critical_val": 1.9659423239762661,
    "rho_df_val": 398,
    "r2_below_zero_val": 0.57
  },
  "test_summary": {
    "n_splits_test": 400,
    "mae_mean_test": 6.5105955969279945,
    "mae_std_test": 0.44106987071932285,
    "mae_ci_lower_test": 6.467240032015224,
    "mae_ci_upper_test": 6.553951161840765,
    "mae_samperror_test": 0.043355564912770574,
    "mae_t_critical_test": 1.965927295920882,
    "mae_df_test": 399,
    "d2mae_mean_test": 0.01044065314566585,
    "d2mae_std_test": 0.036840684188512086,
    "d2mae_ci_lower_test": 0.006819347813336013,
    "d2mae_ci_upper_test": 0.014061958477995688,
    "d2mae_samperror_test": 0.0036213053323298377,
    "d2mae_t_critical_test": 1.965927295920882,
    "d2mae_df_test": 399,
    "rmse_mean_test": 7.801676676035374,
    "rmse_std_test": 0.5406719727490544,
    "rmse_ci_lower_test": 7.748530586567036,
    "rmse_ci_upper_test": 7.8548227655037115,
    "rmse_samperror_test": 0.05314608946833787,
    "rmse_t_critical_test": 1.965927295920882,
    "rmse_df_test": 399,
    "mape_mean_test": 235516585580112.6,
    "mape_std_test": 679503837024979.8,
    "mape_ci_lower_test": 168723828535593.5,
    "mape_ci_upper_test": 302309342624631.7,
    "mape_samperror_test": 66792757044519.11,
    "mape_t_critical_test": 1.965927295920882,
    "mape_df_test": 399,
    "r2_mean_test": -0.006236102468310856,
    "r2_std_test": 0.06385384937089347,
    "r2_ci_lower_test": -0.01251270373970385,
    "r2_ci_upper_test": 4.0498803082139774e-05,
    "r2_samperror_test": 0.0062766012713929955,
    "r2_t_critical_test": 1.965927295920882,
    "r2_df_test": 399,
    "median_ae_mean_test": 6.2065623125284946,
    "median_ae_std_test": 0.6727401864997027,
    "median_ae_ci_lower_test": 6.140434397743361,
    "median_ae_ci_upper_test": 6.272690227313628,
    "median_ae_samperror_test": 0.06612791478513351,
    "median_ae_t_critical_test": 1.965927295920882,
    "median_ae_df_test": 399,
    "max_error_mean_test": 16.244164238911797,
    "max_error_std_test": 2.028703967383342,
    "max_error_ci_lower_test": 16.0447500136707,
    "max_error_ci_upper_test": 16.443578464152893,
    "max_error_samperror_test": 0.19941422524109495,
    "max_error_t_critical_test": 1.965927295920882,
    "max_error_df_test": 399,
    "rho_mean_test": 0.11685876931619062,
    "rho_std_test": 0.18839860735086275,
    "rho_ci_lower_test": 0.0983165372233574,
    "rho_ci_upper_test": 0.13540100140902384,
    "rho_samperror_test": 0.018542232092833216,
    "rho_t_critical_test": 1.9659423239762661,
    "rho_df_test": 398,
    "r2_below_zero_test": 0.49
  },
  "selected_features": [
    "lcc_T6W40",
    "z_density_T6W40"
  ]
}