{
  "best_trial_number": 8,
  "best_value_internal_minimized": 6.334897777362045,
  "best_params": {
    "regressor": "QuantileRegressor",
    "use_scaler": false,
    "quantile_alpha": 0.03261332783906558,
    "rfe_n_features": 3
  },
  "best_metadata": {
    "regressor": "QuantileRegressor",
    "use_scaler": false,
    "rfe_estimator": {
      "mode": "original",
      "type": "QuantileRegressor"
    },
    "n_candidate_features": 22,
    "rfe_n_features": 3,
    "rfe_selected_features": [
      "lcc_T6W40",
      "lsc_T6W40",
      "z_asp_T6W40"
    ]
  },
  "validation_summary": {
    "n_splits_val": 400,
    "mae_mean_val": 6.362548337691451,
    "mae_std_val": 0.2672915918961877,
    "mae_ci_lower_val": 6.336274545867508,
    "mae_ci_upper_val": 6.388822129515394,
    "mae_samperror_val": 0.02627379182394301,
    "mae_t_critical_val": 1.965927295920882,
    "mae_df_val": 399,
    "d2mae_mean_val": 0.009062475472721066,
    "d2mae_std_val": 0.02176879249965503,
    "d2mae_ci_lower_val": 0.006922682304005586,
    "d2mae_ci_upper_val": 0.011202268641436546,
    "d2mae_samperror_val": 0.0021397931687154796,
    "d2mae_t_critical_val": 1.965927295920882,
    "d2mae_df_val": 399,
    "rmse_mean_val": 7.663059831692726,
    "rmse_std_val": 0.3357379870132771,
    "rmse_ci_lower_val": 7.6300580080453795,
    "rmse_ci_upper_val": 7.696061655340072,
    "rmse_samperror_val": 0.033001823647346606,
    "rmse_t_critical_val": 1.965927295920882,
    "rmse_df_val": 399,
    "mape_mean_val": 225953932968161.28,
    "mape_std_val": 452525435102570.7,
    "mape_ci_lower_val": 181472327719830.4,
    "mape_ci_upper_val": 270435538216492.16,
    "mape_samperror_val": 44481605248330.87,
    "mape_t_critical_val": 1.965927295920882,
    "mape_df_val": 399,
    "r2_mean_val": -0.017646969402919686,
    "r2_std_val": 0.03981630912258754,
    "r2_ci_lower_val": -0.02156076784926561,
    "r2_ci_upper_val": -0.013733170956573762,
    "r2_samperror_val": 0.003913798446345923,
    "r2_t_critical_val": 1.965927295920882,
    "r2_df_val": 399,
    "median_ae_mean_val": 5.947560631707918,
    "median_ae_std_val": 0.47834290633619725,
    "median_ae_ci_lower_val": 5.900541262889095,
    "median_ae_ci_upper_val": 5.994580000526741,
    "median_ae_samperror_val": 0.0470193688188228,
    "median_ae_t_critical_val": 1.965927295920882,
    "median_ae_df_val": 399,
    "max_error_mean_val": 17.402533869955754,
    "max_error_std_val": 1.4665906379159939,
    "max_error_ci_lower_val": 17.2583733416047,
    "max_error_ci_upper_val": 17.54669439830681,
    "max_error_samperror_val": 0.14416052835105356,
    "max_error_t_critical_val": 1.965927295920882,
    "max_error_df_val": 399,
    "rho_mean_val": 0.08049268002078996,
    "rho_std_val": 0.12016858093621387,
    "rho_ci_lower_val": 0.06865072231260715,
    "rho_ci_upper_val": 0.09233463772897278,
    "rho_samperror_val": 0.01184195770818282,
    "rho_t_critical_val": 1.9659574279668237,
    "rho_df_val": 397,
    "r2_below_zero_val": 0.63
  },
  "test_summary": {
    "n_splits_test": 400,
    "mae_mean_test": 6.51981650028923,
    "mae_std_test": 0.44038943558799193,
    "mae_ci_lower_test": 6.476527819676349,
    "mae_ci_upper_test": 6.563105180902111,
    "mae_samperror_test": 0.04328868061288122,
    "mae_t_critical_test": 1.965927295920882,
    "mae_df_test": 399,
    "d2mae_mean_test": 0.009098381084320442,
    "d2mae_std_test": 0.03484348395671161,
    "d2mae_ci_lower_test": 0.005673393274546408,
    "d2mae_ci_upper_test": 0.012523368894094476,
    "d2mae_samperror_test": 0.0034249878097740343,
    "d2mae_t_critical_test": 1.965927295920882,
    "d2mae_df_test": 399,
    "rmse_mean_test": 7.810952212008183,
    "rmse_std_test": 0.5383483127385165,
    "rmse_ci_lower_test": 7.758034529871903,
    "rmse_ci_upper_test": 7.863869894144463,
    "rmse_samperror_test": 0.05291768213628005,
    "rmse_t_critical_test": 1.965927295920882,
    "rmse_df_test": 399,
    "mape_mean_test": 238610592460813.84,
    "mape_std_test": 688463783251904.6,
    "mape_ci_lower_test": 170937105273420.0,
    "mape_ci_upper_test": 306284079648207.7,
    "mape_samperror_test": 67673487187393.85,
    "mape_t_critical_test": 1.965927295920882,
    "mape_df_test": 399,
    "r2_mean_test": -0.008334226157580218,
    "r2_std_test": 0.057771452381676046,
    "r2_ci_lower_test": -0.014012949915686738,
    "r2_ci_upper_test": -0.0026555023994736986,
    "r2_samperror_test": 0.0056787237581065195,
    "r2_t_critical_test": 1.965927295920882,
    "r2_df_test": 399,
    "median_ae_mean_test": 6.199066337897232,
    "median_ae_std_test": 0.690462201684837,
    "median_ae_ci_lower_test": 6.13119641344254,
    "median_ae_ci_upper_test": 6.2669362623519245,
    "median_ae_samperror_test": 0.0678699244546925,
    "median_ae_t_critical_test": 1.965927295920882,
    "median_ae_df_test": 399,
    "max_error_mean_test": 16.288998135494595,
    "max_error_std_test": 2.0735576930877144,
    "max_error_ci_lower_test": 16.085174952069202,
    "max_error_ci_upper_test": 16.492821318919987,
    "max_error_samperror_test": 0.20382318342539363,
    "max_error_t_critical_test": 1.965927295920882,
    "max_error_df_test": 399,
    "rho_mean_test": 0.11043724564556842,
    "rho_std_test": 0.18979233568840617,
    "rho_ci_lower_test": 0.09173424694949216,
    "rho_ci_upper_test": 0.12914024434164467,
    "rho_samperror_test": 0.018702998696076265,
    "rho_t_critical_test": 1.9659574279668237,
    "rho_df_test": 397,
    "r2_below_zero_test": 0.535
  },
  "selected_features": [
    "lcc_T6W40",
    "lsc_T6W40",
    "z_asp_T6W40"
  ]
}