set,r2_mean,r2_std,r2_ci_lower,r2_ci_upper,rmse_mean,rmse_std,rmse_ci_lower,rmse_ci_upper,mae_mean,mae_std,mae_ci_lower,mae_ci_upper,rho_mean,rho_std,rho_ci_lower,rho_ci_upper,r2_below_zero
VALIDATION,0.018570618885188246,0.055491843449343846,0.013115972398286574,0.02402526537208992,1.3311577943391557,0.0830355043699272,1.322995706110586,1.3393198825677255,1.0564701554694642,0.06604153102795782,1.0499785130438508,1.0629617978950776,0.14416986424520345,0.12424605968525483,0.13195692823791058,0.15638280025249632,0.29
