set,r2_mean,r2_std,r2_ci_lower,r2_ci_upper,rmse_mean,rmse_std,rmse_ci_lower,rmse_ci_upper,mae_mean,mae_std,mae_ci_lower,mae_ci_upper,rho_mean,rho_std,rho_ci_lower,rho_ci_upper,r2_below_zero
TEST,0.008343115342000225,0.08224846385047796,0.00025839033543939745,0.016427840348561054,1.3365708650381287,0.12086078181905754,1.3246906895389075,1.34845104053735,1.057417055913148,0.09430726068553225,1.0481469950138873,1.0666871168124086,0.13584156691106755,0.2037526979758095,0.11581341738265918,0.15586971643947592,0.365
