set,r2_mean,r2_std,r2_ci_lower,r2_ci_upper,rmse_mean,rmse_std,rmse_ci_lower,rmse_ci_upper,mae_mean,mae_std,mae_ci_lower,mae_ci_upper,rho_mean,rho_std,rho_ci_lower,rho_ci_upper,r2_below_zero
TEST,-0.010256851830934726,0.06723548537096395,-0.016865855628198083,-0.003647848033671368,7.610151285216891,0.5396970849650036,7.55710102367381,7.663201546759972,6.479099465409372,0.4367036032803412,6.436173088713581,6.522025842105164,0.06948605751492154,0.21831640593866258,0.04802634843581352,0.09094576659402956,0.4775
