set,r2_mean,r2_std,r2_ci_lower,r2_ci_upper,rmse_mean,rmse_std,rmse_ci_lower,rmse_ci_upper,mae_mean,mae_std,mae_ci_lower,mae_ci_upper,rho_mean,rho_std,rho_ci_lower,rho_ci_upper,r2_below_zero
VALIDATION,-0.007220858501004299,0.0476441518021225,-0.011904105426943834,-0.0025376115750647635,7.552723985764876,0.34198211520877625,7.519108387014591,7.586339584515161,6.408982287683045,0.26035372731120726,6.383390462727253,6.434574112638837,0.06525646315462354,0.1353495668642405,0.051952092755149594,0.07856083355409749,0.455
