target,window,set,metric,mean,std,ci_lower,ci_upper,t_critical,df,significant
MOT_V4,T6W40,VALIDATION,R2,-0.013566,0.022912,-0.015818,-0.011314,1.9659,399,True
MOT_V4,T6W40,VALIDATION,RMSE,3.471777,0.170483,3.455019,3.488534,1.9659,399,True
MOT_V4,T6W40,VALIDATION,MAE,2.880519,0.115158,2.869199,2.891839,1.9659,399,True
MOT_V4,T6W40,VALIDATION,rho,-0.032824,0.122636,-0.044878,-0.020769,1.9659,399,True
MOT_V4,T6W40,TEST,R2,-0.017173,0.027854,-0.019911,-0.014435,1.9659,399,True
MOT_V4,T6W40,TEST,RMSE,3.487748,0.263272,3.461869,3.513627,1.9659,399,True
MOT_V4,T6W40,TEST,MAE,2.910948,0.172939,2.893949,2.927947,1.9659,399,True
MOT_V4,T6W40,TEST,rho,-0.030345,0.186087,-0.048637,-0.012053,1.9659,399,True
