set,r2_mean,r2_std,r2_ci_lower,r2_ci_upper,rmse_mean,rmse_std,rmse_ci_lower,rmse_ci_upper,mae_mean,mae_std,mae_ci_lower,mae_ci_upper,rho_mean,rho_std,rho_ci_lower,rho_ci_upper,r2_below_zero
TEST,-0.017172790685055377,0.027853963383220832,-0.019910734030788108,-0.014434847339322647,3.487748038583332,0.26327167402083257,3.461869390073315,3.513626687093349,2.9109479229087047,0.1729387085003876,2.8939486765305937,2.9279471692868158,-0.030344959148105134,0.1860873790736118,-0.048636672045464624,-0.012053246250745647,0.7575
