set,r2_mean,r2_std,r2_ci_lower,r2_ci_upper,rmse_mean,rmse_std,rmse_ci_lower,rmse_ci_upper,mae_mean,mae_std,mae_ci_lower,mae_ci_upper,rho_mean,rho_std,rho_ci_lower,rho_ci_upper,r2_below_zero
VALIDATION,-0.013566182260498558,0.022911846279697348,-0.015818333460558574,-0.011314031060438542,3.4717765710838626,0.17048284967949548,3.4550187267002976,3.4885344154674276,2.8805189893195324,0.11515845922464256,2.8691993314022364,2.8918386472368285,-0.032823547326855156,0.12263613892331378,-0.044878233975639545,-0.020768860678070763,0.7525
