set,r2_mean,r2_std,r2_ci_lower,r2_ci_upper,rmse_mean,rmse_std,rmse_ci_lower,rmse_ci_upper,mae_mean,mae_std,mae_ci_lower,mae_ci_upper,rho_mean,rho_std,rho_ci_lower,rho_ci_upper,r2_below_zero
TEST,-0.011826794616350127,0.0478187129610861,-0.016527200269650367,-0.007126388963049886,7.6047547942300024,0.5049113913271558,7.55512383991843,7.654385748541575,6.401326069632347,0.3866741573529492,6.363317405603978,6.439334733660716,0.05157065918078862,0.1954019295217313,0.03236335983466962,0.07077795852690762,0.49
