set,r2_mean,r2_std,r2_ci_lower,r2_ci_upper,rmse_mean,rmse_std,rmse_ci_lower,rmse_ci_upper,mae_mean,mae_std,mae_ci_lower,mae_ci_upper,rho_mean,rho_std,rho_ci_lower,rho_ci_upper,r2_below_zero
VALIDATION,-0.006833633328580482,0.03975157446456592,-0.010741068593366564,-0.002926198063794399,7.641005893877567,0.370161325104765,7.604620381231682,7.677391406523452,6.494076439651567,0.27702157304629205,6.466846226051035,6.5213066532521,0.06822282248190334,0.13186436663938578,0.05526103459511897,0.08118461036868771,0.415
