set,r2_mean,r2_std,r2_ci_lower,r2_ci_upper,rmse_mean,rmse_std,rmse_ci_lower,rmse_ci_upper,mae_mean,mae_std,mae_ci_lower,mae_ci_upper,rho_mean,rho_std,rho_ci_lower,rho_ci_upper,r2_below_zero
VALIDATION,-0.005378798179387187,0.041930652188567286,-0.009500428863050643,-0.001257167495723732,1.3847369606274387,0.07910372666671821,1.3769613518542805,1.3925125694005969,1.0829076105244972,0.060084014859977934,1.07700157028141,1.0888136507675845,0.12168726364931658,0.1283525669793024,0.10907067290301038,0.13430385439562276,0.3875
