set,r2_mean,r2_std,r2_ci_lower,r2_ci_upper,rmse_mean,rmse_std,rmse_ci_lower,rmse_ci_upper,mae_mean,mae_std,mae_ci_lower,mae_ci_upper,rho_mean,rho_std,rho_ci_lower,rho_ci_upper,r2_below_zero
TEST,-0.015003907860371873,0.07113693030549122,-0.0219964095121512,-0.008011406208592545,1.3441786945718952,0.11684923108142428,1.3326928399273783,1.355664549216412,1.0428091260095962,0.08143707103058227,1.0348041579676528,1.0508140940515396,0.10717393471814081,0.1832077317535424,0.08916528068423882,0.1251825887520428,0.42
