set,r2_mean,r2_std,r2_ci_lower,r2_ci_upper,rmse_mean,rmse_std,rmse_ci_lower,rmse_ci_upper,mae_mean,mae_std,mae_ci_lower,mae_ci_upper,rho_mean,rho_std,rho_ci_lower,rho_ci_upper,r2_below_zero
VALIDATION,-0.012870896429328206,0.04742915427358152,-0.017533009879772028,-0.008208782978884385,2.242731750426257,0.18786620274063423,2.2242651856288163,2.261198315223698,1.7382162830255399,0.1218461400900677,1.7262392503902566,1.7501933156608231,0.07376994446410313,0.12325376766354672,0.061654547155360284,0.08588534177284599,0.5325
