set,r2_mean,r2_std,r2_ci_lower,r2_ci_upper,rmse_mean,rmse_std,rmse_ci_lower,rmse_ci_upper,mae_mean,mae_std,mae_ci_lower,mae_ci_upper,rho_mean,rho_std,rho_ci_lower,rho_ci_upper,r2_below_zero
TEST,-0.021625888247537587,0.07854263988772021,-0.029346344229985256,-0.013905432265089918,2.237223920836887,0.29211725250267695,2.2085098568216655,2.2659379848521084,1.7681497255497178,0.19544846829275367,1.7489378516115852,1.7873615994878504,0.04047184552782756,0.19423250580875887,0.021379496281600047,0.05956419477405507,0.6275
