target,window,set,metric,mean,std,ci_lower,ci_upper,t_critical,df,significant
COG,T6W50,VALIDATION,R2,0.009003,0.057653,0.003336,0.014671,1.9659,399,True
COG,T6W50,VALIDATION,RMSE,2.23063,0.189233,2.212029,2.249231,1.9659,399,True
COG,T6W50,VALIDATION,MAE,1.745322,0.127784,1.732761,1.757883,1.9659,399,True
COG,T6W50,VALIDATION,rho,0.156141,0.128569,0.143503,0.168779,1.9659,399,True
COG,T6W50,TEST,R2,0.003199,0.08519,-0.005174,0.011573,1.9659,399,False
COG,T6W50,TEST,RMSE,2.158518,0.273499,2.131634,2.185402,1.9659,399,True
COG,T6W50,TEST,MAE,1.685005,0.189835,1.666345,1.703665,1.9659,399,True
COG,T6W50,TEST,rho,0.146802,0.192662,0.127864,0.16574,1.9659,399,True
