set,r2_mean,r2_std,r2_ci_lower,r2_ci_upper,rmse_mean,rmse_std,rmse_ci_lower,rmse_ci_upper,mae_mean,mae_std,mae_ci_lower,mae_ci_upper,rho_mean,rho_std,rho_ci_lower,rho_ci_upper,r2_below_zero
VALIDATION,0.009003495037110421,0.057653205614995005,0.0033363945063175342,0.014670595567903308,2.230629680270517,0.18923275063287398,2.212028788782949,2.2492305717580847,1.7453218729197764,0.12778437413478433,1.7327611334645894,1.7578826123749633,0.15614065328438775,0.1285689651510148,0.14350279138445374,0.16877851518432177,0.34
