set,r2_mean,r2_std,r2_ci_lower,r2_ci_upper,rmse_mean,rmse_std,rmse_ci_lower,rmse_ci_upper,mae_mean,mae_std,mae_ci_lower,mae_ci_upper,rho_mean,rho_std,rho_ci_lower,rho_ci_upper,r2_below_zero
TEST,0.00319939799203705,0.08518961088387766,-0.005174431076237638,0.011573227060311737,2.158517784487009,0.2734992138241996,2.131633805993514,2.185401762980504,1.6850052974441139,0.18983534389604076,1.6663451732293262,1.7036654216589016,0.14680172405402234,0.19266210382590107,0.12786373961397823,0.16573970849406644,0.425
