{
  "best_trial_number": 117,
  "best_value_internal_minimized": 1.0687538677565915,
  "best_params": {
    "regressor": "QuantileRegressor",
    "use_scaler": true,
    "quantile_alpha": 0.03382699854685835,
    "rfe_n_features": 12
  },
  "best_metadata": {
    "regressor": "QuantileRegressor",
    "use_scaler": true,
    "rfe_estimator": {
      "mode": "original",
      "type": "QuantileRegressor"
    },
    "n_candidate_features": 13,
    "rfe_n_features": 12,
    "rfe_selected_features": [
      "edges_T6W40",
      "re_T6W40",
      "pe_T6W40",
      "l1_T6W40",
      "l2_T6W40",
      "l3_T6W40",
      "lcc_T6W40",
      "lsc_T6W40",
      "atd_T6W40",
      "density_T6W40",
      "diameter_T6W40",
      "asp_T6W40"
    ]
  },
  "validation_summary": {
    "n_splits_val": 400,
    "mae_mean_val": 1.0614879553500058,
    "mae_std_val": 0.05545990075543078,
    "mae_ci_lower_val": 1.0560364487137976,
    "mae_ci_upper_val": 1.066939461986214,
    "mae_samperror_val": 0.005451506636208225,
    "mae_t_critical_val": 1.965927295920882,
    "mae_df_val": 399,
    "d2mae_mean_val": -0.001724920326155771,
    "d2mae_std_val": 0.015737298048488634,
    "d2mae_ci_lower_val": -0.003271839516034083,
    "d2mae_ci_upper_val": -0.00017800113627745927,
    "d2mae_samperror_val": 0.0015469191898783118,
    "d2mae_t_critical_val": 1.965927295920882,
    "d2mae_df_val": 399,
    "rmse_mean_val": 1.38896722079241,
    "rmse_std_val": 0.07840164205634231,
    "rmse_ci_lower_val": 1.381260624384231,
    "rmse_ci_upper_val": 1.396673817200589,
    "rmse_samperror_val": 0.007706596408179098,
    "rmse_t_critical_val": 1.965927295920882,
    "rmse_df_val": 399,
    "mape_mean_val": 368780239110360.3,
    "mape_std_val": 267938829433431.28,
    "mape_ci_lower_val": 342442826189346.7,
    "mape_ci_upper_val": 395117652031373.94,
    "mape_samperror_val": 26337412921013.6,
    "mape_t_critical_val": 1.965927295920882,
    "mape_df_val": 399,
    "r2_mean_val": -0.011869665265948482,
    "r2_std_val": 0.04809354328240933,
    "r2_ci_lower_val": -0.016597085740770526,
    "r2_ci_upper_val": -0.0071422447911264385,
    "r2_samperror_val": 0.004727420474822043,
    "r2_t_critical_val": 1.965927295920882,
    "r2_df_val": 399,
    "median_ae_mean_val": 0.9999846747810207,
    "median_ae_std_val": 0.00030650437958565553,
    "median_ae_ci_lower_val": 0.9999545465147134,
    "median_ae_ci_upper_val": 1.0000148030473281,
    "median_ae_samperror_val": 3.012826630733677e-05,
    "median_ae_t_critical_val": 1.965927295920882,
    "median_ae_df_val": 399,
    "max_error_mean_val": 3.196088411859208,
    "max_error_std_val": 0.4041518206931282,
    "max_error_ci_lower_val": 3.156361757059371,
    "max_error_ci_upper_val": 3.235815066659045,
    "max_error_samperror_val": 0.039726654799837134,
    "max_error_t_critical_val": 1.965927295920882,
    "max_error_df_val": 399,
    "rho_mean_val": 0.0689948741217335,
    "rho_std_val": 0.12995433535653866,
    "rho_ci_lower_val": 0.052073620208268966,
    "rho_ci_upper_val": 0.08591612803519802,
    "rho_samperror_val": 0.01692125391346453,
    "rho_t_critical_val": 1.9704231946745232,
    "rho_df_val": 228,
    "r2_below_zero_val": 0.635
  },
  "test_summary": {
    "n_splits_test": 400,
    "mae_mean_test": 1.0226824658216283,
    "mae_std_test": 0.08114043582519344,
    "mae_ci_lower_test": 1.014706655942045,
    "mae_ci_upper_test": 1.0306582757012115,
    "mae_samperror_test": 0.007975809879583219,
    "mae_t_critical_test": 1.965927295920882,
    "mae_df_test": 399,
    "d2mae_mean_test": -0.006231399260849181,
    "d2mae_std_test": 0.029209305982387242,
    "d2mae_ci_lower_test": -0.00910256785713319,
    "d2mae_ci_upper_test": -0.0033602306645651716,
    "d2mae_samperror_test": 0.0028711685962840095,
    "d2mae_t_critical_test": 1.965927295920882,
    "d2mae_df_test": 399,
    "rmse_mean_test": 1.351610482873535,
    "rmse_std_test": 0.12152823063884924,
    "rmse_ci_lower_test": 1.3396646995816408,
    "rmse_ci_upper_test": 1.363556266165429,
    "rmse_samperror_test": 0.011945783291894108,
    "rmse_t_critical_test": 1.965927295920882,
    "rmse_df_test": 399,
    "mape_mean_test": 379607722372031.8,
    "mape_std_test": 403929129450833.06,
    "mape_ci_lower_test": 339902957311784.2,
    "mape_ci_upper_test": 419312487432279.44,
    "mape_samperror_test": 39704765060247.61,
    "mape_t_critical_test": 1.965927295920882,
    "mape_df_test": 399,
    "r2_mean_test": -0.026837411850416153,
    "r2_std_test": 0.08903442474887818,
    "r2_ci_lower_test": -0.03558917214493782,
    "r2_ci_upper_test": -0.018085651555894484,
    "r2_samperror_test": 0.008751760294521667,
    "r2_t_critical_test": 1.965927295920882,
    "r2_df_test": 399,
    "median_ae_mean_test": 0.998587215125226,
    "median_ae_std_test": 0.008311243250027217,
    "median_ae_ci_lower_test": 0.9977702501268126,
    "median_ae_ci_upper_test": 0.9994041801236393,
    "median_ae_samperror_test": 0.0008169649984133345,
    "median_ae_t_critical_test": 1.965927295920882,
    "median_ae_df_test": 399,
    "max_error_mean_test": 3.0485561809681543,
    "max_error_std_test": 0.4721630024338083,
    "max_error_ci_lower_test": 3.0021442742377253,
    "max_error_ci_upper_test": 3.0949680876985832,
    "max_error_samperror_test": 0.04641190673042908,
    "max_error_t_critical_test": 1.965927295920882,
    "max_error_df_test": 399,
    "rho_mean_test": 0.06332375909595263,
    "rho_std_test": 0.1811102117393958,
    "rho_ci_lower_test": 0.039741537919909004,
    "rho_ci_upper_test": 0.08690598027199625,
    "rho_samperror_test": 0.02358222117604362,
    "rho_t_critical_test": 1.9704231946745232,
    "rho_df_test": 228,
    "r2_below_zero_test": 0.6725
  },
  "selected_features": [
    "edges_T6W40",
    "re_T6W40",
    "pe_T6W40",
    "l1_T6W40",
    "l2_T6W40",
    "l3_T6W40",
    "lcc_T6W40",
    "lsc_T6W40",
    "atd_T6W40",
    "density_T6W40",
    "diameter_T6W40",
    "asp_T6W40"
  ]
}