{
  "best_trial_number": 28,
  "best_value_internal_minimized": 1.0591183841957834,
  "best_params": {
    "regressor": "SVR",
    "svr_kernel": "rbf",
    "svr_C": 0.0013706544029599493,
    "svr_epsilon": 62.08689679853959,
    "svr_gamma": "auto",
    "rfe_proxy_type": "LinearSVC",
    "rfe_proxy_svc_C": 7.604331145003303,
    "rfe_n_features": 9
  },
  "best_metadata": {
    "regressor": "SVR",
    "use_scaler": true,
    "rfe_estimator": {
      "mode": "proxy",
      "type": "LinearSVC",
      "C": 7.604331145003303,
      "epsilon": 62.08689679853959
    },
    "n_candidate_features": 13,
    "rfe_n_features": 9,
    "rfe_selected_features": [
      "l1_T6W40",
      "l2_T6W40",
      "l3_T6W40",
      "lcc_T6W40",
      "lsc_T6W40",
      "atd_T6W40",
      "density_T6W40",
      "diameter_T6W40",
      "asp_T6W40"
    ]
  },
  "validation_summary": {
    "n_splits_val": 400,
    "mae_mean_val": 1.0590686274509802,
    "mae_std_val": 0.05605503313188555,
    "mae_ci_lower_val": 1.053558621465594,
    "mae_ci_upper_val": 1.0645786334363663,
    "mae_samperror_val": 0.00551000598538616,
    "mae_t_critical_val": 1.965927295920882,
    "mae_df_val": 399,
    "d2mae_mean_val": 0.0,
    "d2mae_std_val": 0.0,
    "d2mae_ci_lower_val": 0.0,
    "d2mae_ci_upper_val": 0.0,
    "d2mae_samperror_val": 0.0,
    "d2mae_t_critical_val": 1.965927295920882,
    "d2mae_df_val": 399,
    "rmse_mean_val": 1.3843441769016738,
    "rmse_std_val": 0.07814388039722295,
    "rmse_ci_lower_val": 1.37666291752757,
    "rmse_ci_upper_val": 1.3920254362757776,
    "rmse_samperror_val": 0.007681259374103867,
    "rmse_t_critical_val": 1.965927295920882,
    "rmse_df_val": 399,
    "mape_mean_val": 378169909886552.4,
    "mape_std_val": 270469040405725.75,
    "mape_ci_lower_val": 351583786424795.2,
    "mape_ci_upper_val": 404756033348309.56,
    "mape_samperror_val": 26586123461757.21,
    "mape_t_critical_val": 1.965927295920882,
    "mape_df_val": 399,
    "r2_mean_val": -0.003094138766335947,
    "r2_std_val": 0.0036707962669255906,
    "r2_ci_lower_val": -0.003454964695281622,
    "r2_ci_upper_val": -0.0027333128373902725,
    "r2_samperror_val": 0.0003608259289456747,
    "r2_t_critical_val": 1.965927295920882,
    "r2_df_val": 399,
    "median_ae_mean_val": 1.0,
    "median_ae_std_val": 0.0,
    "median_ae_ci_lower_val": 1.0,
    "median_ae_ci_upper_val": 1.0,
    "median_ae_samperror_val": 0.0,
    "median_ae_t_critical_val": 1.965927295920882,
    "median_ae_df_val": 399,
    "max_error_mean_val": 2.9975,
    "max_error_std_val": 0.05,
    "max_error_ci_lower_val": 2.992585181760198,
    "max_error_ci_upper_val": 3.002414818239802,
    "max_error_samperror_val": 0.0049148182398022055,
    "max_error_t_critical_val": 1.965927295920882,
    "max_error_df_val": 399,
    "rho_mean_val": NaN,
    "rho_std_val": NaN,
    "rho_ci_lower_val": NaN,
    "rho_ci_upper_val": NaN,
    "rho_samperror_val": NaN,
    "rho_t_critical_val": NaN,
    "rho_df_val": NaN,
    "r2_below_zero_val": 0.9075
  },
  "test_summary": {
    "n_splits_test": 400,
    "mae_mean_test": 1.0172115384615383,
    "mae_std_test": 0.07587725298810895,
    "mae_ci_lower_test": 1.0097530803220975,
    "mae_ci_upper_test": 1.0246699966009791,
    "mae_samperror_test": 0.0074584581394408845,
    "mae_t_critical_test": 1.965927295920882,
    "mae_df_test": 399,
    "d2mae_mean_test": 0.0,
    "d2mae_std_test": 0.0,
    "d2mae_ci_lower_test": 0.0,
    "d2mae_ci_upper_test": 0.0,
    "d2mae_samperror_test": 0.0,
    "d2mae_t_critical_test": 1.965927295920882,
    "d2mae_df_test": 399,
    "rmse_mean_test": 1.3396286760873668,
    "rmse_std_test": 0.1098170070006975,
    "rmse_ci_lower_test": 1.3288340635064164,
    "rmse_ci_upper_test": 1.3504232886683172,
    "rmse_samperror_test": 0.010794612580950292,
    "rmse_t_critical_test": 1.965927295920882,
    "rmse_df_test": 399,
    "mape_mean_test": 380640776197949.06,
    "mape_std_test": 398271465563454.25,
    "mape_ci_lower_test": 341492138931068.6,
    "mape_ci_upper_test": 419789413464829.5,
    "mape_samperror_test": 39148637266880.414,
    "mape_t_critical_test": 1.965927295920882,
    "mape_df_test": 399,
    "r2_mean_test": -0.007081813165119219,
    "r2_std_test": 0.007584659473455594,
    "r2_ci_lower_test": -0.007827357619575781,
    "r2_ci_upper_test": -0.006336268710662656,
    "r2_samperror_test": 0.0007455444544565628,
    "r2_t_critical_test": 1.965927295920882,
    "r2_df_test": 399,
    "median_ae_mean_test": 1.0,
    "median_ae_std_test": 0.0,
    "median_ae_ci_lower_test": 1.0,
    "median_ae_ci_upper_test": 1.0,
    "median_ae_samperror_test": 0.0,
    "median_ae_t_critical_test": 1.965927295920882,
    "median_ae_df_test": 399,
    "max_error_mean_test": 2.89,
    "max_error_std_test": 0.3132816040059188,
    "max_error_ci_lower_test": 2.8592055571687447,
    "max_error_ci_upper_test": 2.9207944428312556,
    "max_error_samperror_test": 0.030794442831255625,
    "max_error_t_critical_test": 1.965927295920882,
    "max_error_df_test": 399,
    "rho_mean_test": NaN,
    "rho_std_test": NaN,
    "rho_ci_lower_test": NaN,
    "rho_ci_upper_test": NaN,
    "rho_samperror_test": NaN,
    "rho_t_critical_test": NaN,
    "rho_df_test": NaN,
    "r2_below_zero_test": 0.9
  },
  "selected_features": [
    "l1_T6W40",
    "l2_T6W40",
    "l3_T6W40",
    "lcc_T6W40",
    "lsc_T6W40",
    "atd_T6W40",
    "density_T6W40",
    "diameter_T6W40",
    "asp_T6W40"
  ]
}