set,r2_mean,r2_std,r2_ci_lower,r2_ci_upper,rmse_mean,rmse_std,rmse_ci_lower,rmse_ci_upper,mae_mean,mae_std,mae_ci_lower,mae_ci_upper,rho_mean,rho_std,rho_ci_lower,rho_ci_upper,r2_below_zero
TEST,-0.0074205551745207664,0.0383215186090018,-0.0111874211472496,-0.0036536892017919338,3.510666458455903,0.2848101987264068,3.4826706512642582,3.538662265647548,2.9244144745205767,0.18704425636703517,2.9060287040637176,2.9428002449774358,0.08815634444696599,0.192790423030564,0.06920574669557,0.10710694219836198,0.4825
