set,r2_mean,r2_std,r2_ci_lower,r2_ci_upper,rmse_mean,rmse_std,rmse_ci_lower,rmse_ci_upper,mae_mean,mae_std,mae_ci_lower,mae_ci_upper,rho_mean,rho_std,rho_ci_lower,rho_ci_upper,r2_below_zero
VALIDATION,-0.004436870184148419,0.025107486778479043,-0.006904844863637648,-0.001968895504659189,3.4924349435097595,0.1929113742648091,3.4734724566917197,3.5113974303277993,2.9091973855500224,0.12609310260756015,2.8968028919378446,2.9215918791622,0.0855404585157088,0.12016747049286698,0.07372843299952409,0.0973524840318935,0.4075
