set,r2_mean,r2_std,r2_ci_lower,r2_ci_upper,rmse_mean,rmse_std,rmse_ci_lower,rmse_ci_upper,mae_mean,mae_std,mae_ci_lower,mae_ci_upper,rho_mean,rho_std,rho_ci_lower,rho_ci_upper,r2_below_zero
TEST,-0.02013690717282901,0.07541183739275112,-0.027549616651126832,-0.012724197694531189,2.2195667624855564,0.23340422152394566,2.196623975981702,2.242509548989411,1.717410452168381,0.15149925356934912,1.7025186262732,1.7323022780635622,0.051072844191161086,0.21057655044939522,0.030373934770694753,0.07177175361162742,0.575
