set,r2_mean,r2_std,r2_ci_lower,r2_ci_upper,rmse_mean,rmse_std,rmse_ci_lower,rmse_ci_upper,mae_mean,mae_std,mae_ci_lower,mae_ci_upper,rho_mean,rho_std,rho_ci_lower,rho_ci_upper,r2_below_zero
VALIDATION,-0.012075062728860608,0.03715550746697116,-0.015727314045016146,-0.00842281141270507,2.2517463422112645,0.1487634124965176,2.2371234395482023,2.2663692448743267,1.7463929899108392,0.09516320970779416,1.7370387923342394,1.755747187487439,0.04763937448577577,0.1208405968876295,0.03576118309193763,0.05951756587961391,0.585
