set,r2_mean,r2_std,r2_ci_lower,r2_ci_upper,rmse_mean,rmse_std,rmse_ci_lower,rmse_ci_upper,mae_mean,mae_std,mae_ci_lower,mae_ci_upper,rho_mean,rho_std,rho_ci_lower,rho_ci_upper,r2_below_zero
VALIDATION,-0.016086817270261625,0.02182007252308566,-0.01823165107886699,-0.01394198346165626,1.3550643983314459,0.0763530063015993,1.3475591753707492,1.3625696212921425,1.050501448800282,0.05350475075648543,1.045242126301601,1.055760771298963,-0.12069871332661666,0.11747558817672898,-0.13224613659666626,-0.10915129005656707,0.915
