set,r2_mean,r2_std,r2_ci_lower,r2_ci_upper,rmse_mean,rmse_std,rmse_ci_lower,rmse_ci_upper,mae_mean,mae_std,mae_ci_lower,mae_ci_upper,rho_mean,rho_std,rho_ci_lower,rho_ci_upper,r2_below_zero
TEST,-0.017275212560297955,0.028108195615686744,-0.020038146010296066,-0.014512279110299845,1.343952965498527,0.11729864345821858,1.3324229352510768,1.355482995745977,1.0297500564499422,0.08628285697032483,1.0212687652655423,1.038231347634342,-0.10563395208730025,0.18337333776951703,-0.1236588845905609,-0.0876090195840396,0.85
