target,window,set,metric,mean,std,ci_lower,ci_upper,t_critical,df,significant
MOT_V4,T2W10,VALIDATION,R2,-0.001813,0.039281,-0.005674,0.002048,1.9659,399,False
MOT_V4,T2W10,VALIDATION,RMSE,3.48163,0.16783,3.465133,3.498128,1.9659,399,True
MOT_V4,T2W10,VALIDATION,MAE,2.87702,0.125022,2.864731,2.889309,1.9659,399,True
MOT_V4,T2W10,VALIDATION,rho,0.095903,0.137762,0.082361,0.109444,1.9659,399,True
MOT_V4,T2W10,TEST,R2,-0.005637,0.059019,-0.011438,0.000165,1.9659,399,False
MOT_V4,T2W10,TEST,RMSE,3.449112,0.251324,3.424408,3.473816,1.9659,399,True
MOT_V4,T2W10,TEST,MAE,2.851873,0.183201,2.833865,2.869881,1.9659,399,True
MOT_V4,T2W10,TEST,rho,0.094707,0.207022,0.074357,0.115056,1.9659,399,True
