set,r2_mean,r2_std,r2_ci_lower,r2_ci_upper,rmse_mean,rmse_std,rmse_ci_lower,rmse_ci_upper,mae_mean,mae_std,mae_ci_lower,mae_ci_upper,rho_mean,rho_std,rho_ci_lower,rho_ci_upper,r2_below_zero
TEST,-0.0056367028700082525,0.05901873284631221,-0.011438029763669626,0.00016462402365312236,3.4491117631650536,0.2513240657709464,3.424407521114008,3.4738160052160993,2.8518727079261805,0.1832013599517639,2.8338646802172307,2.8698807356351304,0.09470681256191323,0.20702197711234233,0.07435730477888014,0.11505632034494631,0.43
