set,r2_mean,r2_std,r2_ci_lower,r2_ci_upper,rmse_mean,rmse_std,rmse_ci_lower,rmse_ci_upper,mae_mean,mae_std,mae_ci_lower,mae_ci_upper,rho_mean,rho_std,rho_ci_lower,rho_ci_upper,r2_below_zero
VALIDATION,-0.0018127724217170853,0.039281476771553386,-0.0056739987921810295,0.0020484539487468584,3.4816304738656654,0.16783032730854744,3.465133362788705,3.4981275849426257,2.877019754302789,0.12502214733135694,2.864730531701121,2.8893089769044566,0.09590259112144063,0.13776166470524406,0.08236112027266365,0.10944406197021761,0.35
