set,r2_mean,r2_std,r2_ci_lower,r2_ci_upper,rmse_mean,rmse_std,rmse_ci_lower,rmse_ci_upper,mae_mean,mae_std,mae_ci_lower,mae_ci_upper,rho_mean,rho_std,rho_ci_lower,rho_ci_upper,r2_below_zero
TEST,-0.007412964724574108,0.06182708176141902,-0.013490342107669397,-0.00133558734147882,2.172045788000395,0.2772834063189137,2.1447898371409813,2.1993017388598086,1.6908534043858707,0.19384149595350572,1.671799489987014,1.7099073187847273,0.11905484168988231,0.19131052933744222,0.10024971210880479,0.13785997127095984,0.49
