set,r2_mean,r2_std,r2_ci_lower,r2_ci_upper,rmse_mean,rmse_std,rmse_ci_lower,rmse_ci_upper,mae_mean,mae_std,mae_ci_lower,mae_ci_upper,rho_mean,rho_std,rho_ci_lower,rho_ci_upper,r2_below_zero
VALIDATION,-0.004820614886651988,0.047378189026631407,-0.00947771863858968,-0.00016351113471429427,2.2467305480216426,0.19011846816293837,2.2280425937206334,2.265418502322652,1.7534974634016287,0.127500829610248,1.7409645953424615,1.766030331460796,0.12887559450382427,0.12044929700448329,0.11703586646604452,0.14071532254160402,0.415
