set,r2_mean,r2_std,r2_ci_lower,r2_ci_upper,rmse_mean,rmse_std,rmse_ci_lower,rmse_ci_upper,mae_mean,mae_std,mae_ci_lower,mae_ci_upper,rho_mean,rho_std,rho_ci_lower,rho_ci_upper,r2_below_zero
TEST,-0.0074891686023044034,0.023906621882701786,-0.009839102627927549,-0.005139234576681258,3.483358474803156,0.2710667882609583,3.456713594900165,3.510003354706147,2.8887865686642,0.1794810806167008,2.871144230889912,2.9064289064384874,0.04191222385734511,0.18379987907026113,0.02384536389478593,0.059979083819904286,0.5825
