set,r2_mean,r2_std,r2_ci_lower,r2_ci_upper,rmse_mean,rmse_std,rmse_ci_lower,rmse_ci_upper,mae_mean,mae_std,mae_ci_lower,mae_ci_upper,rho_mean,rho_std,rho_ci_lower,rho_ci_upper,r2_below_zero
VALIDATION,-0.0066845620827999455,0.018626158871315527,-0.00851544578996385,-0.0048536783756360415,3.4454981567154084,0.17763509796230637,3.4280372723255246,3.462959041105292,2.855883103142388,0.11365893783112235,2.844710842727009,2.8670553635577667,0.030065542751837256,0.12133203428052336,0.018139044848752804,0.04199204065492171,0.6125
