{
  "best_trial_number": 188,
  "best_value_internal_minimized": 2.8139361430502006,
  "best_params": {
    "regressor": "QuantileRegressor",
    "use_scaler": true,
    "quantile_alpha": 0.009610996297600935,
    "rfe_n_features": 3
  },
  "best_metadata": {
    "regressor": "QuantileRegressor",
    "use_scaler": true,
    "rfe_estimator": {
      "mode": "original",
      "type": "QuantileRegressor"
    },
    "n_candidate_features": 13,
    "rfe_n_features": 3,
    "rfe_selected_features": [
      "l1_T6W40",
      "density_T6W40",
      "asp_T6W40"
    ]
  },
  "validation_summary": {
    "n_splits_val": 400,
    "mae_mean_val": 2.800730600481846,
    "mae_std_val": 0.1384413715294867,
    "mae_ci_lower_val": 2.787122316923119,
    "mae_ci_upper_val": 2.8143388840405734,
    "mae_samperror_val": 0.013608283558727098,
    "mae_t_critical_val": 1.965927295920882,
    "mae_df_val": 399,
    "d2mae_mean_val": 0.006439269642391248,
    "d2mae_std_val": 0.030187298689867356,
    "d2mae_ci_lower_val": 0.0034719679181649025,
    "d2mae_ci_upper_val": 0.009406571366617593,
    "d2mae_samperror_val": 0.0029673017242263454,
    "d2mae_t_critical_val": 1.965927295920882,
    "d2mae_df_val": 399,
    "rmse_mean_val": 3.456083696987363,
    "rmse_std_val": 0.19409394192418744,
    "rmse_ci_lower_val": 3.437004968067281,
    "rmse_ci_upper_val": 3.475162425907445,
    "rmse_samperror_val": 0.019078728920082125,
    "rmse_t_critical_val": 1.965927295920882,
    "rmse_df_val": 399,
    "mape_mean_val": 895762832122553.0,
    "mape_std_val": 513310681945274.0,
    "mape_ci_lower_val": 845306258076354.1,
    "mape_ci_upper_val": 946219406168751.9,
    "mape_samperror_val": 50456574046198.82,
    "mape_t_critical_val": 1.965927295920882,
    "mape_df_val": 399,
    "r2_mean_val": -0.005063009254458811,
    "r2_std_val": 0.0580517339107024,
    "r2_ci_lower_val": -0.010769283667988098,
    "r2_ci_upper_val": 0.000643265159070476,
    "r2_samperror_val": 0.005706274413529287,
    "r2_t_critical_val": 1.965927295920882,
    "r2_df_val": 399,
    "median_ae_mean_val": 2.527386810871873,
    "median_ae_std_val": 0.18048375551727483,
    "median_ae_ci_lower_val": 2.509645913799787,
    "median_ae_ci_upper_val": 2.5451277079439594,
    "median_ae_samperror_val": 0.017740897072086082,
    "median_ae_t_critical_val": 1.965927295920882,
    "median_ae_df_val": 399,
    "max_error_mean_val": 8.671935888359982,
    "max_error_std_val": 1.0075424945590163,
    "max_error_ci_lower_val": 8.572898123767294,
    "max_error_ci_upper_val": 8.770973652952671,
    "max_error_samperror_val": 0.09903776459268936,
    "max_error_t_critical_val": 1.965927295920882,
    "max_error_df_val": 399,
    "rho_mean_val": 0.13256411051786976,
    "rho_std_val": 0.13036037650514593,
    "rho_ci_lower_val": 0.11953538070033026,
    "rho_ci_upper_val": 0.14559284033540926,
    "rho_samperror_val": 0.013028729817539502,
    "rho_t_critical_val": 1.966128752893327,
    "rho_df_val": 386,
    "r2_below_zero_val": 0.4825
  },
  "test_summary": {
    "n_splits_test": 400,
    "mae_mean_test": 2.8088492042846265,
    "mae_std_test": 0.21252285595606324,
    "mae_ci_lower_test": 2.787958980108072,
    "mae_ci_upper_test": 2.8297394284611808,
    "mae_samperror_test": 0.020890224176554326,
    "mae_t_critical_test": 1.965927295920882,
    "mae_df_test": 399,
    "d2mae_mean_test": 0.004279174224732986,
    "d2mae_std_test": 0.04510824167487794,
    "d2mae_ci_lower_test": -0.0001548019542489355,
    "d2mae_ci_upper_test": 0.008713150403714908,
    "d2mae_samperror_test": 0.004433976178981921,
    "d2mae_t_critical_test": 1.965927295920882,
    "d2mae_df_test": 399,
    "rmse_mean_test": 3.4536968884213763,
    "rmse_std_test": 0.3045506843437655,
    "rmse_ci_lower_test": 3.4237606632542366,
    "rmse_ci_upper_test": 3.483633113588516,
    "rmse_samperror_test": 0.029936225167139646,
    "rmse_t_critical_test": 1.965927295920882,
    "rmse_df_test": 399,
    "mape_mean_test": 949192490337388.8,
    "mape_std_test": 788773302963018.4,
    "mape_ci_lower_test": 871658942007955.2,
    "mape_ci_upper_test": 1026726038666822.2,
    "mape_samperror_test": 77533548329433.47,
    "mape_t_critical_test": 1.965927295920882,
    "mape_df_test": 399,
    "r2_mean_test": 0.0016939023256581504,
    "r2_std_test": 0.08314061474797428,
    "r2_ci_lower_test": -0.006478517870976093,
    "r2_ci_upper_test": 0.009866322522292394,
    "r2_samperror_test": 0.008172420196634243,
    "r2_t_critical_test": 1.965927295920882,
    "r2_df_test": 399,
    "median_ae_mean_test": 2.531174009156521,
    "median_ae_std_test": 0.2542858719792196,
    "median_ae_ci_lower_test": 2.5061786323219715,
    "median_ae_ci_upper_test": 2.5561693859910704,
    "median_ae_samperror_test": 0.024995376834549537,
    "median_ae_t_critical_test": 1.965927295920882,
    "median_ae_df_test": 399,
    "max_error_mean_test": 7.933367670149539,
    "max_error_std_test": 1.3064896044186245,
    "max_error_ci_lower_test": 7.804944491391367,
    "max_error_ci_upper_test": 8.061790848907712,
    "max_error_samperror_test": 0.12842317875817247,
    "max_error_t_critical_test": 1.965927295920882,
    "max_error_df_test": 399,
    "rho_mean_test": 0.14241703328513208,
    "rho_std_test": 0.19497558498449286,
    "rho_ci_lower_test": 0.12293040486411497,
    "rho_ci_upper_test": 0.1619036617061492,
    "rho_samperror_test": 0.019486628421017123,
    "rho_t_critical_test": 1.966128752893327,
    "rho_df_test": 386,
    "r2_below_zero_test": 0.4725
  },
  "selected_features": [
    "l1_T6W40",
    "density_T6W40",
    "asp_T6W40"
  ]
}