{
  "best_trial_number": 96,
  "best_value_internal_minimized": 2.8022569835248192,
  "best_params": {
    "regressor": "Ridge",
    "use_scaler": true,
    "ridge_alpha": 0.40336877741684274,
    "ridge_solver": "svd",
    "rfe_n_features": 3
  },
  "best_metadata": {
    "regressor": "Ridge",
    "use_scaler": true,
    "rfe_estimator": {
      "mode": "original",
      "type": "Ridge"
    },
    "n_candidate_features": 13,
    "rfe_n_features": 3,
    "rfe_selected_features": [
      "nodes_T6W40",
      "lcc_T6W40",
      "lsc_T6W40"
    ]
  },
  "validation_summary": {
    "n_splits_val": 400,
    "mae_mean_val": 2.8029386672551726,
    "mae_std_val": 0.12878072825703857,
    "mae_ci_lower_val": 2.7902799898117183,
    "mae_ci_upper_val": 2.815597344698627,
    "mae_samperror_val": 0.012658677443454088,
    "mae_t_critical_val": 1.965927295920882,
    "mae_df_val": 399,
    "d2mae_mean_val": 0.001994206271439887,
    "d2mae_std_val": 0.02645520915418033,
    "d2mae_ci_lower_val": -0.0006062446183350678,
    "d2mae_ci_upper_val": 0.004594657161214842,
    "d2mae_samperror_val": 0.002600450889774955,
    "d2mae_t_critical_val": 1.965927295920882,
    "d2mae_df_val": 399,
    "rmse_mean_val": 3.423270246406769,
    "rmse_std_val": 0.18679514263308458,
    "rmse_ci_lower_val": 3.404908962924378,
    "rmse_ci_upper_val": 3.4416315298891598,
    "rmse_samperror_val": 0.018361283482390772,
    "rmse_t_critical_val": 1.965927295920882,
    "rmse_df_val": 399,
    "mape_mean_val": 891108278341798.8,
    "mape_std_val": 525320911985844.8,
    "mape_ci_lower_val": 839471142342247.6,
    "mape_ci_upper_val": 942745414341349.9,
    "mape_samperror_val": 51637135999551.18,
    "mape_t_critical_val": 1.965927295920882,
    "mape_df_val": 399,
    "r2_mean_val": 0.008080226618640673,
    "r2_std_val": 0.047806356135912685,
    "r2_ci_lower_val": 0.0033810355963353987,
    "r2_ci_upper_val": 0.012779417640945947,
    "r2_samperror_val": 0.004699191022305274,
    "r2_t_critical_val": 1.965927295920882,
    "r2_df_val": 399,
    "median_ae_mean_val": 2.5038347948186783,
    "median_ae_std_val": 0.19904706123663984,
    "median_ae_ci_lower_val": 2.484269192275781,
    "median_ae_ci_upper_val": 2.5234003973615757,
    "median_ae_samperror_val": 0.019565602542897277,
    "median_ae_t_critical_val": 1.965927295920882,
    "median_ae_df_val": 399,
    "max_error_mean_val": 8.266031280415813,
    "max_error_std_val": 1.083483969126046,
    "max_error_ci_lower_val": 8.159528744935933,
    "max_error_ci_upper_val": 8.372533815895693,
    "max_error_samperror_val": 0.1065025354798796,
    "max_error_t_critical_val": 1.965927295920882,
    "max_error_df_val": 399,
    "rho_mean_val": 0.1481837488647433,
    "rho_std_val": 0.12378372100774047,
    "rho_ci_lower_val": 0.1360162590687547,
    "rho_ci_upper_val": 0.16035123866073192,
    "rho_samperror_val": 0.012167489795988605,
    "rho_t_critical_val": 1.965927295920882,
    "rho_df_val": 399,
    "r2_below_zero_val": 0.3125
  },
  "test_summary": {
    "n_splits_test": 400,
    "mae_mean_test": 2.8451033112708877,
    "mae_std_test": 0.185760529662433,
    "mae_ci_lower_test": 2.826843726482483,
    "mae_ci_upper_test": 2.8633628960592925,
    "mae_samperror_test": 0.018259584788404885,
    "mae_t_critical_test": 1.965927295920882,
    "mae_df_test": 399,
    "d2mae_mean_test": -0.007674596182404058,
    "d2mae_std_test": 0.04118674016227112,
    "d2mae_ci_lower_test": -0.011723103018154539,
    "d2mae_ci_upper_test": -0.0036260893466535755,
    "d2mae_samperror_test": 0.004048506835750482,
    "d2mae_t_critical_test": 1.965927295920882,
    "d2mae_df_test": 399,
    "rmse_mean_test": 3.4554332718787593,
    "rmse_std_test": 0.2665847575885551,
    "rmse_ci_lower_test": 3.42922895929777,
    "rmse_ci_upper_test": 3.4816375844597487,
    "rmse_samperror_test": 0.026204312580989597,
    "rmse_t_critical_test": 1.965927295920882,
    "rmse_df_test": 399,
    "mape_mean_test": 1040080332148278.8,
    "mape_std_test": 804714030117137.2,
    "mape_ci_lower_test": 960979868287389.8,
    "mape_ci_upper_test": 1119180796009167.8,
    "mape_samperror_test": 79100463860888.94,
    "mape_t_critical_test": 1.965927295920882,
    "mape_df_test": 399,
    "r2_mean_test": 0.0039640314810933525,
    "r2_std_test": 0.07192513115027943,
    "r2_ci_lower_test": -0.0031059474484578294,
    "r2_ci_upper_test": 0.011034010410644534,
    "r2_samperror_test": 0.007069978929551182,
    "r2_t_critical_test": 1.965927295920882,
    "r2_df_test": 399,
    "median_ae_mean_test": 2.562433818046788,
    "median_ae_std_test": 0.2570153100512597,
    "median_ae_ci_lower_test": 2.537170147371821,
    "median_ae_ci_upper_test": 2.587697488721755,
    "median_ae_samperror_test": 0.025263670674967004,
    "median_ae_t_critical_test": 1.965927295920882,
    "median_ae_df_test": 399,
    "max_error_mean_test": 7.604184735424513,
    "max_error_std_test": 1.2771869495900892,
    "max_error_ci_lower_test": 7.478641901114859,
    "max_error_ci_upper_test": 7.729727569734168,
    "max_error_samperror_test": 0.12554283430965418,
    "max_error_t_critical_test": 1.965927295920882,
    "max_error_df_test": 399,
    "rho_mean_test": 0.14664495946358197,
    "rho_std_test": 0.19486803686119036,
    "rho_ci_lower_test": 0.12749013982518542,
    "rho_ci_upper_test": 0.16579977910197852,
    "rho_samperror_test": 0.019154819638396537,
    "rho_t_critical_test": 1.965927295920882,
    "rho_df_test": 399,
    "r2_below_zero_test": 0.4325
  },
  "selected_features": [
    "nodes_T6W40",
    "lcc_T6W40",
    "lsc_T6W40"
  ]
}