{
  "mean_abs_shap": {
    "nodes_T6W40": 1.1800038814128382,
    "lcc_T6W40": 1.8625599549353768,
    "lsc_T6W40": 0.32961772067436695
  },
  "mean_shap": {
    "nodes_T6W40": 0.052777743612836894,
    "lcc_T6W40": -0.050163202573284334,
    "lsc_T6W40": -0.01600011488882456
  },
  "regressor": "Ridge",
  "n_subjects": 252,
  "n_features": 3
}