target,window,set,metric,mean,std,ci_lower,ci_upper,t_critical,df,significant
COG,T6W40,VALIDATION,R2,-0.010657,0.050852,-0.015656,-0.005659,1.9659,399,True
COG,T6W40,VALIDATION,RMSE,2.25319,0.192225,2.234295,2.272085,1.9659,399,True
COG,T6W40,VALIDATION,MAE,1.756261,0.12843,1.743637,1.768885,1.9659,399,True
COG,T6W40,VALIDATION,rho,0.094343,0.128663,0.081696,0.10699,1.9659,399,True
COG,T6W40,TEST,R2,-0.009382,0.068301,-0.016096,-0.002669,1.9659,399,True
COG,T6W40,TEST,RMSE,2.173716,0.277279,2.146461,2.200972,1.9659,399,True
COG,T6W40,TEST,MAE,1.688694,0.193359,1.669687,1.7077,1.9659,399,True
COG,T6W40,TEST,rho,0.095829,0.196375,0.076526,0.115132,1.9659,399,True
