set,r2_mean,r2_std,r2_ci_lower,r2_ci_upper,rmse_mean,rmse_std,rmse_ci_lower,rmse_ci_upper,mae_mean,mae_std,mae_ci_lower,mae_ci_upper,rho_mean,rho_std,rho_ci_lower,rho_ci_upper,r2_below_zero
VALIDATION,-0.01065718061524279,0.05085168507119889,-0.015655716401494903,-0.005658644828990675,2.2531895881324773,0.19222546498130558,2.2342945237035856,2.272084652561369,1.7562607994706922,0.12842984394940976,1.743636612679142,1.7688849862622424,0.09434287833435179,0.12866347918856452,0.08169572604810442,0.10699003062059916,0.51
