set,r2_mean,r2_std,r2_ci_lower,r2_ci_upper,rmse_mean,rmse_std,rmse_ci_lower,rmse_ci_upper,mae_mean,mae_std,mae_ci_lower,mae_ci_upper,rho_mean,rho_std,rho_ci_lower,rho_ci_upper,r2_below_zero
TEST,-0.00938224555290571,0.06830092001788361,-0.01609597770288903,-0.0026685134029223925,2.1737163010798883,0.27727924529334974,2.1464607592341616,2.200971842925615,1.6886937723428843,0.1933589541176393,1.6696872900523554,1.7077002546334132,0.09582907223058344,0.19637523912645152,0.07652610008849937,0.11513204437266751,0.5175
