set,r2_mean,r2_std,r2_ci_lower,r2_ci_upper,rmse_mean,rmse_std,rmse_ci_lower,rmse_ci_upper,mae_mean,mae_std,mae_ci_lower,mae_ci_upper,rho_mean,rho_std,rho_ci_lower,rho_ci_upper,r2_below_zero
TEST,-0.010770320714133497,0.04846733732911045,-0.015534483784928662,-0.006006157643338331,3.5165394919063555,0.2948356486101402,3.487558219435695,3.545520764377016,2.926320129968094,0.1986076791496639,2.906797717087103,2.945842542849085,0.08569061004145379,0.1968987674929655,0.06633617696407378,0.1050450431188338,0.5175
