set,r2_mean,r2_std,r2_ci_lower,r2_ci_upper,rmse_mean,rmse_std,rmse_ci_lower,rmse_ci_upper,mae_mean,mae_std,mae_ci_lower,mae_ci_upper,rho_mean,rho_std,rho_ci_lower,rho_ci_upper,r2_below_zero
VALIDATION,-0.008629923387320075,0.034723440365524744,-0.012043111348463377,-0.005216735426176773,3.4994526292225503,0.19688386366155156,3.48009966113762,3.5188055973074808,2.9113403699426463,0.1331585965899822,2.898251363956508,2.9244293759287845,0.08221520894353007,0.127814666078559,0.06965149190038747,0.09477892598667267,0.475
