set,r2_mean,r2_std,r2_ci_lower,r2_ci_upper,rmse_mean,rmse_std,rmse_ci_lower,rmse_ci_upper,mae_mean,mae_std,mae_ci_lower,mae_ci_upper,rho_mean,rho_std,rho_ci_lower,rho_ci_upper,r2_below_zero
TEST,-0.018314741223112514,0.04803531139635486,-0.023036437715220185,-0.013593044731004842,2.234046148548284,0.2848143864689683,2.206049929716769,2.262042367379799,1.7675529186782075,0.19332427412371136,1.7485498453050128,1.7865559920514023,0.031100119181340008,0.1905225823945946,0.01237244192039657,0.04982779644228345,0.6175
