set,r2_mean,r2_std,r2_ci_lower,r2_ci_upper,rmse_mean,rmse_std,rmse_ci_lower,rmse_ci_upper,mae_mean,mae_std,mae_ci_lower,mae_ci_upper,rho_mean,rho_std,rho_ci_lower,rho_ci_upper,r2_below_zero
VALIDATION,-0.01356269138244512,0.039050627496363385,-0.017401226108342084,-0.009724156656548156,2.2437086448391144,0.18733212504599844,2.2252945779375746,2.262122711740654,1.74078179907052,0.12121178944744802,1.7288671207974124,1.7526964773436278,0.06126915694559432,0.1268648872199609,0.04879879971161206,0.0737395141795766,0.5525
