set,r2_mean,r2_std,r2_ci_lower,r2_ci_upper,rmse_mean,rmse_std,rmse_ci_lower,rmse_ci_upper,mae_mean,mae_std,mae_ci_lower,mae_ci_upper,rho_mean,rho_std,rho_ci_lower,rho_ci_upper,r2_below_zero
VALIDATION,-0.009711978079389127,0.04694012818504475,-0.014326022043039358,-0.005097934115738897,3.4618846762752664,0.16576291627623257,3.445590784187322,3.478178568363211,2.850443981200158,0.11696481528580137,2.8389467650485227,2.861941197351793,0.06212922222332033,0.13611374263729886,0.04874973612328955,0.07550870832335112,0.52
