set,r2_mean,r2_std,r2_ci_lower,r2_ci_upper,rmse_mean,rmse_std,rmse_ci_lower,rmse_ci_upper,mae_mean,mae_std,mae_ci_lower,mae_ci_upper,rho_mean,rho_std,rho_ci_lower,rho_ci_upper,r2_below_zero
TEST,-0.010718666902458871,0.06159507820196434,-0.01677323917904002,-0.004664094625877721,3.5381404902077565,0.25926316686560547,3.5126558633793574,3.5636251170361555,2.9202568003435907,0.19067215338647028,2.901514420797867,2.9389991798893145,0.0559673226428781,0.2023705196611763,0.0360750362182981,0.07585960906745809,0.51
