{
  "best_trial_number": 74,
  "best_value_internal_minimized": 6.437493572863755,
  "best_params": {
    "regressor": "ElasticNet",
    "use_scaler": false,
    "elastic_alpha": 0.30879776293376054,
    "elastic_l1_ratio": 0.5,
    "rfe_n_features": 7
  },
  "best_metadata": {
    "regressor": "ElasticNet",
    "use_scaler": false,
    "rfe_estimator": {
      "mode": "original",
      "type": "ElasticNet"
    },
    "n_candidate_features": 13,
    "rfe_n_features": 7,
    "rfe_selected_features": [
      "re_T6W30",
      "lcc_T6W30",
      "lsc_T6W30",
      "atd_T6W30",
      "density_T6W30",
      "diameter_T6W30",
      "asp_T6W30"
    ]
  },
  "validation_summary": {
    "n_splits_val": 400,
    "mae_mean_val": 6.438802736864696,
    "mae_std_val": 0.2457489459658236,
    "mae_ci_lower_val": 6.414646508823797,
    "mae_ci_upper_val": 6.462958964905596,
    "mae_samperror_val": 0.024156228040899928,
    "mae_t_critical_val": 1.965927295920882,
    "mae_df_val": 399,
    "d2mae_mean_val": -0.002118945671618368,
    "d2mae_std_val": 0.017799713099512445,
    "d2mae_ci_lower_val": -0.003868592763712968,
    "d2mae_ci_upper_val": -0.0003692985795237676,
    "d2mae_samperror_val": 0.0017496470920946002,
    "d2mae_t_critical_val": 1.965927295920882,
    "d2mae_df_val": 399,
    "rmse_mean_val": 7.608764268864183,
    "rmse_std_val": 0.3192556450563768,
    "rmse_ci_lower_val": 7.577382599514525,
    "rmse_ci_upper_val": 7.640145938213841,
    "rmse_samperror_val": 0.03138166934965799,
    "rmse_t_critical_val": 1.965927295920882,
    "rmse_df_val": 399,
    "mape_mean_val": 249225774564253.84,
    "mape_std_val": 491539240949368.3,
    "mape_ci_lower_val": 200909254024324.12,
    "mape_ci_upper_val": 297542295104183.56,
    "mape_samperror_val": 48316520539929.73,
    "mape_t_critical_val": 1.965927295920882,
    "mape_df_val": 399,
    "r2_mean_val": -0.0022036979829873297,
    "r2_std_val": 0.030286429051240012,
    "r2_ci_lower_val": -0.0051807438613775255,
    "r2_ci_upper_val": 0.0007733478954028662,
    "r2_samperror_val": 0.002977045878390196,
    "r2_t_critical_val": 1.965927295920882,
    "r2_df_val": 399,
    "median_ae_mean_val": 6.219891996704803,
    "median_ae_std_val": 0.39009182088224453,
    "median_ae_ci_lower_val": 6.181547388775408,
    "median_ae_ci_upper_val": 6.258236604634197,
    "median_ae_samperror_val": 0.0383446079293942,
    "median_ae_t_critical_val": 1.965927295920882,
    "median_ae_df_val": 399,
    "max_error_mean_val": 16.436841031480142,
    "max_error_std_val": 1.178274397903018,
    "max_error_ci_lower_val": 16.32102094143403,
    "max_error_ci_upper_val": 16.552661121526256,
    "max_error_samperror_val": 0.11582009004611427,
    "max_error_t_critical_val": 1.965927295920882,
    "max_error_df_val": 399,
    "rho_mean_val": 0.08734865112668425,
    "rho_std_val": 0.12650602076440956,
    "rho_ci_lower_val": 0.07491356916072991,
    "rho_ci_upper_val": 0.09978373309263858,
    "rho_samperror_val": 0.012435081965954333,
    "rho_t_critical_val": 1.965927295920882,
    "rho_df_val": 399,
    "r2_below_zero_val": 0.425
  },
  "test_summary": {
    "n_splits_test": 400,
    "mae_mean_test": 6.618570227704646,
    "mae_std_test": 0.392772398617928,
    "mae_ci_lower_test": 6.5799621287282815,
    "mae_ci_upper_test": 6.657178326681011,
    "mae_samperror_test": 0.0386080989763651,
    "mae_t_critical_test": 1.965927295920882,
    "mae_df_test": 399,
    "d2mae_mean_test": -0.007346052594597683,
    "d2mae_std_test": 0.02823369949535548,
    "d2mae_ci_lower_test": -0.010121322619735031,
    "d2mae_ci_upper_test": -0.0045707825694603355,
    "d2mae_samperror_test": 0.002775270025137348,
    "d2mae_t_critical_test": 1.965927295920882,
    "d2mae_df_test": 399,
    "rmse_mean_test": 7.791844236223586,
    "rmse_std_test": 0.49693332302398563,
    "rmse_ci_lower_test": 7.74299749702431,
    "rmse_ci_upper_test": 7.840690975422862,
    "rmse_samperror_test": 0.04884673919927612,
    "rmse_t_critical_test": 1.965927295920882,
    "rmse_df_test": 399,
    "mape_mean_test": 244449915997722.0,
    "mape_std_test": 724381198179443.6,
    "mape_ci_lower_test": 173245877490079.88,
    "mape_ci_upper_test": 315653954505364.1,
    "mape_samperror_test": 71204038507642.11,
    "mape_t_critical_test": 1.965927295920882,
    "mape_df_test": 399,
    "r2_mean_test": -0.004859439072502327,
    "r2_std_test": 0.04412088639151284,
    "r2_ci_lower_test": -0.00919636181636729,
    "r2_ci_upper_test": -0.0005225163286373636,
    "r2_samperror_test": 0.0043369227438649635,
    "r2_t_critical_test": 1.965927295920882,
    "r2_df_test": 399,
    "median_ae_mean_test": 6.387596697185513,
    "median_ae_std_test": 0.5785711862495501,
    "median_ae_ci_lower_test": 6.3307252528014475,
    "median_ae_ci_upper_test": 6.444468141569579,
    "median_ae_samperror_test": 0.056871444384065745,
    "median_ae_t_critical_test": 1.965927295920882,
    "median_ae_df_test": 399,
    "max_error_mean_test": 15.647065758142235,
    "max_error_std_test": 1.6888873602022412,
    "max_error_ci_lower_test": 15.481054270084368,
    "max_error_ci_upper_test": 15.813077246200102,
    "max_error_samperror_test": 0.16601148805786742,
    "max_error_t_critical_test": 1.965927295920882,
    "max_error_df_test": 399,
    "rho_mean_test": 0.07875871898226317,
    "rho_std_test": 0.186780925174947,
    "rho_ci_lower_test": 0.06039883302432396,
    "rho_ci_upper_test": 0.09711860494020237,
    "rho_samperror_test": 0.018359885957939207,
    "rho_t_critical_test": 1.965927295920882,
    "rho_df_test": 399,
    "r2_below_zero_test": 0.4675
  },
  "selected_features": [
    "re_T6W30",
    "lcc_T6W30",
    "lsc_T6W30",
    "atd_T6W30",
    "density_T6W30",
    "diameter_T6W30",
    "asp_T6W30"
  ]
}