{
  "best_trial_number": 8,
  "best_value_internal_minimized": 6.318240072031139,
  "best_params": {
    "regressor": "QuantileRegressor",
    "use_scaler": false,
    "quantile_alpha": 0.03261332783906558,
    "rfe_n_features": 2
  },
  "best_metadata": {
    "regressor": "QuantileRegressor",
    "use_scaler": false,
    "rfe_estimator": {
      "mode": "original",
      "type": "QuantileRegressor"
    },
    "n_candidate_features": 13,
    "rfe_n_features": 2,
    "rfe_selected_features": [
      "nodes_T6W30",
      "asp_T6W30"
    ]
  },
  "validation_summary": {
    "n_splits_val": 400,
    "mae_mean_val": 6.344023662796254,
    "mae_std_val": 0.26598283924944527,
    "mae_ci_lower_val": 6.317878516599904,
    "mae_ci_upper_val": 6.370168808992605,
    "mae_samperror_val": 0.02614514619635103,
    "mae_t_critical_val": 1.965927295920882,
    "mae_df_val": 399,
    "d2mae_mean_val": 0.01198760903431626,
    "d2mae_std_val": 0.01961130309843779,
    "d2mae_ci_lower_val": 0.01005988923082643,
    "d2mae_ci_upper_val": 0.01391532883780609,
    "d2mae_samperror_val": 0.0019277198034898307,
    "d2mae_t_critical_val": 1.965927295920882,
    "d2mae_df_val": 399,
    "rmse_mean_val": 7.667404427037404,
    "rmse_std_val": 0.3355317576043976,
    "rmse_ci_lower_val": 7.634422874991264,
    "rmse_ci_upper_val": 7.700385979083544,
    "rmse_samperror_val": 0.03298155204613971,
    "rmse_t_critical_val": 1.965927295920882,
    "rmse_df_val": 399,
    "mape_mean_val": 220068956345444.6,
    "mape_std_val": 440764368239527.2,
    "mape_ci_lower_val": 176743421215874.12,
    "mape_ci_upper_val": 263394491475015.06,
    "mape_samperror_val": 43325535129570.48,
    "mape_t_critical_val": 1.965927295920882,
    "mape_df_val": 399,
    "r2_mean_val": -0.018771693431322362,
    "r2_std_val": 0.03892205230495577,
    "r2_ci_lower_val": -0.022597589683301004,
    "r2_ci_upper_val": -0.01494579717934372,
    "r2_samperror_val": 0.003825896251978641,
    "r2_t_critical_val": 1.965927295920882,
    "r2_df_val": 399,
    "median_ae_mean_val": 5.888115490509764,
    "median_ae_std_val": 0.5065378342111876,
    "median_ae_ci_lower_val": 5.838324662775143,
    "median_ae_ci_upper_val": 5.937906318244385,
    "median_ae_samperror_val": 0.049790827734621006,
    "median_ae_t_critical_val": 1.965927295920882,
    "median_ae_df_val": 399,
    "max_error_mean_val": 17.504432742692426,
    "max_error_std_val": 1.5492681864118598,
    "max_error_ci_lower_val": 17.35214531187398,
    "max_error_ci_upper_val": 17.656720173510873,
    "max_error_samperror_val": 0.15228743081844584,
    "max_error_t_critical_val": 1.965927295920882,
    "max_error_df_val": 399,
    "rho_mean_val": 0.0913752762669689,
    "rho_std_val": 0.11988004180618171,
    "rho_ci_lower_val": 0.07947112765869724,
    "rho_ci_upper_val": 0.10327942487524056,
    "rho_samperror_val": 0.011904148608271652,
    "rho_t_critical_val": 1.9660496792749909,
    "rho_df_val": 391,
    "r2_below_zero_val": 0.66
  },
  "test_summary": {
    "n_splits_test": 400,
    "mae_mean_test": 6.507331202741954,
    "mae_std_test": 0.4250977791657259,
    "mae_ci_lower_test": 6.465545636367091,
    "mae_ci_upper_test": 6.549116769116816,
    "mae_samperror_test": 0.04178556637486239,
    "mae_t_critical_test": 1.965927295920882,
    "mae_df_test": 399,
    "d2mae_mean_test": 0.010959013701487486,
    "d2mae_std_test": 0.031617493127082265,
    "d2mae_ci_lower_test": 0.00785112906313139,
    "d2mae_ci_upper_test": 0.014066898339843582,
    "d2mae_samperror_test": 0.0031078846383560954,
    "d2mae_t_critical_test": 1.965927295920882,
    "d2mae_df_test": 399,
    "rmse_mean_test": 7.823745537029777,
    "rmse_std_test": 0.527285300764879,
    "rmse_ci_lower_test": 7.771915308754201,
    "rmse_ci_upper_test": 7.875575765305353,
    "rmse_samperror_test": 0.05183022827557638,
    "rmse_t_critical_test": 1.965927295920882,
    "rmse_df_test": 399,
    "mape_mean_test": 232343969472449.28,
    "mape_std_test": 670405299178480.9,
    "mape_ci_lower_test": 166445565623200.25,
    "mape_ci_upper_test": 298242373321698.3,
    "mape_samperror_test": 65898403849249.04,
    "mape_t_critical_test": 1.965927295920882,
    "mape_df_test": 399,
    "r2_mean_test": -0.011763475958812592,
    "r2_std_test": 0.05645381187806452,
    "r2_ci_lower_test": -0.01731268044530607,
    "r2_ci_upper_test": -0.006214271472319115,
    "r2_samperror_test": 0.005549204486493478,
    "r2_t_critical_test": 1.965927295920882,
    "r2_df_test": 399,
    "median_ae_mean_test": 6.1539334563840375,
    "median_ae_std_test": 0.7319600541433279,
    "median_ae_ci_lower_test": 6.081984443885832,
    "median_ae_ci_upper_test": 6.225882468882243,
    "median_ae_samperror_test": 0.07194901249820475,
    "median_ae_t_critical_test": 1.965927295920882,
    "median_ae_df_test": 399,
    "max_error_mean_test": 16.373072378111914,
    "max_error_std_test": 2.0956925277136795,
    "max_error_ci_lower_test": 16.167073420907425,
    "max_error_ci_upper_test": 16.579071335316403,
    "max_error_samperror_test": 0.2059989572044876,
    "max_error_t_critical_test": 1.965927295920882,
    "max_error_df_test": 399,
    "rho_mean_test": 0.11591097404301301,
    "rho_std_test": 0.19489105269871115,
    "rho_ci_lower_test": 0.09655819422417643,
    "rho_ci_upper_test": 0.1352637538618496,
    "rho_samperror_test": 0.019352779818836586,
    "rho_t_critical_test": 1.9660496792749909,
    "rho_df_test": 391,
    "r2_below_zero_test": 0.5475
  },
  "selected_features": [
    "nodes_T6W30",
    "asp_T6W30"
  ]
}