{
  "best_trial_number": 152,
  "best_value_internal_minimized": 6.3146223263083625,
  "best_params": {
    "regressor": "QuantileRegressor",
    "use_scaler": false,
    "quantile_alpha": 0.028736665614849798,
    "rfe_n_features": 2
  },
  "best_metadata": {
    "regressor": "QuantileRegressor",
    "use_scaler": false,
    "rfe_estimator": {
      "mode": "original",
      "type": "QuantileRegressor"
    },
    "n_candidate_features": 13,
    "rfe_n_features": 2,
    "rfe_selected_features": [
      "nodes_T6W30",
      "asp_T6W30"
    ]
  },
  "validation_summary": {
    "n_splits_val": 400,
    "mae_mean_val": 6.340330906866294,
    "mae_std_val": 0.2674033640170167,
    "mae_ci_lower_val": 6.3140461282491875,
    "mae_ci_upper_val": 6.3666156854834,
    "mae_samperror_val": 0.026284778617106045,
    "mae_t_critical_val": 1.965927295920882,
    "mae_df_val": 399,
    "d2mae_mean_val": 0.01255645016350704,
    "d2mae_std_val": 0.020424925674521102,
    "d2mae_ci_lower_val": 0.010548754218472227,
    "d2mae_ci_upper_val": 0.014564146108541853,
    "d2mae_samperror_val": 0.0020076959450348137,
    "d2mae_t_critical_val": 1.965927295920882,
    "d2mae_df_val": 399,
    "rmse_mean_val": 7.666690619191286,
    "rmse_std_val": 0.3363351911642107,
    "rmse_ci_lower_val": 7.633630092546861,
    "rmse_ci_upper_val": 7.699751145835711,
    "rmse_samperror_val": 0.03306052664442448,
    "rmse_t_critical_val": 1.965927295920882,
    "rmse_df_val": 399,
    "mape_mean_val": 219591747221970.1,
    "mape_std_val": 439808005580352.5,
    "mape_ci_lower_val": 176360219065223.16,
    "mape_ci_upper_val": 262823275378717.03,
    "mape_samperror_val": 43231528156746.93,
    "mape_t_critical_val": 1.965927295920882,
    "mape_df_val": 399,
    "r2_mean_val": -0.018617114164226158,
    "r2_std_val": 0.040114106177604573,
    "r2_ci_lower_val": -0.02256018497852722,
    "r2_ci_upper_val": -0.014674043349925092,
    "r2_samperror_val": 0.003943070814301066,
    "r2_t_critical_val": 1.965927295920882,
    "r2_df_val": 399,
    "median_ae_mean_val": 5.879842499867745,
    "median_ae_std_val": 0.5083130944275244,
    "median_ae_ci_lower_val": 5.829877170507292,
    "median_ae_ci_upper_val": 5.929807829228199,
    "median_ae_samperror_val": 0.04996532936045395,
    "median_ae_t_critical_val": 1.965927295920882,
    "median_ae_df_val": 399,
    "max_error_mean_val": 17.499198649146457,
    "max_error_std_val": 1.561205265885766,
    "max_error_ci_lower_val": 17.345737846809445,
    "max_error_ci_upper_val": 17.65265945148347,
    "max_error_samperror_val": 0.1534608023370123,
    "max_error_t_critical_val": 1.965927295920882,
    "max_error_df_val": 399,
    "rho_mean_val": 0.09183331586814057,
    "rho_std_val": 0.11986567304560702,
    "rho_ci_lower_val": 0.07996103006371837,
    "rho_ci_upper_val": 0.10370560167256278,
    "rho_samperror_val": 0.011872285804422206,
    "rho_t_critical_val": 1.9660186149090502,
    "rho_df_val": 393,
    "r2_below_zero_val": 0.65
  },
  "test_summary": {
    "n_splits_test": 400,
    "mae_mean_test": 6.50383945159744,
    "mae_std_test": 0.42762868773161855,
    "mae_ci_lower_test": 6.461805106110919,
    "mae_ci_upper_test": 6.54587379708396,
    "mae_samperror_test": 0.042034345486520804,
    "mae_t_critical_test": 1.965927295920882,
    "mae_df_test": 399,
    "d2mae_mean_test": 0.011489726414342935,
    "d2mae_std_test": 0.032400740729012896,
    "d2mae_ci_lower_test": 0.00830485138398184,
    "d2mae_ci_upper_test": 0.014674601444704031,
    "d2mae_samperror_test": 0.0031848750303610954,
    "d2mae_t_critical_test": 1.965927295920882,
    "d2mae_df_test": 399,
    "rmse_mean_test": 7.8233026816257585,
    "rmse_std_test": 0.5296939730412707,
    "rmse_ci_lower_test": 7.771235689621427,
    "rmse_ci_upper_test": 7.8753696736300896,
    "rmse_samperror_test": 0.052066992004330695,
    "rmse_t_critical_test": 1.965927295920882,
    "rmse_df_test": 399,
    "mape_mean_test": 231671016513149.4,
    "mape_std_test": 668450390897738.0,
    "mape_ci_lower_test": 165964773041407.06,
    "mape_ci_upper_test": 297377259984891.75,
    "mape_samperror_test": 65706243471742.33,
    "mape_t_critical_test": 1.965927295920882,
    "mape_df_test": 399,
    "r2_mean_test": -0.011682636194393208,
    "r2_std_test": 0.05781458588419586,
    "r2_ci_lower_test": -0.017365599818998344,
    "r2_ci_upper_test": -0.00599967256978807,
    "r2_samperror_test": 0.005682963624605138,
    "r2_t_critical_test": 1.965927295920882,
    "r2_df_test": 399,
    "median_ae_mean_test": 6.150218969188861,
    "median_ae_std_test": 0.7372816233235787,
    "median_ae_ci_lower_test": 6.077746865785227,
    "median_ae_ci_upper_test": 6.222691072592496,
    "median_ae_samperror_test": 0.07247210340363408,
    "median_ae_t_critical_test": 1.965927295920882,
    "median_ae_df_test": 399,
    "max_error_mean_test": 16.372263909866607,
    "max_error_std_test": 2.0989037241453756,
    "max_error_ci_lower_test": 16.165949303726237,
    "max_error_ci_upper_test": 16.578578516006978,
    "max_error_samperror_test": 0.20631460614036937,
    "max_error_t_critical_test": 1.965927295920882,
    "max_error_df_test": 399,
    "rho_mean_test": 0.11653813786755138,
    "rho_std_test": 0.1947206352785581,
    "rho_ci_lower_test": 0.0972517235396887,
    "rho_ci_upper_test": 0.13582455219541406,
    "rho_samperror_test": 0.019286414327862683,
    "rho_t_critical_test": 1.9660186149090502,
    "rho_df_test": 393,
    "r2_below_zero_test": 0.545
  },
  "selected_features": [
    "nodes_T6W30",
    "asp_T6W30"
  ]
}