{
  "mean_abs_shap": {
    "nodes_T6W30": 0.9590458595034367,
    "asp_T6W30": 0.0
  },
  "mean_shap": {
    "nodes_T6W30": -0.09237899399076442,
    "asp_T6W30": 0.0
  },
  "regressor": "QuantileRegressor",
  "n_subjects": 252,
  "n_features": 2
}