set,r2_mean,r2_std,r2_ci_lower,r2_ci_upper,rmse_mean,rmse_std,rmse_ci_lower,rmse_ci_upper,mae_mean,mae_std,mae_ci_lower,mae_ci_upper,rho_mean,rho_std,rho_ci_lower,rho_ci_upper,r2_below_zero
TEST,-0.0042065871475643005,0.03494605596891138,-0.007641657413267387,-0.0007715168818612137,7.7960701030713695,0.49352486538438023,7.747558402867628,7.844581803275111,6.6456255084532225,0.39421784717612696,6.606875327138087,6.684375689768358,0.07927644505663756,0.18941503529161627,0.06065763564975728,0.09789525446351784,0.4675
