set,r2_mean,r2_std,r2_ci_lower,r2_ci_upper,rmse_mean,rmse_std,rmse_ci_lower,rmse_ci_upper,mae_mean,mae_std,mae_ci_lower,mae_ci_upper,rho_mean,rho_std,rho_ci_lower,rho_ci_upper,r2_below_zero
VALIDATION,-0.005937326088882204,0.02609197650720988,-0.008502072529884719,-0.0033725796478796897,7.61998396412183,0.3225657102031425,7.588276927401007,7.651691000842653,6.457430183744921,0.25017393336714644,6.432838995528202,6.48202137196164,0.05746094934586897,0.11701450683134429,0.04595884869594596,0.06896304999579198,0.4675
