target,window,set,metric,mean,std,ci_lower,ci_upper,t_critical,df,significant
MOT,T2W10,VALIDATION,R2,0.014357,0.035006,0.010916,0.017798,1.9659,399,True
MOT,T2W10,VALIDATION,RMSE,7.6751,0.341817,7.6415,7.708699,1.9659,399,True
MOT,T2W10,VALIDATION,MAE,6.524593,0.283098,6.496766,6.55242,1.9659,399,True
MOT,T2W10,VALIDATION,rho,0.128556,0.124058,0.116361,0.14075,1.9659,399,True
MOT,T2W10,TEST,R2,0.012932,0.055516,0.007475,0.018389,1.9659,399,True
MOT,T2W10,TEST,RMSE,7.60571,0.532488,7.553369,7.658052,1.9659,399,True
MOT,T2W10,TEST,MAE,6.492919,0.442375,6.449436,6.536403,1.9659,399,True
MOT,T2W10,TEST,rho,0.125301,0.194439,0.106188,0.144413,1.9659,399,True
