set,r2_mean,r2_std,r2_ci_lower,r2_ci_upper,rmse_mean,rmse_std,rmse_ci_lower,rmse_ci_upper,mae_mean,mae_std,mae_ci_lower,mae_ci_upper,rho_mean,rho_std,rho_ci_lower,rho_ci_upper,r2_below_zero
TEST,0.012932234352915682,0.05551554825943958,0.0074752577693534186,0.018389210936477947,7.605710243288942,0.5324875645942063,7.553368651390233,7.658051835187651,6.492919438776599,0.4423753782092736,6.449435547223352,6.536403330329845,0.12530054917981706,0.1944388244900136,0.1061879195572327,0.14441317880240143,0.325
