set,r2_mean,r2_std,r2_ci_lower,r2_ci_upper,rmse_mean,rmse_std,rmse_ci_lower,rmse_ci_upper,mae_mean,mae_std,mae_ci_lower,mae_ci_upper,rho_mean,rho_std,rho_ci_lower,rho_ci_upper,r2_below_zero
VALIDATION,0.01435699722949193,0.03500580284204744,0.010916054063351638,0.017797940395632223,7.67509968235875,0.341817368630202,7.641500277598252,7.708699087119249,6.5245930049739975,0.2830975738238124,6.496765542584537,6.552420467363458,0.1285557961413185,0.12405827736063169,0.11636131845390904,0.14075027382872798,0.275
