{
  "best_trial_number": 101,
  "best_value_internal_minimized": 2.838725926581242,
  "best_params": {
    "regressor": "ExtraTreesRegressor",
    "use_scaler": false,
    "et_n_estimators": 475,
    "et_max_depth": 2,
    "et_min_samples_split": 9,
    "et_min_samples_leaf": 5,
    "et_max_features": null,
    "rfe_n_features": 2
  },
  "best_metadata": {
    "regressor": "ExtraTreesRegressor",
    "use_scaler": false,
    "rfe_estimator": {
      "mode": "original",
      "type": "ExtraTreesRegressor"
    },
    "n_candidate_features": 13,
    "rfe_n_features": 2,
    "rfe_selected_features": [
      "nodes_T6W30",
      "density_T6W30"
    ]
  },
  "validation_summary": {
    "n_splits_val": 100,
    "mae_mean_val": 2.838553710157723,
    "mae_std_val": 0.13012410068211705,
    "mae_ci_lower_val": 2.8127342655193837,
    "mae_ci_upper_val": 2.8643731547960622,
    "mae_samperror_val": 0.025819444638339434,
    "mae_t_critical_val": 1.9842169515864172,
    "mae_df_val": 99,
    "d2mae_mean_val": -0.0031623655603403166,
    "d2mae_std_val": 0.019956981127355475,
    "d2mae_ci_lower_val": -0.007122263585879212,
    "d2mae_ci_upper_val": 0.0007975324651985781,
    "d2mae_samperror_val": 0.003959898025538895,
    "d2mae_t_critical_val": 1.9842169515864172,
    "d2mae_df_val": 99,
    "rmse_mean_val": 3.4580974910967264,
    "rmse_std_val": 0.1977203392886333,
    "rmse_ci_lower_val": 3.418865486207734,
    "rmse_ci_upper_val": 3.497329495985719,
    "rmse_samperror_val": 0.03923200488899241,
    "rmse_t_critical_val": 1.9842169515864172,
    "rmse_df_val": 99,
    "mape_mean_val": 981014426150367.0,
    "mape_std_val": 582486248951543.1,
    "mape_ci_lower_val": 865436517226803.2,
    "mape_ci_upper_val": 1096592335073930.8,
    "mape_samperror_val": 115577908923563.78,
    "mape_t_critical_val": 1.9842169515864172,
    "mape_df_val": 99,
    "r2_mean_val": 0.00850765093474943,
    "r2_std_val": 0.030422346977328586,
    "r2_ci_lower_val": 0.002471197276803511,
    "r2_ci_upper_val": 0.014544104592695346,
    "r2_samperror_val": 0.006036453657945918,
    "r2_t_critical_val": 1.9842169515864172,
    "r2_df_val": 99,
    "median_ae_mean_val": 2.536886522992324,
    "median_ae_std_val": 0.18441605871792777,
    "median_ae_ci_lower_val": 2.5002943760070373,
    "median_ae_ci_upper_val": 2.573478669977611,
    "median_ae_samperror_val": 0.03659214698528684,
    "median_ae_t_critical_val": 1.9842169515864172,
    "median_ae_df_val": 99,
    "max_error_mean_val": 8.393121423060599,
    "max_error_std_val": 0.9947364020978895,
    "max_error_ci_lower_val": 8.195744139920327,
    "max_error_ci_upper_val": 8.59049870620087,
    "max_error_samperror_val": 0.19737728314027148,
    "max_error_t_critical_val": 1.9842169515864172,
    "max_error_df_val": 99,
    "rho_mean_val": 0.1534719576017738,
    "rho_std_val": 0.12208371338942242,
    "rho_ci_lower_val": 0.12924790023978283,
    "rho_ci_upper_val": 0.17769601496376475,
    "rho_samperror_val": 0.024224057361990962,
    "rho_t_critical_val": 1.9842169515864172,
    "rho_df_val": 99,
    "r2_below_zero_val": 0.29
  },
  "test_summary": {
    "n_splits_test": 100,
    "mae_mean_test": 2.8394210023769633,
    "mae_std_test": 0.18966882799542883,
    "mae_ci_lower_test": 2.8017865920073572,
    "mae_ci_upper_test": 2.8770554127465693,
    "mae_samperror_test": 0.03763441036960583,
    "mae_t_critical_test": 1.9842169515864172,
    "mae_df_test": 99,
    "d2mae_mean_test": -0.012945330252434904,
    "d2mae_std_test": 0.034599027103444084,
    "d2mae_ci_lower_test": -0.01981052786114007,
    "d2mae_ci_upper_test": -0.00608013264372974,
    "d2mae_samperror_test": 0.006865197608705164,
    "d2mae_t_critical_test": 1.9842169515864172,
    "d2mae_df_test": 99,
    "rmse_mean_test": 3.439068439982753,
    "rmse_std_test": 0.2718298096800459,
    "rmse_ci_lower_test": 3.3851315083513875,
    "rmse_ci_upper_test": 3.4930053716141187,
    "rmse_samperror_test": 0.05393693163136566,
    "rmse_t_critical_test": 1.9842169515864172,
    "rmse_df_test": 99,
    "mape_mean_test": 1037893698338628.1,
    "mape_std_test": 806167870183282.5,
    "mape_ci_lower_test": 877932502954429.4,
    "mape_ci_upper_test": 1197854893722826.8,
    "mape_samperror_test": 159961195384198.72,
    "mape_t_critical_test": 1.9842169515864172,
    "mape_df_test": 99,
    "r2_mean_test": -0.0008749244092764685,
    "r2_std_test": 0.054689864378071856,
    "r2_ci_lower_test": -0.011726580007169701,
    "r2_ci_upper_test": 0.009976731188616765,
    "r2_samperror_test": 0.010851655597893233,
    "r2_t_critical_test": 1.9842169515864172,
    "r2_df_test": 99,
    "median_ae_mean_test": 2.565161270189222,
    "median_ae_std_test": 0.24848024978817743,
    "median_ae_ci_lower_test": 2.515857397812809,
    "median_ae_ci_upper_test": 2.614465142565635,
    "median_ae_samperror_test": 0.049303872376412886,
    "median_ae_t_critical_test": 1.9842169515864172,
    "median_ae_df_test": 99,
    "max_error_mean_test": 7.588657887997024,
    "max_error_std_test": 1.240825278793376,
    "max_error_ci_lower_test": 7.342451232783148,
    "max_error_ci_upper_test": 7.8348645432109,
    "max_error_samperror_test": 0.24620665521387589,
    "max_error_t_critical_test": 1.9842169515864172,
    "max_error_df_test": 99,
    "rho_mean_test": 0.12579023935428923,
    "rho_std_test": 0.2127338000157894,
    "rho_ci_lower_test": 0.08357923813761682,
    "rho_ci_upper_test": 0.16800124057096166,
    "rho_samperror_test": 0.042211001216672414,
    "rho_t_critical_test": 1.9842169515864172,
    "rho_df_test": 99,
    "r2_below_zero_test": 0.38
  },
  "selected_features": [
    "nodes_T6W30",
    "density_T6W30"
  ]
}