set,r2_mean,r2_std,r2_ci_lower,r2_ci_upper,rmse_mean,rmse_std,rmse_ci_lower,rmse_ci_upper,mae_mean,mae_std,mae_ci_lower,mae_ci_upper,rho_mean,rho_std,rho_ci_lower,rho_ci_upper,r2_below_zero
TEST,-0.022385227842504775,0.03742082455665043,-0.02606355886409405,-0.0187068968209155,1.3578934058435699,0.1148393120607264,1.346605118932322,1.3691816927548177,1.0429256187577185,0.08121152282763466,1.0349428212842111,1.0509084162312259,-0.11687912448053879,0.17192398837761944,-0.13377862755929612,-0.09997962140178146,0.855
