set,r2_mean,r2_std,r2_ci_lower,r2_ci_upper,rmse_mean,rmse_std,rmse_ci_lower,rmse_ci_upper,mae_mean,mae_std,mae_ci_lower,mae_ci_upper,rho_mean,rho_std,rho_ci_lower,rho_ci_upper,r2_below_zero
VALIDATION,-0.01805690206261118,0.03013647692324912,-0.021019208191926438,-0.01509459593329592,1.347514733497933,0.07741405595163794,1.3399052132137694,1.3551242537820964,1.037433525372085,0.05475310958551889,1.032051493738549,1.042815557005621,-0.10008359265143967,0.11529419342010208,-0.11141659274672769,-0.08875059255615164,0.875
