{
  "best_trial_number": 247,
  "best_value_internal_minimized": 6.280610471523842,
  "best_params": {
    "regressor": "RandomForestRegressor",
    "use_scaler": true,
    "rf_n_estimators": 330,
    "rf_max_depth": 12,
    "rf_min_samples_split": 2,
    "rf_min_samples_leaf": 3,
    "rf_max_features": "sqrt",
    "rfe_n_features": 2
  },
  "best_metadata": {
    "regressor": "RandomForestRegressor",
    "use_scaler": true,
    "rfe_estimator": {
      "mode": "original",
      "type": "RandomForestRegressor"
    },
    "n_candidate_features": 13,
    "rfe_n_features": 2,
    "rfe_selected_features": [
      "re_T2W40",
      "lsc_T2W40"
    ]
  },
  "validation_summary": {
    "n_splits_val": 400,
    "mae_mean_val": 6.281420029058888,
    "mae_std_val": 0.45010036717200624,
    "mae_ci_lower_val": 6.2371767991725156,
    "mae_ci_upper_val": 6.325663258945261,
    "mae_samperror_val": 0.044243229886372915,
    "mae_t_critical_val": 1.965927295920882,
    "mae_df_val": 399,
    "d2mae_mean_val": 0.018220034332546736,
    "d2mae_std_val": 0.05748952991495226,
    "d2mae_ci_lower_val": 0.012569022528073499,
    "d2mae_ci_upper_val": 0.02387104613701997,
    "d2mae_samperror_val": 0.005651011804473237,
    "d2mae_t_critical_val": 1.965927295920882,
    "d2mae_df_val": 399,
    "rmse_mean_val": 7.564125474353666,
    "rmse_std_val": 0.49741261554557054,
    "rmse_ci_lower_val": 7.515231622441845,
    "rmse_ci_upper_val": 7.613019326265488,
    "rmse_samperror_val": 0.04889385191182184,
    "rmse_t_critical_val": 1.965927295920882,
    "rmse_df_val": 399,
    "mape_mean_val": 323815170494643.3,
    "mape_std_val": 593755297426515.0,
    "mape_ci_lower_val": 265451183179222.94,
    "mape_ci_upper_val": 382179157810063.7,
    "mape_samperror_val": 58363987315420.38,
    "mape_t_critical_val": 1.965927295920882,
    "mape_df_val": 399,
    "r2_mean_val": 0.010718902704749844,
    "r2_std_val": 0.10297045877473089,
    "r2_ci_lower_val": 0.0005972809258128764,
    "r2_ci_upper_val": 0.020840524483686812,
    "r2_samperror_val": 0.010121621778936968,
    "r2_t_critical_val": 1.965927295920882,
    "r2_df_val": 399,
    "median_ae_mean_val": 5.693857732708378,
    "median_ae_std_val": 0.6962936524286804,
    "median_ae_ci_lower_val": 5.625414597844078,
    "median_ae_ci_upper_val": 5.7623008675726775,
    "median_ae_samperror_val": 0.0684431348642995,
    "median_ae_t_critical_val": 1.965927295920882,
    "median_ae_df_val": 399,
    "max_error_mean_val": 16.490693619727253,
    "max_error_std_val": 1.6326692338746978,
    "max_error_ci_lower_val": 16.33020816912303,
    "max_error_ci_upper_val": 16.651179070331477,
    "max_error_samperror_val": 0.16048545060422514,
    "max_error_t_critical_val": 1.965927295920882,
    "max_error_df_val": 399,
    "rho_mean_val": 0.22136834606839592,
    "rho_std_val": 0.12559328733703976,
    "rho_ci_lower_val": 0.20902298248037987,
    "rho_ci_upper_val": 0.23371370965641197,
    "rho_samperror_val": 0.012345363588016045,
    "rho_t_critical_val": 1.965927295920882,
    "rho_df_val": 399,
    "r2_below_zero_val": 0.4375
  },
  "test_summary": {
    "n_splits_test": 400,
    "mae_mean_test": 6.279647589711305,
    "mae_std_test": 0.6250347277266589,
    "mae_ci_lower_test": 6.21820894810449,
    "mae_ci_upper_test": 6.341086231318121,
    "mae_samperror_test": 0.061438641606815766,
    "mae_t_critical_test": 1.965927295920882,
    "mae_df_test": 399,
    "d2mae_mean_test": -0.001947666940011015,
    "d2mae_std_test": 0.08838759980130925,
    "d2mae_ci_lower_test": -0.010635846693527264,
    "d2mae_ci_upper_test": 0.006740512813505235,
    "d2mae_samperror_test": 0.00868817975351625,
    "d2mae_t_critical_test": 1.965927295920882,
    "d2mae_df_test": 399,
    "rmse_mean_test": 7.580067322586299,
    "rmse_std_test": 0.6895653332635597,
    "rmse_ci_lower_test": 7.512285557037118,
    "rmse_ci_upper_test": 7.647849088135479,
    "rmse_samperror_test": 0.06778176554918058,
    "rmse_t_critical_test": 1.965927295920882,
    "rmse_df_test": 399,
    "mape_mean_test": 275861010674590.3,
    "mape_std_test": 824128459395473.4,
    "mape_ci_lower_test": 194852178991051.03,
    "mape_ci_upper_test": 356869842358129.6,
    "mape_samperror_test": 81008831683539.28,
    "mape_t_critical_test": 1.965927295920882,
    "mape_df_test": 399,
    "r2_mean_test": -0.012640453840728807,
    "r2_std_test": 0.15987924657169894,
    "r2_ci_lower_test": -0.02835600258505721,
    "r2_ci_upper_test": 0.0030750949035995966,
    "r2_samperror_test": 0.015715548744328404,
    "r2_t_critical_test": 1.965927295920882,
    "r2_df_test": 399,
    "median_ae_mean_test": 5.615014244184287,
    "median_ae_std_test": 1.0041434587812479,
    "median_ae_ci_lower_test": 5.516310592452364,
    "median_ae_ci_upper_test": 5.7137178959162105,
    "median_ae_samperror_test": 0.09870365173192301,
    "median_ae_t_critical_test": 1.965927295920882,
    "median_ae_df_test": 399,
    "max_error_mean_test": 15.567397825307948,
    "max_error_std_test": 1.8786186406118,
    "max_error_ci_lower_test": 15.382736442097722,
    "max_error_ci_upper_test": 15.752059208518174,
    "max_error_samperror_test": 0.18466138321022596,
    "max_error_t_critical_test": 1.965927295920882,
    "max_error_df_test": 399,
    "rho_mean_test": 0.20772063721648074,
    "rho_std_test": 0.19804066241972793,
    "rho_ci_lower_test": 0.18825396001882094,
    "rho_ci_upper_test": 0.22718731441414053,
    "rho_samperror_test": 0.019466677197659796,
    "rho_t_critical_test": 1.965927295920882,
    "rho_df_test": 399,
    "r2_below_zero_test": 0.54
  },
  "selected_features": [
    "re_T2W40",
    "lsc_T2W40"
  ]
}