{
  "best_trial_number": 124,
  "best_value_internal_minimized": 2.815771566750842,
  "best_params": {
    "regressor": "QuantileRegressor",
    "use_scaler": true,
    "quantile_alpha": 0.025992279021942115,
    "rfe_n_features": 3
  },
  "best_metadata": {
    "regressor": "QuantileRegressor",
    "use_scaler": true,
    "rfe_estimator": {
      "mode": "original",
      "type": "QuantileRegressor"
    },
    "n_candidate_features": 13,
    "rfe_n_features": 3,
    "rfe_selected_features": [
      "l1_T6W30",
      "density_T6W30",
      "asp_T6W30"
    ]
  },
  "validation_summary": {
    "n_splits_val": 400,
    "mae_mean_val": 2.805634993854777,
    "mae_std_val": 0.1274509249917539,
    "mae_ci_lower_val": 2.7931070312381943,
    "mae_ci_upper_val": 2.81816295647136,
    "mae_samperror_val": 0.012527962616582695,
    "mae_t_critical_val": 1.965927295920882,
    "mae_df_val": 399,
    "d2mae_mean_val": 0.004706962859461817,
    "d2mae_std_val": 0.022993394353161098,
    "d2mae_ci_lower_val": 0.0024467957802241937,
    "d2mae_ci_upper_val": 0.00696712993869944,
    "d2mae_samperror_val": 0.0022601670792376234,
    "d2mae_t_critical_val": 1.965927295920882,
    "d2mae_df_val": 399,
    "rmse_mean_val": 3.458555990098422,
    "rmse_std_val": 0.1893992603207776,
    "rmse_ci_lower_val": 3.43993873131383,
    "rmse_ci_upper_val": 3.477173248883014,
    "rmse_samperror_val": 0.018617258784592076,
    "rmse_t_critical_val": 1.965927295920882,
    "rmse_df_val": 399,
    "mape_mean_val": 895482898325120.0,
    "mape_std_val": 513058253913709.75,
    "mape_ci_lower_val": 845051137036796.5,
    "mape_ci_upper_val": 945914659613443.5,
    "mape_samperror_val": 50431761288323.44,
    "mape_t_critical_val": 1.965927295920882,
    "mape_df_val": 399,
    "r2_mean_val": -0.006074925684397928,
    "r2_std_val": 0.04622309234753659,
    "r2_ci_lower_val": -0.01061848763179262,
    "r2_ci_upper_val": -0.001531363737003237,
    "r2_samperror_val": 0.004543561947394691,
    "r2_t_critical_val": 1.965927295920882,
    "r2_df_val": 399,
    "median_ae_mean_val": 2.57361098642348,
    "median_ae_std_val": 0.2544446558031543,
    "median_ae_ci_lower_val": 2.5486000017162493,
    "median_ae_ci_upper_val": 2.598621971130711,
    "median_ae_samperror_val": 0.025010984707230732,
    "median_ae_t_critical_val": 1.965927295920882,
    "median_ae_df_val": 399,
    "max_error_mean_val": 8.659550752102655,
    "max_error_std_val": 1.0273248376146993,
    "max_error_ci_lower_val": 8.558568455100444,
    "max_error_ci_upper_val": 8.760533049104867,
    "max_error_samperror_val": 0.10098229700221124,
    "max_error_t_critical_val": 1.965927295920882,
    "max_error_df_val": 399,
    "rho_mean_val": 0.13482953524682448,
    "rho_std_val": 0.114189171800045,
    "rho_ci_lower_val": 0.12244497673925497,
    "rho_ci_upper_val": 0.14721409375439398,
    "rho_samperror_val": 0.012384558507569499,
    "rho_t_critical_val": 1.9672228266464447,
    "rho_df_val": 328,
    "r2_below_zero_val": 0.555
  },
  "test_summary": {
    "n_splits_test": 400,
    "mae_mean_test": 2.813687597224207,
    "mae_std_test": 0.20737698317883213,
    "mae_ci_lower_test": 2.7933031936353574,
    "mae_ci_upper_test": 2.834072000813056,
    "mae_samperror_test": 0.020384403588849583,
    "mae_t_critical_test": 1.965927295920882,
    "mae_df_test": 399,
    "d2mae_mean_test": 0.0025787095822671167,
    "d2mae_std_test": 0.041476433269418425,
    "d2mae_ci_lower_test": -0.0014982730328224171,
    "d2mae_ci_upper_test": 0.0066556921973566505,
    "d2mae_samperror_test": 0.004076982615089534,
    "d2mae_t_critical_test": 1.965927295920882,
    "d2mae_df_test": 399,
    "rmse_mean_test": 3.4561752349143067,
    "rmse_std_test": 0.29997077588224613,
    "rmse_ci_lower_test": 3.426689198100033,
    "rmse_ci_upper_test": 3.4856612717285804,
    "rmse_samperror_test": 0.029486036814273652,
    "rmse_t_critical_test": 1.965927295920882,
    "rmse_df_test": 399,
    "mape_mean_test": 949731263404316.4,
    "mape_std_test": 789499684688719.6,
    "mape_ci_lower_test": 872126314391792.2,
    "mape_ci_upper_test": 1027336212416840.5,
    "mape_samperror_test": 77604949012524.19,
    "mape_t_critical_test": 1.965927295920882,
    "mape_df_test": 399,
    "r2_mean_test": 0.0004454772137863214,
    "r2_std_test": 0.0772346840505373,
    "r2_ci_lower_test": -0.007146411464552501,
    "r2_ci_upper_test": 0.008037365892125144,
    "r2_samperror_test": 0.007591888678338822,
    "r2_t_critical_test": 1.965927295920882,
    "r2_df_test": 399,
    "median_ae_mean_test": 2.5512856397076433,
    "median_ae_std_test": 0.28141799846551974,
    "median_ae_ci_lower_test": 2.523623273470304,
    "median_ae_ci_upper_test": 2.5789480059449827,
    "median_ae_samperror_test": 0.027662366237339305,
    "median_ae_t_critical_test": 1.965927295920882,
    "median_ae_df_test": 399,
    "max_error_mean_test": 7.914749760045362,
    "max_error_std_test": 1.301850010773864,
    "max_error_ci_lower_test": 7.786782636476601,
    "max_error_ci_upper_test": 8.042716883614125,
    "max_error_samperror_test": 0.12796712356876166,
    "max_error_t_critical_test": 1.965927295920882,
    "max_error_df_test": 399,
    "rho_mean_test": 0.14553001206995433,
    "rho_std_test": 0.19861454295412076,
    "rho_ci_lower_test": 0.12398897285498636,
    "rho_ci_upper_test": 0.1670710512849223,
    "rho_samperror_test": 0.021541039214967972,
    "rho_t_critical_test": 1.9672228266464447,
    "rho_df_test": 328,
    "r2_below_zero_test": 0.5375
  },
  "selected_features": [
    "l1_T6W30",
    "density_T6W30",
    "asp_T6W30"
  ]
}