{
  "best_trial_number": 99,
  "best_value_internal_minimized": 2.789856667843749,
  "best_params": {
    "regressor": "SVR",
    "svr_kernel": "linear",
    "svr_C": 0.1308913126990495,
    "svr_epsilon": 0.14908737177988202,
    "svr_gamma": "auto",
    "rfe_n_features": 2
  },
  "best_metadata": {
    "regressor": "SVR",
    "use_scaler": true,
    "rfe_estimator": {
      "mode": "original",
      "type": "SVR"
    },
    "n_candidate_features": 13,
    "rfe_n_features": 2,
    "rfe_selected_features": [
      "l1_T6W30",
      "density_T6W30"
    ]
  },
  "validation_summary": {
    "n_splits_val": 400,
    "mae_mean_val": 2.790171432649593,
    "mae_std_val": 0.13730402817152038,
    "mae_ci_lower_val": 2.776674945808479,
    "mae_ci_upper_val": 2.803667919490707,
    "mae_samperror_val": 0.013496486841114083,
    "mae_t_critical_val": 1.965927295920882,
    "mae_df_val": 399,
    "d2mae_mean_val": 0.006409554661931911,
    "d2mae_std_val": 0.03226388320050875,
    "d2mae_ci_lower_val": 0.0032381322291177438,
    "d2mae_ci_upper_val": 0.009580977094746078,
    "d2mae_samperror_val": 0.003171422432814167,
    "d2mae_t_critical_val": 1.965927295920882,
    "d2mae_df_val": 399,
    "rmse_mean_val": 3.442386258578598,
    "rmse_std_val": 0.1919995628667849,
    "rmse_ci_lower_val": 3.4235133995063634,
    "rmse_ci_upper_val": 3.4612591176508327,
    "rmse_samperror_val": 0.01887285907223449,
    "rmse_t_critical_val": 1.965927295920882,
    "rmse_df_val": 399,
    "mape_mean_val": 831034738450267.9,
    "mape_std_val": 482903763391252.94,
    "mape_ci_lower_val": 783567053962578.8,
    "mape_ci_upper_val": 878502422937957.0,
    "mape_samperror_val": 47467684487689.164,
    "mape_t_critical_val": 1.965927295920882,
    "mape_df_val": 399,
    "r2_mean_val": -0.003674699487129304,
    "r2_std_val": 0.05842564752789022,
    "r2_ci_lower_val": -0.009417728249975893,
    "r2_ci_upper_val": 0.0020683292757172848,
    "r2_samperror_val": 0.005743028762846589,
    "r2_t_critical_val": 1.965927295920882,
    "r2_df_val": 399,
    "median_ae_mean_val": 2.5173948527929872,
    "median_ae_std_val": 0.17170743988021234,
    "median_ae_ci_lower_val": 2.500516635644327,
    "median_ae_ci_upper_val": 2.5342730699416474,
    "median_ae_samperror_val": 0.01687821714866016,
    "median_ae_t_critical_val": 1.965927295920882,
    "median_ae_df_val": 399,
    "max_error_mean_val": 8.647113812091746,
    "max_error_std_val": 1.0468889614529422,
    "max_error_ci_lower_val": 8.544208432835816,
    "max_error_ci_upper_val": 8.750019191347675,
    "max_error_samperror_val": 0.10290537925593016,
    "max_error_t_critical_val": 1.965927295920882,
    "max_error_df_val": 399,
    "rho_mean_val": 0.14633042760733073,
    "rho_std_val": 0.12612780770402948,
    "rho_ci_lower_val": 0.13393252261033015,
    "rho_ci_upper_val": 0.1587283326043313,
    "rho_samperror_val": 0.012397904997000584,
    "rho_t_critical_val": 1.965927295920882,
    "rho_df_val": 399,
    "r2_below_zero_val": 0.4525
  },
  "test_summary": {
    "n_splits_test": 400,
    "mae_mean_test": 2.7795883168483293,
    "mae_std_test": 0.1965705828814201,
    "mae_ci_lower_test": 2.7602661431252464,
    "mae_ci_upper_test": 2.798910490571412,
    "mae_samperror_test": 0.01932217372308309,
    "mae_t_critical_test": 1.965927295920882,
    "mae_df_test": 399,
    "d2mae_mean_test": 0.013193786694080027,
    "d2mae_std_test": 0.04302794348234881,
    "d2mae_ci_lower_test": 0.008964296265115499,
    "d2mae_ci_upper_test": 0.017423277123044555,
    "d2mae_samperror_test": 0.004229490428964527,
    "d2mae_t_critical_test": 1.965927295920882,
    "d2mae_df_test": 399,
    "rmse_mean_test": 3.4258905612569155,
    "rmse_std_test": 0.2895509642925663,
    "rmse_ci_lower_test": 3.397428754043767,
    "rmse_ci_upper_test": 3.454352368470064,
    "rmse_samperror_test": 0.02846180721314844,
    "rmse_t_critical_test": 1.965927295920882,
    "rmse_df_test": 399,
    "mape_mean_test": 953872982455565.9,
    "mape_std_test": 784816803323779.1,
    "mape_ci_lower_test": 876728343657986.5,
    "mape_ci_upper_test": 1031017621253145.2,
    "mape_samperror_test": 77144638797579.38,
    "mape_t_critical_test": 1.965927295920882,
    "mape_df_test": 399,
    "r2_mean_test": 0.016760620413873654,
    "r2_std_test": 0.08043378935548537,
    "r2_ci_lower_test": 0.008854271313458697,
    "r2_ci_upper_test": 0.024666969514288612,
    "r2_samperror_test": 0.007906349100414958,
    "r2_t_critical_test": 1.965927295920882,
    "r2_df_test": 399,
    "median_ae_mean_test": 2.5086061416355427,
    "median_ae_std_test": 0.23797488811694795,
    "median_ae_ci_lower_test": 2.4852140752209015,
    "median_ae_ci_upper_test": 2.531998208050184,
    "median_ae_samperror_test": 0.023392066414641293,
    "median_ae_t_critical_test": 1.965927295920882,
    "median_ae_df_test": 399,
    "max_error_mean_test": 7.825278071151671,
    "max_error_std_test": 1.2265981189499309,
    "max_error_ci_lower_test": 7.704707934993228,
    "max_error_ci_upper_test": 7.945848207310115,
    "max_error_samperror_test": 0.1205701361584439,
    "max_error_t_critical_test": 1.965927295920882,
    "max_error_df_test": 399,
    "rho_mean_test": 0.18401080010498505,
    "rho_std_test": 0.18489494102847503,
    "rho_ci_lower_test": 0.165836299532707,
    "rho_ci_upper_test": 0.2021853006772631,
    "rho_samperror_test": 0.018174500572278044,
    "rho_t_critical_test": 1.965927295920882,
    "rho_df_test": 399,
    "r2_below_zero_test": 0.38
  },
  "selected_features": [
    "l1_T6W30",
    "density_T6W30"
  ]
}