{
  "best_trial_number": 131,
  "best_value_internal_minimized": 2.801701140440626,
  "best_params": {
    "regressor": "QuantileRegressor",
    "use_scaler": true,
    "quantile_alpha": 0.005492235174932384,
    "rfe_n_features": 2
  },
  "best_metadata": {
    "regressor": "QuantileRegressor",
    "use_scaler": true,
    "rfe_estimator": {
      "mode": "original",
      "type": "QuantileRegressor"
    },
    "n_candidate_features": 13,
    "rfe_n_features": 2,
    "rfe_selected_features": [
      "l1_T6W30",
      "atd_T6W30"
    ]
  },
  "validation_summary": {
    "n_splits_val": 400,
    "mae_mean_val": 2.7941185026057394,
    "mae_std_val": 0.1437161086370685,
    "mae_ci_lower_val": 2.779991731564082,
    "mae_ci_upper_val": 2.8082452736473966,
    "mae_samperror_val": 0.014126771041657188,
    "mae_t_critical_val": 1.965927295920882,
    "mae_df_val": 399,
    "d2mae_mean_val": 0.00872262238822716,
    "d2mae_std_val": 0.034984890959209924,
    "d2mae_ci_lower_val": 0.005283734784150836,
    "d2mae_ci_upper_val": 0.012161509992303483,
    "d2mae_samperror_val": 0.003438887604076324,
    "d2mae_t_critical_val": 1.965927295920882,
    "d2mae_df_val": 399,
    "rmse_mean_val": 3.445400541737375,
    "rmse_std_val": 0.19991929553475196,
    "rmse_ci_lower_val": 3.425749201733723,
    "rmse_ci_upper_val": 3.465051881741027,
    "rmse_samperror_val": 0.019651340003652127,
    "rmse_t_critical_val": 1.965927295920882,
    "rmse_df_val": 399,
    "mape_mean_val": 884120856162522.9,
    "mape_std_val": 508835473967001.06,
    "mape_ci_lower_val": 834104178792294.5,
    "mape_ci_upper_val": 934137533532751.2,
    "mape_samperror_val": 50016677370228.34,
    "mape_t_critical_val": 1.965927295920882,
    "mape_df_val": 399,
    "r2_mean_val": 0.0006696897942584087,
    "r2_std_val": 0.06894552949464795,
    "r2_ci_lower_val": -0.006107405124003924,
    "r2_ci_upper_val": 0.007446784712520741,
    "r2_samperror_val": 0.0067770949182623325,
    "r2_t_critical_val": 1.965927295920882,
    "r2_df_val": 399,
    "median_ae_mean_val": 2.5103764410313323,
    "median_ae_std_val": 0.1891762590944983,
    "median_ae_ci_lower_val": 2.4917811024566285,
    "median_ae_ci_upper_val": 2.528971779606036,
    "median_ae_samperror_val": 0.018595338574703763,
    "median_ae_t_critical_val": 1.965927295920882,
    "median_ae_df_val": 399,
    "max_error_mean_val": 8.646731229132865,
    "max_error_std_val": 1.0965557615116601,
    "max_error_ci_lower_val": 8.53894378398011,
    "max_error_ci_upper_val": 8.754518674285618,
    "max_error_samperror_val": 0.10778744515275408,
    "max_error_t_critical_val": 1.965927295920882,
    "max_error_df_val": 399,
    "rho_mean_val": 0.1625552483322473,
    "rho_std_val": 0.12894123722573442,
    "rho_ci_lower_val": 0.14984879323248698,
    "rho_ci_upper_val": 0.17526170343200762,
    "rho_samperror_val": 0.01270645509976032,
    "rho_t_critical_val": 1.9659574279668237,
    "rho_df_val": 397,
    "r2_below_zero_val": 0.4125
  },
  "test_summary": {
    "n_splits_test": 400,
    "mae_mean_test": 2.8091198191090045,
    "mae_std_test": 0.22595092759338187,
    "mae_ci_lower_test": 2.786909664304281,
    "mae_ci_upper_test": 2.831329973913728,
    "mae_samperror_test": 0.02221015480472361,
    "mae_t_critical_test": 1.965927295920882,
    "mae_df_test": 399,
    "d2mae_mean_test": 0.004154011650947237,
    "d2mae_std_test": 0.05308587142823984,
    "d2mae_ci_lower_test": -0.0010641365324789206,
    "d2mae_ci_upper_test": 0.009372159834373395,
    "d2mae_samperror_test": 0.005218148183426158,
    "d2mae_t_critical_test": 1.965927295920882,
    "d2mae_df_test": 399,
    "rmse_mean_test": 3.448879685552117,
    "rmse_std_test": 0.3129938139525701,
    "rmse_ci_lower_test": 3.41811353143693,
    "rmse_ci_upper_test": 3.4796458396673042,
    "rmse_samperror_test": 0.030766154115186985,
    "rmse_t_critical_test": 1.965927295920882,
    "rmse_df_test": 399,
    "mape_mean_test": 935247396608204.8,
    "mape_std_test": 780340534940935.5,
    "mape_ci_lower_test": 858542758720510.4,
    "mape_ci_upper_test": 1011952034495899.1,
    "mape_samperror_test": 76704637887694.39,
    "mape_t_critical_test": 1.965927295920882,
    "mape_df_test": 399,
    "r2_mean_test": 0.0035921001484552515,
    "r2_std_test": 0.09811748250186138,
    "r2_ci_lower_test": -0.006052491704417189,
    "r2_ci_upper_test": 0.013236692001327693,
    "r2_samperror_test": 0.00964459185287244,
    "r2_t_critical_test": 1.965927295920882,
    "r2_df_test": 399,
    "median_ae_mean_test": 2.5115809091257013,
    "median_ae_std_test": 0.2740388102836194,
    "median_ae_ci_lower_test": 2.484643890261789,
    "median_ae_ci_upper_test": 2.5385179279896137,
    "median_ae_samperror_test": 0.026937018863912577,
    "median_ae_t_critical_test": 1.965927295920882,
    "median_ae_df_test": 399,
    "max_error_mean_test": 7.888854472160368,
    "max_error_std_test": 1.3260527333923209,
    "max_error_ci_lower_test": 7.758508308940045,
    "max_error_ci_upper_test": 8.019200635380692,
    "max_error_samperror_test": 0.13034616322032297,
    "max_error_t_critical_test": 1.965927295920882,
    "max_error_df_test": 399,
    "rho_mean_test": 0.16660936058410242,
    "rho_std_test": 0.1976332496913689,
    "rho_ci_lower_test": 0.1471336826128513,
    "rho_ci_upper_test": 0.18608503855535352,
    "rho_samperror_test": 0.019475677971251104,
    "rho_t_critical_test": 1.9659574279668237,
    "rho_df_test": 397,
    "r2_below_zero_test": 0.395
  },
  "selected_features": [
    "l1_T6W30",
    "atd_T6W30"
  ]
}