{
  "mean_abs_shap": {
    "l1_T6W30": 0.07647704094771905,
    "density_T6W30": 0.5551471081772528,
    "asp_T6W30": 0.0
  },
  "mean_shap": {
    "l1_T6W30": -0.010287642851439141,
    "density_T6W30": -0.0671175941386985,
    "asp_T6W30": 0.0
  },
  "regressor": "QuantileRegressor",
  "n_subjects": 252,
  "n_features": 3
}