{
  "mean_abs_shap": {
    "l1_T6W30": 0.0679534331147169,
    "density_T6W30": 0.0003943242955679393
  },
  "mean_shap": {
    "l1_T6W30": -0.009161730768196449,
    "density_T6W30": -4.9630915296589644e-05
  },
  "regressor": "SVR",
  "n_subjects": 252,
  "n_features": 2
}