{
  "best_trial_number": 112,
  "best_value_internal_minimized": 6.359359634264056,
  "best_params": {
    "regressor": "KNeighborsRegressor",
    "use_scaler": false,
    "knn_n_neighbors": 11,
    "knn_weights": "distance",
    "knn_metric": "manhattan",
    "rfe_proxy_type": "ExtraTrees",
    "rfe_proxy_et_n_estimators": 50,
    "rfe_proxy_et_max_depth": 6,
    "rfe_proxy_et_min_samples_split": 9,
    "rfe_proxy_et_min_samples_leaf": 5,
    "rfe_n_features": 5
  },
  "best_metadata": {
    "regressor": "KNeighborsRegressor",
    "use_scaler": true,
    "rfe_estimator": {
      "mode": "proxy",
      "type": "ExtraTrees"
    },
    "n_candidate_features": 23,
    "rfe_n_features": 5,
    "rfe_selected_features": [
      "l2_T2W10",
      "diameter_T2W10",
      "asp_T2W10",
      "z_pe_T2W10",
      "z_l3_T2W10"
    ]
  },
  "validation_summary": {
    "n_splits_val": 400,
    "mae_mean_val": 6.421544154966277,
    "mae_std_val": 0.39818896782948776,
    "mae_ci_lower_val": 6.38240362692675,
    "mae_ci_upper_val": 6.4606846830058045,
    "mae_samperror_val": 0.0391405280395276,
    "mae_t_critical_val": 1.965927295920882,
    "mae_df_val": 399,
    "d2mae_mean_val": 0.01814915633003473,
    "d2mae_std_val": 0.048923932672228984,
    "d2mae_ci_lower_val": 0.013340111596828207,
    "d2mae_ci_upper_val": 0.02295820106324125,
    "d2mae_samperror_val": 0.004809044733206521,
    "d2mae_t_critical_val": 1.965927295920882,
    "d2mae_df_val": 399,
    "rmse_mean_val": 7.751592811294118,
    "rmse_std_val": 0.44306765886037563,
    "rmse_ci_lower_val": 7.708040871069449,
    "rmse_ci_upper_val": 7.795144751518786,
    "rmse_samperror_val": 0.043551940224668705,
    "rmse_t_critical_val": 1.965927295920882,
    "rmse_df_val": 399,
    "mape_mean_val": 219331670491852.28,
    "mape_std_val": 456551659950291.5,
    "mape_ci_lower_val": 174454301977138.94,
    "mape_ci_upper_val": 264209039006565.62,
    "mape_samperror_val": 44877368514713.33,
    "mape_t_critical_val": 1.965927295920882,
    "mape_df_val": 399,
    "r2_mean_val": -0.007564084843705048,
    "r2_std_val": 0.09135942521407675,
    "r2_ci_lower_val": -0.016544384232104845,
    "r2_ci_upper_val": 0.0014162145446947492,
    "r2_samperror_val": 0.008980299388399797,
    "r2_t_critical_val": 1.965927295920882,
    "r2_df_val": 399,
    "median_ae_mean_val": 5.812290903341413,
    "median_ae_std_val": 0.6430733691331674,
    "median_ae_ci_lower_val": 5.749079128858479,
    "median_ae_ci_upper_val": 5.875502677824348,
    "median_ae_samperror_val": 0.06321177448293494,
    "median_ae_t_critical_val": 1.965927295920882,
    "median_ae_df_val": 399,
    "max_error_mean_val": 17.644880911570894,
    "max_error_std_val": 1.6980145364915644,
    "max_error_ci_lower_val": 17.477972255262934,
    "max_error_ci_upper_val": 17.811789567878854,
    "max_error_samperror_val": 0.16690865630796056,
    "max_error_t_critical_val": 1.965927295920882,
    "max_error_df_val": 399,
    "rho_mean_val": 0.1815315311232103,
    "rho_std_val": 0.12194353274365699,
    "rho_ci_lower_val": 0.16954492514412145,
    "rho_ci_upper_val": 0.19351813710229915,
    "rho_samperror_val": 0.011986605979088856,
    "rho_t_critical_val": 1.965927295920882,
    "rho_df_val": 399,
    "r2_below_zero_val": 0.505
  },
  "test_summary": {
    "n_splits_test": 400,
    "mae_mean_test": 6.367718763425595,
    "mae_std_test": 0.5967174131065619,
    "mae_ci_lower_test": 6.30906361090672,
    "mae_ci_upper_test": 6.4263739159444695,
    "mae_samperror_test": 0.058655152518874355,
    "mae_t_critical_test": 1.965927295920882,
    "mae_df_test": 399,
    "d2mae_mean_test": 0.017968349067183857,
    "d2mae_std_test": 0.07716949949612154,
    "d2mae_ci_lower_test": 0.010382867793584953,
    "d2mae_ci_upper_test": 0.025553830340782763,
    "d2mae_samperror_test": 0.007585481273598904,
    "d2mae_t_critical_test": 1.965927295920882,
    "d2mae_df_test": 399,
    "rmse_mean_test": 7.650537867072545,
    "rmse_std_test": 0.6547364748791596,
    "rmse_ci_lower_test": 7.5861796516925475,
    "rmse_ci_upper_test": 7.714896082452543,
    "rmse_samperror_test": 0.06435821537999785,
    "rmse_t_critical_test": 1.965927295920882,
    "rmse_df_test": 399,
    "mape_mean_test": 232377753516231.28,
    "mape_std_test": 711848989962093.8,
    "mape_ci_lower_test": 162405585519221.78,
    "mape_ci_upper_test": 302349921513240.75,
    "mape_samperror_test": 69972167997009.5,
    "mape_t_critical_test": 1.965927295920882,
    "mape_df_test": 399,
    "r2_mean_test": -0.003975931258072975,
    "r2_std_test": 0.13730456360736568,
    "r2_ci_lower_test": -0.017472470730584232,
    "r2_ci_upper_test": 0.009520608214438283,
    "r2_samperror_test": 0.013496539472511258,
    "r2_t_critical_test": 1.965927295920882,
    "r2_df_test": 399,
    "median_ae_mean_test": 5.7638780258090625,
    "median_ae_std_test": 0.8532779040214008,
    "median_ae_ci_lower_test": 5.680003909682971,
    "median_ae_ci_upper_test": 5.847752141935154,
    "median_ae_samperror_test": 0.08387411612609152,
    "median_ae_t_critical_test": 1.965927295920882,
    "median_ae_df_test": 399,
    "max_error_mean_test": 16.10858457553779,
    "max_error_std_test": 2.2931644576575274,
    "max_error_ci_lower_test": 15.883174845470563,
    "max_error_ci_upper_test": 16.333994305605017,
    "max_error_samperror_test": 0.22540973006722695,
    "max_error_t_critical_test": 1.965927295920882,
    "max_error_df_test": 399,
    "rho_mean_test": 0.184697629104135,
    "rho_std_test": 0.19448878718838472,
    "rho_ci_lower_test": 0.16558008832992535,
    "rho_ci_upper_test": 0.20381516987834467,
    "rho_samperror_test": 0.01911754077420965,
    "rho_t_critical_test": 1.965927295920882,
    "rho_df_test": 399,
    "r2_below_zero_test": 0.475
  },
  "selected_features": [
    "l2_T2W10",
    "diameter_T2W10",
    "asp_T2W10",
    "z_pe_T2W10",
    "z_l3_T2W10"
  ]
}