{
  "best_trial_number": 98,
  "best_value_internal_minimized": 6.386768176037418,
  "best_params": {
    "regressor": "KNeighborsRegressor",
    "knn_n_neighbors": 16,
    "knn_weights": "distance",
    "knn_metric": "manhattan",
    "rfe_proxy_type": "ExtraTrees",
    "rfe_proxy_et_n_estimators": 60,
    "rfe_proxy_et_max_depth": 3,
    "rfe_proxy_et_min_samples_split": 10,
    "rfe_proxy_et_min_samples_leaf": 5,
    "rfe_n_features": 6
  },
  "best_metadata": {
    "regressor": "KNeighborsRegressor",
    "use_scaler": true,
    "rfe_estimator": {
      "mode": "proxy",
      "type": "ExtraTrees"
    },
    "n_candidate_features": 22,
    "rfe_n_features": 6,
    "rfe_selected_features": [
      "pe_T2W10",
      "l2_T2W10",
      "diameter_T2W10",
      "asp_T2W10",
      "z_pe_T2W10",
      "z_l3_T2W10"
    ]
  },
  "validation_summary": {
    "n_splits_val": 400,
    "mae_mean_val": 6.428823594396252,
    "mae_std_val": 0.3683852484251867,
    "mae_ci_lower_val": 6.392612663631568,
    "mae_ci_upper_val": 6.465034525160935,
    "mae_samperror_val": 0.036210930764683485,
    "mae_t_critical_val": 1.965927295920882,
    "mae_df_val": 399,
    "d2mae_mean_val": 0.017080712685517273,
    "d2mae_std_val": 0.04194918118875297,
    "d2mae_ci_lower_val": 0.01295726066849226,
    "d2mae_ci_upper_val": 0.021204164702542286,
    "d2mae_samperror_val": 0.004123452017025012,
    "d2mae_t_critical_val": 1.965927295920882,
    "d2mae_df_val": 399,
    "rmse_mean_val": 7.643961200102308,
    "rmse_std_val": 0.4210476674184363,
    "rmse_ci_lower_val": 7.602573744989222,
    "rmse_ci_upper_val": 7.685348655215394,
    "rmse_samperror_val": 0.041387455113086065,
    "rmse_t_critical_val": 1.965927295920882,
    "rmse_df_val": 399,
    "mape_mean_val": 231458535820241.72,
    "mape_std_val": 480948658022782.6,
    "mape_ci_lower_val": 184183031083066.4,
    "mape_ci_upper_val": 278734040557417.03,
    "mape_samperror_val": 47275504737175.305,
    "mape_t_critical_val": 1.965927295920882,
    "mape_df_val": 399,
    "r2_mean_val": 0.021063701559246795,
    "r2_std_val": 0.07622031188176431,
    "r2_ci_lower_val": 0.013571521977648635,
    "r2_ci_upper_val": 0.028555881140844955,
    "r2_samperror_val": 0.007492179581598159,
    "r2_t_critical_val": 1.965927295920882,
    "r2_df_val": 399,
    "median_ae_mean_val": 5.893979291420789,
    "median_ae_std_val": 0.5296348761691585,
    "median_ae_ci_lower_val": 5.841918108424157,
    "median_ae_ci_upper_val": 5.94604047441742,
    "median_ae_samperror_val": 0.05206118299663125,
    "median_ae_t_critical_val": 1.965927295920882,
    "median_ae_df_val": 399,
    "max_error_mean_val": 17.324672378937393,
    "max_error_std_val": 1.5931031034032763,
    "max_error_ci_lower_val": 17.168076135127556,
    "max_error_ci_upper_val": 17.48126862274723,
    "max_error_samperror_val": 0.15659624380983841,
    "max_error_t_critical_val": 1.965927295920882,
    "max_error_df_val": 399,
    "rho_mean_val": 0.19278301501238956,
    "rho_std_val": 0.12543391299752746,
    "rho_ci_lower_val": 0.18045331734258935,
    "rho_ci_upper_val": 0.20511271268218978,
    "rho_samperror_val": 0.012329697669800218,
    "rho_t_critical_val": 1.965927295920882,
    "rho_df_val": 399,
    "r2_below_zero_val": 0.35
  },
  "test_summary": {
    "n_splits_test": 400,
    "mae_mean_test": 6.3840317223377845,
    "mae_std_test": 0.5386698352593334,
    "mae_ci_lower_test": 6.331082435706508,
    "mae_ci_upper_test": 6.436981008969061,
    "mae_samperror_test": 0.05294928663127642,
    "mae_t_critical_test": 1.965927295920882,
    "mae_df_test": 399,
    "d2mae_mean_test": 0.015565104787970255,
    "d2mae_std_test": 0.06438240521473729,
    "d2mae_ci_lower_test": 0.009236548398535707,
    "d2mae_ci_upper_test": 0.0218936611774048,
    "d2mae_samperror_test": 0.006328556389434548,
    "d2mae_t_critical_test": 1.965927295920882,
    "d2mae_df_test": 399,
    "rmse_mean_test": 7.56853884829402,
    "rmse_std_test": 0.6114994390659456,
    "rmse_ci_lower_test": 7.508430676359017,
    "rmse_ci_upper_test": 7.628647020229023,
    "rmse_samperror_test": 0.06010817193500253,
    "rmse_t_critical_test": 1.965927295920882,
    "rmse_df_test": 399,
    "mape_mean_test": 243798072211148.47,
    "mape_std_test": 745175790241472.6,
    "mape_ci_lower_test": 170550000896392.25,
    "mape_ci_upper_test": 317046143525904.7,
    "mape_samperror_test": 73248071314756.23,
    "mape_t_critical_test": 1.965927295920882,
    "mape_df_test": 399,
    "r2_mean_test": 0.019323627931445545,
    "r2_std_test": 0.1116553830964913,
    "r2_ci_lower_test": 0.00834830966315078,
    "r2_ci_upper_test": 0.030298946199740308,
    "r2_samperror_test": 0.010975318268294764,
    "r2_t_critical_test": 1.965927295920882,
    "r2_df_test": 399,
    "median_ae_mean_test": 5.869217923206325,
    "median_ae_std_test": 0.7551645183144702,
    "median_ae_ci_lower_test": 5.794987996233057,
    "median_ae_ci_upper_test": 5.943447850179592,
    "median_ae_samperror_test": 0.07422992697326809,
    "median_ae_t_critical_test": 1.965927295920882,
    "median_ae_df_test": 399,
    "max_error_mean_test": 15.7848531861597,
    "max_error_std_test": 2.2489432009220836,
    "max_error_ci_lower_test": 15.563790244876278,
    "max_error_ci_upper_test": 16.00591612744312,
    "max_error_samperror_test": 0.22106294128342024,
    "max_error_t_critical_test": 1.965927295920882,
    "max_error_df_test": 399,
    "rho_mean_test": 0.18994338971124944,
    "rho_std_test": 0.1955345110107058,
    "rho_ci_lower_test": 0.170723058086725,
    "rho_ci_upper_test": 0.20916372133577388,
    "rho_samperror_test": 0.019220331624524436,
    "rho_t_critical_test": 1.965927295920882,
    "rho_df_test": 399,
    "r2_below_zero_test": 0.4125
  },
  "selected_features": [
    "pe_T2W10",
    "l2_T2W10",
    "diameter_T2W10",
    "asp_T2W10",
    "z_pe_T2W10",
    "z_l3_T2W10"
  ]
}