{
  "best_trial_number": 184,
  "best_value_internal_minimized": 6.38169449598021,
  "best_params": {
    "regressor": "KNeighborsRegressor",
    "knn_n_neighbors": 15,
    "knn_weights": "uniform",
    "knn_metric": "manhattan",
    "rfe_proxy_type": "ExtraTrees",
    "rfe_proxy_et_n_estimators": 20,
    "rfe_proxy_et_max_depth": 7,
    "rfe_proxy_et_min_samples_split": 6,
    "rfe_proxy_et_min_samples_leaf": 3,
    "rfe_n_features": 4
  },
  "best_metadata": {
    "regressor": "KNeighborsRegressor",
    "use_scaler": true,
    "rfe_estimator": {
      "mode": "proxy",
      "type": "ExtraTrees"
    },
    "n_candidate_features": 22,
    "rfe_n_features": 4,
    "rfe_selected_features": [
      "pe_T2W10",
      "diameter_T2W10",
      "asp_T2W10",
      "z_l3_T2W10"
    ]
  },
  "validation_summary": {
    "n_splits_val": 400,
    "mae_mean_val": 6.404867346938775,
    "mae_std_val": 0.38039735634575406,
    "mae_ci_lower_val": 6.367475669631962,
    "mae_ci_upper_val": 6.442259024245588,
    "mae_samperror_val": 0.03739167730681302,
    "mae_t_critical_val": 1.965927295920882,
    "mae_df_val": 399,
    "d2mae_mean_val": 0.020827513580725637,
    "d2mae_std_val": 0.04246515604766124,
    "d2mae_ci_lower_val": 0.01665334311074379,
    "d2mae_ci_upper_val": 0.025001684050707483,
    "d2mae_samperror_val": 0.004174170469981847,
    "d2mae_t_critical_val": 1.965927295920882,
    "d2mae_df_val": 399,
    "rmse_mean_val": 7.7244714262061756,
    "rmse_std_val": 0.4340864940271072,
    "rmse_ci_lower_val": 7.681802301836251,
    "rmse_ci_upper_val": 7.7671405505761,
    "rmse_samperror_val": 0.042669124369924344,
    "rmse_t_critical_val": 1.965927295920882,
    "rmse_df_val": 399,
    "mape_mean_val": 227906650530675.12,
    "mape_std_val": 473714407734710.9,
    "mape_ci_lower_val": 181342246298842.0,
    "mape_ci_upper_val": 274471054762508.25,
    "mape_samperror_val": 46564404231833.12,
    "mape_t_critical_val": 1.965927295920882,
    "mape_df_val": 399,
    "r2_mean_val": 0.0006521047128089419,
    "r2_std_val": 0.07505746416965745,
    "r2_ci_lower_val": -0.006725771165877716,
    "r2_ci_upper_val": 0.0080299805914956,
    "r2_samperror_val": 0.007377875878686658,
    "r2_t_critical_val": 1.965927295920882,
    "r2_df_val": 399,
    "median_ae_mean_val": 5.8531666666666675,
    "median_ae_std_val": 0.5909424715943653,
    "median_ae_ci_lower_val": 5.795079169905351,
    "median_ae_ci_upper_val": 5.911254163427984,
    "median_ae_samperror_val": 0.05808749676131566,
    "median_ae_t_critical_val": 1.965927295920882,
    "median_ae_df_val": 399,
    "max_error_mean_val": 17.677999999999997,
    "max_error_std_val": 1.5888305484963283,
    "max_error_ci_lower_val": 17.521823732805903,
    "max_error_ci_upper_val": 17.834176267194092,
    "max_error_samperror_val": 0.15617626719409392,
    "max_error_t_critical_val": 1.965927295920882,
    "max_error_df_val": 399,
    "rho_mean_val": 0.1608025706120685,
    "rho_std_val": 0.1258210622214723,
    "rho_ci_lower_val": 0.14843481758092092,
    "rho_ci_upper_val": 0.1731703236432161,
    "rho_samperror_val": 0.012367753031147604,
    "rho_t_critical_val": 1.965927295920882,
    "rho_df_val": 399,
    "r2_below_zero_val": 0.4625
  },
  "test_summary": {
    "n_splits_test": 400,
    "mae_mean_test": 6.345708333333334,
    "mae_std_test": 0.5649195727681837,
    "mae_ci_lower_test": 6.290178792928088,
    "mae_ci_upper_test": 6.401237873738581,
    "mae_samperror_test": 0.05552954040524676,
    "mae_t_critical_test": 1.965927295920882,
    "mae_df_test": 399,
    "d2mae_mean_test": 0.021768848466663715,
    "d2mae_std_test": 0.06518398351463425,
    "d2mae_ci_lower_test": 0.015361499844249902,
    "d2mae_ci_upper_test": 0.02817619708907753,
    "d2mae_samperror_test": 0.006407348622413813,
    "d2mae_t_critical_test": 1.965927295920882,
    "d2mae_df_test": 399,
    "rmse_mean_test": 7.64404524013418,
    "rmse_std_test": 0.6254118896183498,
    "rmse_ci_lower_test": 7.582569524884471,
    "rmse_ci_upper_test": 7.705520955383889,
    "rmse_samperror_test": 0.06147571524970858,
    "rmse_t_critical_test": 1.965927295920882,
    "rmse_df_test": 399,
    "mape_mean_test": 239441380188532.2,
    "mape_std_test": 732408832349520.6,
    "mape_ci_lower_test": 167448254424059.0,
    "mape_ci_upper_test": 311434505953005.4,
    "mape_samperror_test": 71993125764473.19,
    "mape_t_critical_test": 1.965927295920882,
    "mape_df_test": 399,
    "r2_mean_test": 0.0004233651341415312,
    "r2_std_test": 0.10832816004125725,
    "r2_ci_lower_test": -0.01022489920295814,
    "r2_ci_upper_test": 0.011071629471241204,
    "r2_samperror_test": 0.010648264337099672,
    "r2_t_critical_test": 1.965927295920882,
    "r2_df_test": 399,
    "median_ae_mean_test": 5.825583333333334,
    "median_ae_std_test": 0.9003872700932196,
    "median_ae_ci_lower_test": 5.737078537774537,
    "median_ae_ci_upper_test": 5.914088128892131,
    "median_ae_samperror_test": 0.0885047955587974,
    "median_ae_t_critical_test": 1.965927295920882,
    "median_ae_df_test": 399,
    "max_error_mean_test": 16.152166666666666,
    "max_error_std_test": 2.3309549341504607,
    "max_error_ci_lower_test": 15.923042270136273,
    "max_error_ci_upper_test": 16.381291063197057,
    "max_error_samperror_test": 0.22912439653039263,
    "max_error_t_critical_test": 1.965927295920882,
    "max_error_df_test": 399,
    "rho_mean_test": 0.15956467239990998,
    "rho_std_test": 0.1951501682421269,
    "rho_ci_lower_test": 0.1403821202723725,
    "rho_ci_upper_test": 0.17874722452744746,
    "rho_samperror_test": 0.019182552127537483,
    "rho_t_critical_test": 1.965927295920882,
    "rho_df_test": 399,
    "r2_below_zero_test": 0.465
  },
  "selected_features": [
    "pe_T2W10",
    "diameter_T2W10",
    "asp_T2W10",
    "z_l3_T2W10"
  ]
}