{
  "mean_abs_shap": {
    "pe_T2W10": 0.43805601851851844,
    "diameter_T2W10": 1.342765277777778,
    "asp_T2W10": 0.23143935185185172,
    "z_l3_T2W10": 0.5510236111111111
  },
  "mean_shap": {
    "pe_T2W10": 0.011846759259259567,
    "diameter_T2W10": 0.0472523148148145,
    "asp_T2W10": -0.015424537037037075,
    "z_l3_T2W10": 0.044269907407407175
  },
  "regressor": "KNeighborsRegressor",
  "n_subjects": 240,
  "n_features": 4
}