{
  "mean_abs_shap": {
    "pe_T2W10": 0.9504657614718458,
    "l2_T2W10": 0.8841081951997172,
    "diameter_T2W10": 1.7782877999699205,
    "asp_T2W10": 1.007248396009936,
    "z_pe_T2W10": 1.17419895259235,
    "z_l3_T2W10": 1.1967341478124387
  },
  "mean_shap": {
    "pe_T2W10": -0.035680832686827486,
    "l2_T2W10": -0.05954586479664914,
    "diameter_T2W10": 0.04897800302002855,
    "asp_T2W10": 0.0040961038546622735,
    "z_pe_T2W10": 0.07175137842220038,
    "z_l3_T2W10": 0.022901212186586736
  },
  "regressor": "KNeighborsRegressor",
  "n_subjects": 240,
  "n_features": 6
}