set,r2_mean,r2_std,r2_ci_lower,r2_ci_upper,rmse_mean,rmse_std,rmse_ci_lower,rmse_ci_upper,mae_mean,mae_std,mae_ci_lower,mae_ci_upper,rho_mean,rho_std,rho_ci_lower,rho_ci_upper,r2_below_zero
TEST,-3.628507429182772e+16,3.335970065213656e+17,-6.907644733972018e+16,-3493701243935264.0,66373763.492479354,405524422.00444967,26512186.97342504,106235340.01153368,13274753.98011584,81104884.46792887,5302438.669715294,21247069.290516388,-0.057874192638637606,0.18223045986627862,-0.0757867843986042,-0.03996160087867101,0.8125
