set,r2_mean,r2_std,r2_ci_lower,r2_ci_upper,rmse_mean,rmse_std,rmse_ci_lower,rmse_ci_upper,mae_mean,mae_std,mae_ci_lower,mae_ci_upper,rho_mean,rho_std,rho_ci_lower,rho_ci_upper,r2_below_zero
VALIDATION,-6.336372714294432e+17,7.409231365535673e+18,-1.3619377805944297e+18,9.46632377355433e+16,235396853.3907976,1700959285.9459136,68198738.91623941,402594967.86535573,32962154.018311378,238181941.22799948,9549735.035534006,56374573.00108875,-0.06243443876407188,0.1201623834170414,-0.0742459642391955,-0.05062291328894826,0.89
