set,r2_mean,r2_std,r2_ci_lower,r2_ci_upper,rmse_mean,rmse_std,rmse_ci_lower,rmse_ci_upper,mae_mean,mae_std,mae_ci_lower,mae_ci_upper,rho_mean,rho_std,rho_ci_lower,rho_ci_upper,r2_below_zero
TEST,-0.017205546274278716,0.043447672010305145,-0.021476294491742546,-0.012934798056814887,2.1787523016321035,0.2709949287322808,2.1521144852595575,2.2053901180046496,1.6703929932343413,0.18086991492247265,1.6526141380964925,1.6881718483721901,-0.06065944394506213,0.19453671456019167,-0.07978169580569464,-0.04153719208442963,0.8425
