set,r2_mean,r2_std,r2_ci_lower,r2_ci_upper,rmse_mean,rmse_std,rmse_ci_lower,rmse_ci_upper,mae_mean,mae_std,mae_ci_lower,mae_ci_upper,rho_mean,rho_std,rho_ci_lower,rho_ci_upper,r2_below_zero
VALIDATION,-0.013101980825311745,0.015000150524597163,-0.014576441093273121,-0.01162752055735037,2.2214723061796877,0.16997609089136492,2.2047642743428244,2.238180338016551,1.7183834082546465,0.11213985229522763,1.7073604684252603,1.7294063480840327,-0.0782452894250383,0.13031790500881457,-0.09105506575524097,-0.06543551309483564,0.8975
