set,r2_mean,r2_std,r2_ci_lower,r2_ci_upper,rmse_mean,rmse_std,rmse_ci_lower,rmse_ci_upper,mae_mean,mae_std,mae_ci_lower,mae_ci_upper,rho_mean,rho_std,rho_ci_lower,rho_ci_upper,r2_below_zero
TEST,-0.01587935218277021,0.041649311316792385,-0.019973328081469642,-0.01178537628407078,1.336143801022051,0.10951313393247063,1.3253790580590668,1.3469085439850352,1.0106742879112276,0.07790029160604912,1.0030169724298013,1.018331603392654,-0.06578092788451675,0.2093108141394175,-0.08635542002692193,-0.04520643574211159,0.685
