set,r2_mean,r2_std,r2_ci_lower,r2_ci_upper,rmse_mean,rmse_std,rmse_ci_lower,rmse_ci_upper,mae_mean,mae_std,mae_ci_lower,mae_ci_upper,rho_mean,rho_std,rho_ci_lower,rho_ci_upper,r2_below_zero
VALIDATION,-0.014536329765801522,0.035359236925506035,-0.018012014217540815,-0.011060645314062229,1.3396936376423425,0.08286362847289365,1.331548444189647,1.347838831095038,1.0253786572763297,0.06056550925091541,1.0194252878849435,1.031332026667716,-0.07181297399363894,0.13296847024057917,-0.08488329125077884,-0.05874265673649903,0.7975
