set,r2_mean,r2_std,r2_ci_lower,r2_ci_upper,rmse_mean,rmse_std,rmse_ci_lower,rmse_ci_upper,mae_mean,mae_std,mae_ci_lower,mae_ci_upper,rho_mean,rho_std,rho_ci_lower,rho_ci_upper,r2_below_zero
TEST,-0.02555494304588206,0.10158809890123606,-0.035540683874414565,-0.015569202217349552,2.2292803313880403,0.3139121770250667,2.1984239055212638,2.2601367572548168,1.7491004703713466,0.20483692271795723,1.7289657454921632,1.76923519525053,0.09596443879695266,0.17795903166699023,0.07847171290146342,0.1134571646924419,0.5575
