set,r2_mean,r2_std,r2_ci_lower,r2_ci_upper,rmse_mean,rmse_std,rmse_ci_lower,rmse_ci_upper,mae_mean,mae_std,mae_ci_lower,mae_ci_upper,rho_mean,rho_std,rho_ci_lower,rho_ci_upper,r2_below_zero
VALIDATION,-0.0225416568360795,0.06145027163835699,-0.02858199515385944,-0.01650131851829956,2.2805952457401486,0.18829267712014947,2.2620867600615227,2.2991037314187746,1.7828412114736638,0.128303143496106,1.7702294788760913,1.7954529440712363,0.09003516494298047,0.12201266098705428,0.07804176390886093,0.10202856597710001,0.5125
