{
  "best_trial_number": 227,
  "best_value_internal_minimized": 1.0007043154347697,
  "best_params": {
    "regressor": "QuantileRegressor",
    "use_scaler": true,
    "quantile_alpha": 0.000602740338216526,
    "rfe_n_features": 3
  },
  "best_metadata": {
    "regressor": "QuantileRegressor",
    "use_scaler": true,
    "rfe_estimator": {
      "mode": "original",
      "type": "QuantileRegressor"
    },
    "n_candidate_features": 13,
    "rfe_n_features": 3,
    "rfe_selected_features": [
      "nodes_T2W10",
      "edges_T2W10",
      "lcc_T2W10"
    ]
  },
  "validation_summary": {
    "n_splits_val": 400,
    "mae_mean_val": 1.0046544570939175,
    "mae_std_val": 0.05823762797000451,
    "mae_ci_lower_val": 0.9989299099701217,
    "mae_ci_upper_val": 1.0103790042177134,
    "mae_samperror_val": 0.005724547123795864,
    "mae_t_critical_val": 1.965927295920882,
    "mae_df_val": 399,
    "d2mae_mean_val": 0.017667110410244782,
    "d2mae_std_val": 0.034190718330919675,
    "d2mae_ci_lower_val": 0.01430628708854991,
    "d2mae_ci_upper_val": 0.021027933731939653,
    "d2mae_samperror_val": 0.0033608233216948723,
    "d2mae_t_critical_val": 1.965927295920882,
    "d2mae_df_val": 399,
    "rmse_mean_val": 1.3124453366571953,
    "rmse_std_val": 0.07542922200084935,
    "rmse_ci_lower_val": 1.305030918335118,
    "rmse_ci_upper_val": 1.3198597549792725,
    "rmse_samperror_val": 0.007414418322077283,
    "rmse_t_critical_val": 1.965927295920882,
    "rmse_df_val": 399,
    "mape_mean_val": 292742751418389.6,
    "mape_std_val": 220000992025352.5,
    "mape_ci_lower_val": 271117453650774.0,
    "mape_ci_upper_val": 314368049186005.25,
    "mape_samperror_val": 21625297767615.637,
    "mape_t_critical_val": 1.965927295920882,
    "mape_df_val": 399,
    "r2_mean_val": 0.04649549626670975,
    "r2_std_val": 0.05137364330284297,
    "r2_ci_lower_val": 0.04144565388371165,
    "r2_ci_upper_val": 0.051545338649707846,
    "r2_samperror_val": 0.0050498423829981,
    "r2_t_critical_val": 1.965927295920882,
    "r2_df_val": 399,
    "median_ae_mean_val": 0.997845226502887,
    "median_ae_std_val": 0.01243846681556003,
    "median_ae_ci_lower_val": 0.9966225704312812,
    "median_ae_ci_upper_val": 0.9990678825744927,
    "median_ae_samperror_val": 0.0012226560716057776,
    "median_ae_t_critical_val": 1.965927295920882,
    "median_ae_df_val": 399,
    "max_error_mean_val": 3.1644340112337375,
    "max_error_std_val": 0.3501106975574223,
    "max_error_ci_lower_val": 3.1300194023876355,
    "max_error_ci_upper_val": 3.1988486200798394,
    "max_error_samperror_val": 0.03441460884610185,
    "max_error_t_critical_val": 1.965927295920882,
    "max_error_df_val": 399,
    "rho_mean_val": 0.23433503130144964,
    "rho_std_val": 0.12113261049900759,
    "rho_ci_lower_val": 0.22242813603114206,
    "rho_ci_upper_val": 0.24624192657175722,
    "rho_samperror_val": 0.011906895270307572,
    "rho_t_critical_val": 1.965927295920882,
    "rho_df_val": 399,
    "r2_below_zero_val": 0.165
  },
  "test_summary": {
    "n_splits_test": 400,
    "mae_mean_test": 1.024877136288863,
    "mae_std_test": 0.08902447935973498,
    "mae_ci_lower_test": 1.0161263535899405,
    "mae_ci_upper_test": 1.0336279189877853,
    "mae_samperror_test": 0.008750782698922408,
    "mae_t_critical_test": 1.965927295920882,
    "mae_df_test": 399,
    "d2mae_mean_test": 0.013912428819686242,
    "d2mae_std_test": 0.049122308981356264,
    "d2mae_ci_lower_test": 0.009083884416430852,
    "d2mae_ci_upper_test": 0.01874097322294163,
    "d2mae_samperror_test": 0.004828544403255389,
    "d2mae_t_critical_test": 1.965927295920882,
    "d2mae_df_test": 399,
    "rmse_mean_test": 1.323059150029185,
    "rmse_std_test": 0.11075408961566421,
    "rmse_ci_lower_test": 1.31217242563367,
    "rmse_ci_upper_test": 1.3339458744247001,
    "rmse_samperror_test": 0.01088672439551509,
    "rmse_t_critical_test": 1.965927295920882,
    "rmse_df_test": 399,
    "mape_mean_test": 278895797876226.44,
    "mape_std_test": 336967039003824.0,
    "mape_ci_lower_test": 245773162886063.75,
    "mape_ci_upper_test": 312018432866389.1,
    "mape_samperror_test": 33122634990162.703,
    "mape_t_critical_test": 1.965927295920882,
    "mape_df_test": 399,
    "r2_mean_test": 0.04279875575110447,
    "r2_std_test": 0.07499413056853463,
    "r2_ci_lower_test": 0.03542710533517763,
    "r2_ci_upper_test": 0.05017040616703131,
    "r2_samperror_test": 0.007371650415926842,
    "r2_t_critical_test": 1.965927295920882,
    "r2_df_test": 399,
    "median_ae_mean_test": 0.9962425078456826,
    "median_ae_std_test": 0.020007335002788115,
    "median_ae_ci_lower_test": 0.9942758595456519,
    "median_ae_ci_upper_test": 0.9982091561457133,
    "median_ae_samperror_test": 0.0019666483000307226,
    "median_ae_t_critical_test": 1.965927295920882,
    "median_ae_df_test": 399,
    "max_error_mean_test": 2.9668760479768106,
    "max_error_std_test": 0.378275031289933,
    "max_error_ci_lower_test": 2.9296929875079005,
    "max_error_ci_upper_test": 3.0040591084457207,
    "max_error_samperror_test": 0.03718306046891025,
    "max_error_t_critical_test": 1.965927295920882,
    "max_error_df_test": 399,
    "rho_mean_test": 0.23003443898487347,
    "rho_std_test": 0.2046896323025583,
    "rho_ci_lower_test": 0.20991419221809307,
    "rho_ci_upper_test": 0.2501546857516539,
    "rho_samperror_test": 0.0201202467667804,
    "rho_t_critical_test": 1.965927295920882,
    "rho_df_test": 399,
    "r2_below_zero_test": 0.2425
  },
  "selected_features": [
    "nodes_T2W10",
    "edges_T2W10",
    "lcc_T2W10"
  ]
}