{
  "best_trial_number": 178,
  "best_value_internal_minimized": 1.0004711669008268,
  "best_params": {
    "regressor": "QuantileRegressor",
    "use_scaler": false,
    "quantile_alpha": 0.0004293917113732667,
    "rfe_n_features": 3
  },
  "best_metadata": {
    "regressor": "QuantileRegressor",
    "use_scaler": false,
    "rfe_estimator": {
      "mode": "original",
      "type": "QuantileRegressor"
    },
    "n_candidate_features": 13,
    "rfe_n_features": 3,
    "rfe_selected_features": [
      "nodes_T2W10",
      "edges_T2W10",
      "lcc_T2W10"
    ]
  },
  "validation_summary": {
    "n_splits_val": 400,
    "mae_mean_val": 1.0049270480602945,
    "mae_std_val": 0.05780641292571275,
    "mae_ci_lower_val": 0.999244887807798,
    "mae_ci_upper_val": 1.010609208312791,
    "mae_samperror_val": 0.0056821602524966194,
    "mae_t_critical_val": 1.965927295920882,
    "mae_df_val": 399,
    "d2mae_mean_val": 0.01739817025314605,
    "d2mae_std_val": 0.03346371217146841,
    "d2mae_ci_lower_val": 0.014108808994109571,
    "d2mae_ci_upper_val": 0.02068753151218253,
    "d2mae_samperror_val": 0.0032893612590364795,
    "d2mae_t_critical_val": 1.965927295920882,
    "d2mae_df_val": 399,
    "rmse_mean_val": 1.3131545856260636,
    "rmse_std_val": 0.07520537870751433,
    "rmse_ci_lower_val": 1.3057621702860052,
    "rmse_ci_upper_val": 1.320547000966122,
    "rmse_samperror_val": 0.007392415340058476,
    "rmse_t_critical_val": 1.965927295920882,
    "rmse_df_val": 399,
    "mape_mean_val": 292555325762201.8,
    "mape_std_val": 219761720799857.56,
    "mape_ci_lower_val": 270953547486252.62,
    "mape_ci_upper_val": 314157104038151.0,
    "mape_samperror_val": 21601778275949.19,
    "mape_t_critical_val": 1.965927295920882,
    "mape_df_val": 399,
    "r2_mean_val": 0.045442962970674315,
    "r2_std_val": 0.051406440406473373,
    "r2_ci_lower_val": 0.04038989675161351,
    "r2_ci_upper_val": 0.05049602918973512,
    "r2_samperror_val": 0.005053066219060809,
    "r2_t_critical_val": 1.965927295920882,
    "r2_df_val": 399,
    "median_ae_mean_val": 0.9975030820815705,
    "median_ae_std_val": 0.014195471957049824,
    "median_ae_ci_lower_val": 0.9961077187916283,
    "median_ae_ci_upper_val": 0.9988984453715126,
    "median_ae_samperror_val": 0.0013953632899421835,
    "median_ae_t_critical_val": 1.965927295920882,
    "median_ae_df_val": 399,
    "max_error_mean_val": 3.1631209556041178,
    "max_error_std_val": 0.3434204838393366,
    "max_error_ci_lower_val": 3.1293639704462124,
    "max_error_ci_upper_val": 3.196877940762023,
    "max_error_samperror_val": 0.0337569851579054,
    "max_error_t_critical_val": 1.965927295920882,
    "max_error_df_val": 399,
    "rho_mean_val": 0.232521749184836,
    "rho_std_val": 0.12403886267378889,
    "rho_ci_lower_val": 0.22032917989056683,
    "rho_ci_upper_val": 0.2447143184791052,
    "rho_samperror_val": 0.012192569294269172,
    "rho_t_critical_val": 1.965927295920882,
    "rho_df_val": 399,
    "r2_below_zero_val": 0.165
  },
  "test_summary": {
    "n_splits_test": 400,
    "mae_mean_test": 1.0247610814574686,
    "mae_std_test": 0.0890911809944155,
    "mae_ci_lower_test": 1.0160037422303312,
    "mae_ci_upper_test": 1.033518420684606,
    "mae_samperror_test": 0.008757339227137456,
    "mae_t_critical_test": 1.965927295920882,
    "mae_df_test": 399,
    "d2mae_mean_test": 0.014034698101219384,
    "d2mae_std_test": 0.04907714502239518,
    "d2mae_ci_lower_test": 0.009210593150949667,
    "d2mae_ci_upper_test": 0.018858803051489098,
    "d2mae_samperror_test": 0.004824104950269716,
    "d2mae_t_critical_test": 1.965927295920882,
    "d2mae_df_test": 399,
    "rmse_mean_test": 1.3236058252055038,
    "rmse_std_test": 0.11066562133282595,
    "rmse_ci_lower_test": 1.3127277969205915,
    "rmse_ci_upper_test": 1.3344838534904162,
    "rmse_samperror_test": 0.01087802828491234,
    "rmse_t_critical_test": 1.965927295920882,
    "rmse_df_test": 399,
    "mape_mean_test": 280498023075637.03,
    "mape_std_test": 338008634088644.1,
    "mape_ci_lower_test": 247273003075047.06,
    "mape_ci_upper_test": 313723043076227.0,
    "mape_samperror_test": 33225020000589.953,
    "mape_t_critical_test": 1.965927295920882,
    "mape_df_test": 399,
    "r2_mean_test": 0.04204382185963459,
    "r2_std_test": 0.07447528891179171,
    "r2_ci_lower_test": 0.03472317169247033,
    "r2_ci_upper_test": 0.04936447202679885,
    "r2_samperror_test": 0.007320650167164256,
    "r2_t_critical_test": 1.965927295920882,
    "r2_df_test": 399,
    "median_ae_mean_test": 0.9962107198473424,
    "median_ae_std_test": 0.0203026926354865,
    "median_ae_ci_lower_test": 0.9942150389657027,
    "median_ae_ci_upper_test": 0.9982064007289821,
    "median_ae_samperror_test": 0.001995680881639739,
    "median_ae_t_critical_test": 1.965927295920882,
    "median_ae_df_test": 399,
    "max_error_mean_test": 2.967673261645491,
    "max_error_std_test": 0.3729132743479235,
    "max_error_ci_lower_test": 2.9310172423929,
    "max_error_ci_upper_test": 3.004329280898082,
    "max_error_samperror_test": 0.03665601925259076,
    "max_error_t_critical_test": 1.965927295920882,
    "max_error_df_test": 399,
    "rho_mean_test": 0.22758119873223912,
    "rho_std_test": 0.19752443681175166,
    "rho_ci_lower_test": 0.208165264635258,
    "rho_ci_upper_test": 0.24699713282922023,
    "rho_samperror_test": 0.019415934096981103,
    "rho_t_critical_test": 1.965927295920882,
    "rho_df_test": 399,
    "r2_below_zero_test": 0.2475
  },
  "selected_features": [
    "nodes_T2W10",
    "edges_T2W10",
    "lcc_T2W10"
  ]
}