{
  "best_trial_number": 181,
  "best_value_internal_minimized": 1.0079194287568733,
  "best_params": {
    "regressor": "QuantileRegressor",
    "use_scaler": false,
    "quantile_alpha": 0.0008524707546537274,
    "rfe_n_features": 5
  },
  "best_metadata": {
    "regressor": "QuantileRegressor",
    "use_scaler": false,
    "rfe_estimator": {
      "mode": "original",
      "type": "QuantileRegressor"
    },
    "n_candidate_features": 13,
    "rfe_n_features": 5,
    "rfe_selected_features": [
      "nodes_T2W10",
      "edges_T2W10",
      "pe_T2W10",
      "l2_T2W10",
      "lcc_T2W10"
    ]
  },
  "validation_summary": {
    "n_splits_val": 400,
    "mae_mean_val": 1.0086219441601227,
    "mae_std_val": 0.057264576161831365,
    "mae_ci_lower_val": 1.0029930444918285,
    "mae_ci_upper_val": 1.014250843828417,
    "mae_samperror_val": 0.005628899668294227,
    "mae_t_critical_val": 1.965927295920882,
    "mae_df_val": 399,
    "d2mae_mean_val": 0.013771243147007905,
    "d2mae_std_val": 0.03274347552878642,
    "d2mae_ci_lower_val": 0.010552678531739973,
    "d2mae_ci_upper_val": 0.01698980776227584,
    "d2mae_samperror_val": 0.0032185646152679327,
    "d2mae_t_critical_val": 1.965927295920882,
    "d2mae_df_val": 399,
    "rmse_mean_val": 1.3154890261616194,
    "rmse_std_val": 0.07519584844625217,
    "rmse_ci_lower_val": 1.3080975476115986,
    "rmse_ci_upper_val": 1.3228805047116403,
    "rmse_samperror_val": 0.007391478550020849,
    "rmse_t_critical_val": 1.965927295920882,
    "rmse_df_val": 399,
    "mape_mean_val": 293105203449169.94,
    "mape_std_val": 220465691473752.6,
    "mape_ci_lower_val": 271434227415053.84,
    "mape_ci_upper_val": 314776179483286.0,
    "mape_samperror_val": 21670976034116.094,
    "mape_t_critical_val": 1.965927295920882,
    "mape_df_val": 399,
    "r2_mean_val": 0.042047723041360764,
    "r2_std_val": 0.05134678479995246,
    "r2_ci_lower_val": 0.03700052075156066,
    "r2_ci_upper_val": 0.047094925331160865,
    "r2_samperror_val": 0.0050472022898000995,
    "r2_t_critical_val": 1.965927295920882,
    "r2_df_val": 399,
    "median_ae_mean_val": 0.9949488936201556,
    "median_ae_std_val": 0.014393539959402927,
    "median_ae_ci_lower_val": 0.9935340609655997,
    "median_ae_ci_upper_val": 0.9963637262747115,
    "median_ae_samperror_val": 0.001414832654555908,
    "median_ae_t_critical_val": 1.965927295920882,
    "median_ae_df_val": 399,
    "max_error_mean_val": 3.15629100745176,
    "max_error_std_val": 0.33676915708162425,
    "max_error_ci_lower_val": 3.1231878235352086,
    "max_error_ci_upper_val": 3.1893941913683115,
    "max_error_samperror_val": 0.033103183916551614,
    "max_error_t_critical_val": 1.965927295920882,
    "max_error_df_val": 399,
    "rho_mean_val": 0.21178883047166996,
    "rho_std_val": 0.12526864332678175,
    "rho_ci_lower_val": 0.19945986322939224,
    "rho_ci_upper_val": 0.2241177977139477,
    "rho_samperror_val": 0.012328967242277724,
    "rho_t_critical_val": 1.9659423239762661,
    "rho_df_val": 398,
    "r2_below_zero_val": 0.175
  },
  "test_summary": {
    "n_splits_test": 400,
    "mae_mean_test": 1.0281209321052716,
    "mae_std_test": 0.08903198096526437,
    "mae_ci_lower_test": 1.0193694120257955,
    "mae_ci_upper_test": 1.0368724521847477,
    "mae_samperror_test": 0.00875152007947608,
    "mae_t_critical_test": 1.965927295920882,
    "mae_df_test": 399,
    "d2mae_mean_test": 0.010824302503071776,
    "d2mae_std_test": 0.048406130154733294,
    "d2mae_ci_lower_test": 0.006066155875017321,
    "d2mae_ci_upper_test": 0.015582449131126231,
    "d2mae_samperror_test": 0.004758146628054455,
    "d2mae_t_critical_test": 1.965927295920882,
    "d2mae_df_test": 399,
    "rmse_mean_test": 1.3253118842302696,
    "rmse_std_test": 0.11088164163906926,
    "rmse_ci_lower_test": 1.3144126219345313,
    "rmse_ci_upper_test": 1.3362111465260078,
    "rmse_samperror_test": 0.010899262295738186,
    "rmse_t_critical_test": 1.965927295920882,
    "rmse_df_test": 399,
    "mape_mean_test": 280047218012454.3,
    "mape_std_test": 338431796838513.94,
    "mape_ci_lower_test": 246780602651835.06,
    "mape_ci_upper_test": 313313833373073.56,
    "mape_samperror_test": 33266615360619.25,
    "mape_t_critical_test": 1.965927295920882,
    "mape_df_test": 399,
    "r2_mean_test": 0.03971523269268477,
    "r2_std_test": 0.07300041270976192,
    "r2_ci_lower_test": 0.03253955749470423,
    "r2_ci_upper_test": 0.0468909078906653,
    "r2_samperror_test": 0.0071756751979805316,
    "r2_t_critical_test": 1.965927295920882,
    "r2_df_test": 399,
    "median_ae_mean_test": 0.9945663953731202,
    "median_ae_std_test": 0.021807672208674928,
    "median_ae_ci_lower_test": 0.9924227804703437,
    "median_ae_ci_upper_test": 0.9967100102758967,
    "median_ae_samperror_test": 0.0021436149027764637,
    "median_ae_t_critical_test": 1.965927295920882,
    "median_ae_df_test": 399,
    "max_error_mean_test": 2.9648068260169076,
    "max_error_std_test": 0.3732370647027136,
    "max_error_ci_lower_test": 2.928118979349485,
    "max_error_ci_upper_test": 3.00149467268433,
    "max_error_samperror_test": 0.036687846667422655,
    "max_error_t_critical_test": 1.965927295920882,
    "max_error_df_test": 399,
    "rho_mean_test": 0.20264161948573506,
    "rho_std_test": 0.1969519879587126,
    "rho_ci_lower_test": 0.18325756180491473,
    "rho_ci_upper_test": 0.22202567716655539,
    "rho_samperror_test": 0.019384057680820316,
    "rho_t_critical_test": 1.9659423239762661,
    "rho_df_test": 398,
    "r2_below_zero_test": 0.2625
  },
  "selected_features": [
    "nodes_T2W10",
    "edges_T2W10",
    "pe_T2W10",
    "l2_T2W10",
    "lcc_T2W10"
  ]
}