{
  "best_trial_number": 86,
  "best_value_internal_minimized": 1.0004423159627596,
  "best_params": {
    "regressor": "QuantileRegressor",
    "use_scaler": false,
    "quantile_alpha": 0.00023874188875210514,
    "rfe_n_features": 3
  },
  "best_metadata": {
    "regressor": "QuantileRegressor",
    "use_scaler": false,
    "rfe_estimator": {
      "mode": "original",
      "type": "QuantileRegressor"
    },
    "n_candidate_features": 13,
    "rfe_n_features": 3,
    "rfe_selected_features": [
      "nodes_T2W10",
      "edges_T2W10",
      "lcc_T2W10"
    ]
  },
  "validation_summary": {
    "n_splits_val": 400,
    "mae_mean_val": 1.004595317336345,
    "mae_std_val": 0.05828603151922032,
    "mae_ci_lower_val": 0.9988660123196181,
    "mae_ci_upper_val": 1.0103246223530722,
    "mae_samperror_val": 0.005729305016727005,
    "mae_t_critical_val": 1.965927295920882,
    "mae_df_val": 399,
    "d2mae_mean_val": 0.017731431277284264,
    "d2mae_std_val": 0.034069714482312906,
    "d2mae_ci_lower_val": 0.014382502194033768,
    "d2mae_ci_upper_val": 0.02108036036053476,
    "d2mae_samperror_val": 0.003348929083250496,
    "d2mae_t_critical_val": 1.965927295920882,
    "d2mae_df_val": 399,
    "rmse_mean_val": 1.3124877434161795,
    "rmse_std_val": 0.07549199145777406,
    "rmse_ci_lower_val": 1.3050671550846662,
    "rmse_ci_upper_val": 1.3199083317476927,
    "rmse_samperror_val": 0.007420588331513205,
    "rmse_t_critical_val": 1.965927295920882,
    "rmse_df_val": 399,
    "mape_mean_val": 293134996806077.44,
    "mape_std_val": 220092727352176.5,
    "mape_ci_lower_val": 271500681789311.62,
    "mape_ci_upper_val": 314769311822843.25,
    "mape_samperror_val": 21634315016765.812,
    "mape_t_critical_val": 1.965927295920882,
    "mape_df_val": 399,
    "r2_mean_val": 0.04645148696063644,
    "r2_std_val": 0.05113245238637048,
    "r2_ci_lower_val": 0.04142535276794941,
    "r2_ci_upper_val": 0.051477621153323466,
    "r2_samperror_val": 0.0050261341926870285,
    "r2_t_critical_val": 1.965927295920882,
    "r2_df_val": 399,
    "median_ae_mean_val": 0.9978963040048847,
    "median_ae_std_val": 0.012397463692079178,
    "median_ae_ci_lower_val": 0.9966776783912624,
    "median_ae_ci_upper_val": 0.999114929618507,
    "median_ae_samperror_val": 0.0012186256136223267,
    "median_ae_t_critical_val": 1.965927295920882,
    "median_ae_df_val": 399,
    "max_error_mean_val": 3.1621642351564905,
    "max_error_std_val": 0.34743694252202567,
    "max_error_ci_lower_val": 3.128012446710723,
    "max_error_ci_upper_val": 3.196316023602258,
    "max_error_samperror_val": 0.034151788445767245,
    "max_error_t_critical_val": 1.965927295920882,
    "max_error_df_val": 399,
    "rho_mean_val": 0.22910554861422877,
    "rho_std_val": 0.12206940043962282,
    "rho_ci_lower_val": 0.21710657029818123,
    "rho_ci_upper_val": 0.24110452693027631,
    "rho_samperror_val": 0.01199897831604755,
    "rho_t_critical_val": 1.965927295920882,
    "rho_df_val": 399,
    "r2_below_zero_val": 0.1625
  },
  "test_summary": {
    "n_splits_test": 400,
    "mae_mean_test": 1.0248369876990524,
    "mae_std_test": 0.0891290343580023,
    "mae_ci_lower_test": 1.016075927623879,
    "mae_ci_upper_test": 1.0335980477742257,
    "mae_samperror_test": 0.008761060075173343,
    "mae_t_critical_test": 1.965927295920882,
    "mae_df_test": 399,
    "d2mae_mean_test": 0.01395167200727482,
    "d2mae_std_test": 0.049248230288202674,
    "d2mae_ci_lower_test": 0.009110749997306062,
    "d2mae_ci_upper_test": 0.018792594017243577,
    "d2mae_samperror_test": 0.004840922009968758,
    "d2mae_t_critical_test": 1.965927295920882,
    "d2mae_df_test": 399,
    "rmse_mean_test": 1.323301005594722,
    "rmse_std_test": 0.11085988989134878,
    "rmse_ci_lower_test": 1.3124038814167127,
    "rmse_ci_upper_test": 1.3341981297727314,
    "rmse_samperror_test": 0.010897124178009301,
    "rmse_t_critical_test": 1.965927295920882,
    "rmse_df_test": 399,
    "mape_mean_test": 279527175041428.28,
    "mape_std_test": 337721159608989.75,
    "mape_ci_lower_test": 246330412737160.0,
    "mape_ci_upper_test": 312723937345696.56,
    "mape_samperror_test": 33196762304268.293,
    "mape_t_critical_test": 1.965927295920882,
    "mape_df_test": 399,
    "r2_mean_test": 0.04246297312636403,
    "r2_std_test": 0.07500180086535739,
    "r2_ci_lower_test": 0.035090568748142606,
    "r2_ci_upper_test": 0.04983537750458546,
    "r2_samperror_test": 0.007372404378221426,
    "r2_t_critical_test": 1.965927295920882,
    "r2_df_test": 399,
    "median_ae_mean_test": 0.9962933761956921,
    "median_ae_std_test": 0.019912195484394535,
    "median_ae_ci_lower_test": 0.9943360797644679,
    "median_ae_ci_upper_test": 0.9982506726269164,
    "median_ae_samperror_test": 0.0019572964312241873,
    "median_ae_t_critical_test": 1.965927295920882,
    "median_ae_df_test": 399,
    "max_error_mean_test": 2.9670117370415356,
    "max_error_std_test": 0.3775975106688786,
    "max_error_ci_lower_test": 2.9298952743867495,
    "max_error_ci_upper_test": 3.004128199696322,
    "max_error_samperror_test": 0.03711646265478624,
    "max_error_t_critical_test": 1.965927295920882,
    "max_error_df_test": 399,
    "rho_mean_test": 0.2334550488342223,
    "rho_std_test": 0.19691821306396656,
    "rho_ci_lower_test": 0.2140987043279015,
    "rho_ci_upper_test": 0.2528113933405431,
    "rho_samperror_test": 0.019356344506320795,
    "rho_t_critical_test": 1.965927295920882,
    "rho_df_test": 399,
    "r2_below_zero_test": 0.2425
  },
  "selected_features": [
    "nodes_T2W10",
    "edges_T2W10",
    "lcc_T2W10"
  ]
}