{
  "mean_abs_shap": {
    "nodes_T2W10": 0.30062082470783313,
    "edges_T2W10": 0.3748389842528495,
    "pe_T2W10": 0.0,
    "l2_T2W10": 0.0,
    "lcc_T2W10": 0.41589597071448725
  },
  "mean_shap": {
    "nodes_T2W10": 0.04772518329239703,
    "edges_T2W10": 0.08281935602553775,
    "pe_T2W10": 0.0,
    "l2_T2W10": 0.0,
    "lcc_T2W10": -0.10815837037644167
  },
  "regressor": "QuantileRegressor",
  "n_subjects": 240,
  "n_features": 5
}