{
  "mean_abs_shap": {
    "nodes_T2W10": 0.3142379776493019,
    "edges_T2W10": 0.3918179802420886,
    "lcc_T2W10": 0.4347347156566057
  },
  "mean_shap": {
    "nodes_T2W10": 0.049886980036464065,
    "edges_T2W10": 0.08657080550881863,
    "lcc_T2W10": -0.1130575954143195
  },
  "regressor": "QuantileRegressor",
  "n_subjects": 240,
  "n_features": 3
}