{
  "mean_abs_shap": {
    "nodes_T2W10": 0.3142379776493019,
    "edges_T2W10": 0.39181798024208897,
    "lcc_T2W10": 0.4347347156566051
  },
  "mean_shap": {
    "nodes_T2W10": 0.049886980036464,
    "edges_T2W10": 0.08657080550881864,
    "lcc_T2W10": -0.11305759541431944
  },
  "regressor": "QuantileRegressor",
  "n_subjects": 240,
  "n_features": 3
}