set,r2_mean,r2_std,r2_ci_lower,r2_ci_upper,rmse_mean,rmse_std,rmse_ci_lower,rmse_ci_upper,mae_mean,mae_std,mae_ci_lower,mae_ci_upper,rho_mean,rho_std,rho_ci_lower,rho_ci_upper,r2_below_zero
TEST,-1.339553643587375e+17,4.854234296289273e+17,-1.8167072287808938e+17,-8.624000583938563e+16,399707439.22350585,1197151150.1327572,282031833.0540526,517383045.3929591,79941490.09357257,239430230.2027656,56406368.842360705,103476611.34478444,0.11927001117502087,0.18254727826183792,0.10132627731847027,0.13721374503157147,0.5
