set,r2_mean,r2_std,r2_ci_lower,r2_ci_upper,rmse_mean,rmse_std,rmse_ci_lower,rmse_ci_upper,mae_mean,mae_std,mae_ci_lower,mae_ci_upper,rho_mean,rho_std,rho_ci_lower,rho_ci_upper,r2_below_zero
VALIDATION,-1.441817983146449e+17,4.8390563454843674e+17,-1.9174796309507923e+17,-9.661563353421056e+16,523623653.80259216,1181638280.894367,407472906.28682905,639774401.3183553,73321979.84845558,165462455.27557057,57057621.98463897,89586337.7122722,0.10146874012959885,0.12003748855547515,0.0896694913653489,0.1132679888938488,0.5425
