set,r2_mean,r2_std,r2_ci_lower,r2_ci_upper,rmse_mean,rmse_std,rmse_ci_lower,rmse_ci_upper,mae_mean,mae_std,mae_ci_lower,mae_ci_upper,rho_mean,rho_std,rho_ci_lower,rho_ci_upper,r2_below_zero
VALIDATION,-0.019949507463070313,0.0626296777706952,-0.026105777116277262,-0.013793237809863364,1.3940824734922705,0.07935681741142314,1.3862819868189442,1.4018829601655969,1.085084716603367,0.0599530627588817,1.07919154847578,1.0909778847309541,0.0966766330227566,0.13584583205806502,0.0833234815587549,0.1100297844867583,0.48
