set,r2_mean,r2_std,r2_ci_lower,r2_ci_upper,rmse_mean,rmse_std,rmse_ci_lower,rmse_ci_upper,mae_mean,mae_std,mae_ci_lower,mae_ci_upper,rho_mean,rho_std,rho_ci_lower,rho_ci_upper,r2_below_zero
TEST,-0.026372644479466807,0.08942009044793373,-0.03516231431023216,-0.017582974648701455,1.3511375307565487,0.11891895546018323,1.33944822972947,1.3628268317836274,1.0443449037916384,0.08387619973402953,1.0361001782648764,1.0525896293184003,0.08925299494929993,0.18611726125206715,0.0709583447424261,0.10754764515617377,0.4975
