set,r2_mean,r2_std,r2_ci_lower,r2_ci_upper,rmse_mean,rmse_std,rmse_ci_lower,rmse_ci_upper,mae_mean,mae_std,mae_ci_lower,mae_ci_upper,rho_mean,rho_std,rho_ci_lower,rho_ci_upper,r2_below_zero
VALIDATION,-0.014941815827483884,0.02879436662805849,-0.01777219739362656,-0.01211143426134121,7.700286429215621,0.32970081932794726,7.667878037205406,7.732694821225835,6.538328904312641,0.2501642278276334,6.513738670115175,6.562919138510106,0.011191242694861565,0.12183163820613455,-0.0007843644579482983,0.02316684984767143,0.71
