set,r2_mean,r2_std,r2_ci_lower,r2_ci_upper,rmse_mean,rmse_std,rmse_ci_lower,rmse_ci_upper,mae_mean,mae_std,mae_ci_lower,mae_ci_upper,rho_mean,rho_std,rho_ci_lower,rho_ci_upper,r2_below_zero
TEST,-0.015250341518700514,0.03542539113486585,-0.018732528688735834,-0.011768154348665193,7.769642793696699,0.5044587512464148,7.720056332259625,7.819229255133773,6.592626624645363,0.39568575789514526,6.553732153042703,6.631521096248023,0.0231820592247178,0.19134023868607897,0.004374009322668834,0.04199010912676677,0.64
