feature,mean_coef,std_coef,frac_nonzero
cc_T7W40,35.709768205311605,9.57734210614683,1.0
lsc_T7W30,0.733470740015624,0.1889674931235919,1.0
