set,r2_mean,r2_std,r2_ci_lower,r2_ci_upper,rmse_mean,rmse_std,rmse_ci_lower,rmse_ci_upper,mae_mean,mae_std,mae_ci_lower,mae_ci_upper,rho_mean,rho_std,rho_ci_lower,rho_ci_upper,r2_below_zero
TEST,-0.0011408019667411007,0.026849606105633386,-0.0037800206431305326,0.0014984167096483312,7.784863840846917,0.48923338284717016,7.736773977776169,7.832953703917665,6.644492091407983,0.3845168551830631,6.606695482340681,6.682288700475285,0.07614028318562566,0.18552366801659947,0.05790398103596582,0.09437658533528549,0.445
