set,r2_mean,r2_std,r2_ci_lower,r2_ci_upper,rmse_mean,rmse_std,rmse_ci_lower,rmse_ci_upper,mae_mean,mae_std,mae_ci_lower,mae_ci_upper,rho_mean,rho_std,rho_ci_lower,rho_ci_upper,r2_below_zero
VALIDATION,-0.002860881807158909,0.01761251159499761,-0.004592127671875351,-0.0011296359424424675,7.608617230999312,0.31303757983264546,7.577846774857211,7.639387687141412,6.4554752525253205,0.24349896915667646,6.431540189025635,6.479410316025006,0.04940938293730935,0.10950937124655458,0.0386450098326726,0.0601737560419461,0.48
