{
  "best_trial_number": 18,
  "best_value_internal_minimized": 2.8172368788022117,
  "best_params": {
    "regressor": "LinearRegression",
    "use_scaler": false,
    "rfe_n_features": 3
  },
  "best_metadata": {
    "regressor": "LinearRegression",
    "use_scaler": false,
    "rfe_estimator": {
      "mode": "original",
      "type": "LinearRegression"
    },
    "n_candidate_features": 13,
    "rfe_n_features": 3,
    "rfe_selected_features": [
      "l1_T6W30",
      "atd_T6W30",
      "density_T6W30"
    ]
  },
  "validation_summary": {
    "n_splits_val": 900,
    "mae_mean_val": 2.8172404490906118,
    "mae_std_val": 0.1336112962070896,
    "mae_ci_lower_val": 2.808499570171132,
    "mae_ci_upper_val": 2.8259813280100916,
    "mae_samperror_val": 0.008740878919479923,
    "mae_t_critical_val": 1.962606269292997,
    "mae_df_val": 899,
    "d2mae_mean_val": 0.0005137126932105682,
    "d2mae_std_val": 0.029794630765001277,
    "d2mae_ci_lower_val": -0.0014354582778114823,
    "d2mae_ci_upper_val": 0.002462883664232619,
    "d2mae_samperror_val": 0.0019491709710220506,
    "d2mae_t_critical_val": 1.962606269292997,
    "d2mae_df_val": 899,
    "rmse_mean_val": 3.440073954765488,
    "rmse_std_val": 0.18658600895407657,
    "rmse_ci_lower_val": 3.4278674590676337,
    "rmse_ci_upper_val": 3.452280450463342,
    "rmse_samperror_val": 0.012206495697854333,
    "rmse_t_critical_val": 1.962606269292997,
    "rmse_df_val": 899,
    "mape_mean_val": 969528639202434.5,
    "mape_std_val": 549234219315287.56,
    "mape_ci_lower_val": 933597621797820.2,
    "mape_ci_upper_val": 1005459656607048.8,
    "mape_samperror_val": 35931017404614.27,
    "mape_t_critical_val": 1.962606269292997,
    "mape_df_val": 899,
    "r2_mean_val": 0.005486700705222994,
    "r2_std_val": 0.05452956907823448,
    "r2_ci_lower_val": 0.0019193649007300424,
    "r2_ci_upper_val": 0.009054036509715946,
    "r2_samperror_val": 0.003567335804492952,
    "r2_t_critical_val": 1.962606269292997,
    "r2_df_val": 899,
    "median_ae_mean_val": 2.5456302413992304,
    "median_ae_std_val": 0.1806519301801056,
    "median_ae_ci_lower_val": 2.533811954374852,
    "median_ae_ci_upper_val": 2.557448528423609,
    "median_ae_samperror_val": 0.011818287024378536,
    "median_ae_t_critical_val": 1.962606269292997,
    "median_ae_df_val": 899,
    "max_error_mean_val": 8.307874978302653,
    "max_error_std_val": 1.077779359066638,
    "max_error_ci_lower_val": 8.237366427402028,
    "max_error_ci_upper_val": 8.378383529203278,
    "max_error_samperror_val": 0.07050855090062573,
    "max_error_t_critical_val": 1.962606269292997,
    "max_error_df_val": 899,
    "rho_mean_val": 0.14660908426090083,
    "rho_std_val": 0.12363221817565567,
    "rho_ci_lower_val": 0.13852103871162944,
    "rho_ci_upper_val": 0.15469712981017222,
    "rho_samperror_val": 0.008088045549271382,
    "rho_t_critical_val": 1.962606269292997,
    "rho_df_val": 899,
    "r2_below_zero_val": 0.3711111111111111
  },
  "test_summary": {
    "n_splits_test": 900,
    "mae_mean_test": 2.8437308527218197,
    "mae_std_test": 0.20594856004943937,
    "mae_ci_lower_test": 2.83025765488499,
    "mae_ci_upper_test": 2.8572040505586496,
    "mae_samperror_test": 0.013473197836829834,
    "mae_t_critical_test": 1.962606269292997,
    "mae_df_test": 899,
    "d2mae_mean_test": -0.012451541914957294,
    "d2mae_std_test": 0.04586738746570989,
    "d2mae_ci_lower_test": -0.01545219598816707,
    "d2mae_ci_upper_test": -0.009450887841747519,
    "d2mae_samperror_test": 0.0030006540732097756,
    "d2mae_t_critical_test": 1.962606269292997,
    "d2mae_df_test": 899,
    "rmse_mean_test": 3.4524918260931785,
    "rmse_std_test": 0.27930761177736074,
    "rmse_ci_lower_test": 3.434219463761995,
    "rmse_ci_upper_test": 3.470764188424362,
    "rmse_samperror_test": 0.018272362331183425,
    "rmse_t_critical_test": 1.962606269292997,
    "rmse_df_test": 899,
    "mape_mean_test": 1030675285238831.2,
    "mape_std_test": 836098818145951.0,
    "mape_ci_lower_test": 975977525830774.2,
    "mape_ci_upper_test": 1085373044646888.2,
    "mape_samperror_test": 54697759408056.97,
    "mape_t_critical_test": 1.962606269292997,
    "mape_df_test": 899,
    "r2_mean_test": -0.005634474731847813,
    "r2_std_test": 0.08350560025297322,
    "r2_ci_lower_test": -0.011097428551099818,
    "r2_ci_upper_test": -0.00017152091259580848,
    "r2_samperror_test": 0.005462953819252004,
    "r2_t_critical_test": 1.962606269292997,
    "r2_df_test": 899,
    "median_ae_mean_test": 2.5860378307360845,
    "median_ae_std_test": 0.24812251153192671,
    "median_ae_ci_lower_test": 2.5698056041799084,
    "median_ae_ci_upper_test": 2.6022700572922606,
    "median_ae_samperror_test": 0.01623222655617611,
    "median_ae_t_critical_test": 1.962606269292997,
    "median_ae_df_test": 899,
    "max_error_mean_test": 7.551456965939845,
    "max_error_std_test": 1.2249244583363257,
    "max_error_ci_lower_test": 7.471322151895139,
    "max_error_ci_upper_test": 7.631591779984552,
    "max_error_samperror_test": 0.08013481404470672,
    "max_error_t_critical_test": 1.962606269292997,
    "max_error_df_test": 899,
    "rho_mean_test": 0.1354094047318796,
    "rho_std_test": 0.19134387949260187,
    "rho_ci_lower_test": 0.12289164814911212,
    "rho_ci_upper_test": 0.14792716131464706,
    "rho_samperror_test": 0.012517756582767473,
    "rho_t_critical_test": 1.962606269292997,
    "rho_df_test": 899,
    "r2_below_zero_test": 0.46444444444444444
  },
  "selected_features": [
    "l1_T6W30",
    "atd_T6W30",
    "density_T6W30"
  ]
}