{
  "best_trial_number": 101,
  "best_value_internal_minimized": 2.8269528692338493,
  "best_params": {
    "regressor": "ExtraTreesRegressor",
    "use_scaler": false,
    "et_n_estimators": 475,
    "et_max_depth": 2,
    "et_min_samples_split": 9,
    "et_min_samples_leaf": 5,
    "et_max_features": null,
    "rfe_n_features": 2
  },
  "best_metadata": {
    "regressor": "ExtraTreesRegressor",
    "use_scaler": false,
    "rfe_estimator": {
      "mode": "original",
      "type": "ExtraTreesRegressor"
    },
    "n_candidate_features": 13,
    "rfe_n_features": 2,
    "rfe_selected_features": [
      "nodes_T6W30",
      "density_T6W30"
    ]
  },
  "validation_summary": {
    "n_splits_val": 600,
    "mae_mean_val": 2.8269437882588413,
    "mae_std_val": 0.11885959648678904,
    "mae_ci_lower_val": 2.817413958818862,
    "mae_ci_upper_val": 2.836473617698821,
    "mae_samperror_val": 0.009529829439979437,
    "mae_t_critical_val": 1.9639322489452784,
    "mae_df_val": 599,
    "d2mae_mean_val": -0.0031744136820071947,
    "d2mae_std_val": 0.01920042459004517,
    "d2mae_ci_lower_val": -0.0047138499322274706,
    "d2mae_ci_upper_val": -0.0016349774317869189,
    "d2mae_samperror_val": 0.0015394362502202759,
    "d2mae_t_critical_val": 1.9639322489452784,
    "d2mae_df_val": 599,
    "rmse_mean_val": 3.4356624751770064,
    "rmse_std_val": 0.17625943012836098,
    "rmse_ci_lower_val": 3.421530487891504,
    "rmse_ci_upper_val": 3.449794462462509,
    "rmse_samperror_val": 0.01413198728550244,
    "rmse_t_critical_val": 1.9639322489452784,
    "rmse_df_val": 599,
    "mape_mean_val": 965193080749916.0,
    "mape_std_val": 554774618919689.6,
    "mape_ci_lower_val": 920712806104848.9,
    "mape_ci_upper_val": 1009673355394983.1,
    "mape_samperror_val": 44480274645067.125,
    "mape_t_critical_val": 1.9639322489452784,
    "mape_df_val": 599,
    "r2_mean_val": 0.007385637014818117,
    "r2_std_val": 0.030713794993497658,
    "r2_ci_lower_val": 0.004923090982407013,
    "r2_ci_upper_val": 0.00984818304722922,
    "r2_samperror_val": 0.0024625460324111032,
    "r2_t_critical_val": 1.9639322489452784,
    "r2_df_val": 599,
    "median_ae_mean_val": 2.5411713992075238,
    "median_ae_std_val": 0.17667529846010624,
    "median_ae_ci_lower_val": 2.527006068764311,
    "median_ae_ci_upper_val": 2.5553367296507363,
    "median_ae_samperror_val": 0.014165330443212566,
    "median_ae_t_critical_val": 1.9639322489452784,
    "median_ae_df_val": 599,
    "max_error_mean_val": 8.328811716377116,
    "max_error_std_val": 1.072829385333773,
    "max_error_ci_lower_val": 8.242795261983673,
    "max_error_ci_upper_val": 8.414828170770559,
    "max_error_samperror_val": 0.08601645439344222,
    "max_error_t_critical_val": 1.9639322489452784,
    "max_error_df_val": 599,
    "rho_mean_val": 0.1437340699470744,
    "rho_std_val": 0.12235081816726182,
    "rho_ci_lower_val": 0.13392432413403407,
    "rho_ci_upper_val": 0.15354381576011475,
    "rho_samperror_val": 0.009809745813040336,
    "rho_t_critical_val": 1.9639322489452784,
    "rho_df_val": 599,
    "r2_below_zero_val": 0.32666666666666666
  },
  "test_summary": {
    "n_splits_test": 600,
    "mae_mean_test": 2.850986373099637,
    "mae_std_test": 0.18512130575073124,
    "mae_ci_lower_test": 2.836143865454856,
    "mae_ci_upper_test": 2.8658288807444183,
    "mae_samperror_test": 0.01484250764478102,
    "mae_t_critical_test": 1.9639322489452784,
    "mae_df_test": 599,
    "d2mae_mean_test": -0.012905100629178037,
    "d2mae_std_test": 0.032606771889534016,
    "d2mae_ci_lower_test": -0.015519420245601377,
    "d2mae_ci_upper_test": -0.010290781012754697,
    "d2mae_samperror_test": 0.0026143196164233394,
    "d2mae_t_critical_test": 1.9639322489452784,
    "d2mae_df_test": 599,
    "rmse_mean_test": 3.4475678407236727,
    "rmse_std_test": 0.2700376791240068,
    "rmse_ci_lower_test": 3.425916976170168,
    "rmse_ci_upper_test": 3.4692187052771772,
    "rmse_samperror_test": 0.0216508645535046,
    "rmse_t_critical_test": 1.9639322489452784,
    "rmse_df_test": 599,
    "mape_mean_test": 1063714497723897.9,
    "mape_std_test": 838990599799046.0,
    "mape_ci_lower_test": 996446582013620.1,
    "mape_ci_upper_test": 1130982413434175.8,
    "mape_samperror_test": 67267915710277.79,
    "mape_t_critical_test": 1.9639322489452784,
    "mape_df_test": 599,
    "r2_mean_test": 0.0018778837613754107,
    "r2_std_test": 0.05183475286936794,
    "r2_ci_lower_test": -0.002278081499397332,
    "r2_ci_upper_test": 0.006033849022148154,
    "r2_samperror_test": 0.004155965260772743,
    "r2_t_critical_test": 1.9639322489452784,
    "r2_df_test": 599,
    "median_ae_mean_test": 2.571750304220995,
    "median_ae_std_test": 0.23707097840160676,
    "median_ae_ci_lower_test": 2.552742617369328,
    "median_ae_ci_upper_test": 2.5907579910726617,
    "median_ae_samperror_test": 0.019007686851666802,
    "median_ae_t_critical_test": 1.9639322489452784,
    "median_ae_df_test": 599,
    "max_error_mean_test": 7.583701832476299,
    "max_error_std_test": 1.2477123331021203,
    "max_error_ci_lower_test": 7.483663753296519,
    "max_error_ci_upper_test": 7.683739911656079,
    "max_error_samperror_test": 0.10003807917977928,
    "max_error_t_critical_test": 1.9639322489452784,
    "max_error_df_test": 599,
    "rho_mean_test": 0.14274469944883736,
    "rho_std_test": 0.1997538336407659,
    "rho_ci_lower_test": 0.12672899671346666,
    "rho_ci_upper_test": 0.15876040218420806,
    "rho_samperror_test": 0.01601570273537071,
    "rho_t_critical_test": 1.9639322489452784,
    "rho_df_test": 599,
    "r2_below_zero_test": 0.41
  },
  "selected_features": [
    "nodes_T6W30",
    "density_T6W30"
  ]
}