set,r2_mean,r2_std,r2_ci_lower,r2_ci_upper,rmse_mean,rmse_std,rmse_ci_lower,rmse_ci_upper,mae_mean,mae_std,mae_ci_lower,mae_ci_upper,rho_mean,rho_std,rho_ci_lower,rho_ci_upper,r2_below_zero
VALIDATION,-0.010423926688201713,0.018002676764570385,-0.01219352437075719,-0.008654329005646236,7.771312167491314,0.3371105703127167,7.738175423895253,7.804448911087375,6.658410018786265,0.2516496381841935,6.633673774150519,6.683146263422011,-0.009663320578964468,0.12152456071111035,-0.02160874313030278,0.002282101972373843,0.765
