set,r2_mean,r2_std,r2_ci_lower,r2_ci_upper,rmse_mean,rmse_std,rmse_ci_lower,rmse_ci_upper,mae_mean,mae_std,mae_ci_lower,mae_ci_upper,rho_mean,rho_std,rho_ci_lower,rho_ci_upper,r2_below_zero
TEST,-0.011025340842811357,0.02559549659584029,-0.01354128511333198,-0.008509396572290735,7.724203230089786,0.4847880353490011,7.6765503285183625,7.771856131661209,6.57855461282069,0.3553749950006449,6.543622542672714,6.613486682968666,0.005731976921786735,0.18222844870601107,-0.012180417148436538,0.023644370992010007,0.7025
