target,window,set,metric,mean,std,ci_lower,ci_upper,t_critical,df,significant
COG_V1,T7W30,VALIDATION,R2,-0.01649,0.0415,-0.02057,-0.012411,1.9659,399,True
COG_V1,T7W30,VALIDATION,RMSE,1.346254,0.076974,1.338688,1.35382,1.9659,399,True
COG_V1,T7W30,VALIDATION,MAE,1.036684,0.05508,1.03127,1.042099,1.9659,399,True
COG_V1,T7W30,VALIDATION,rho,-0.047236,0.132283,-0.060239,-0.034233,1.9659,399,True
COG_V1,T7W30,TEST,R2,-0.018912,0.037939,-0.022642,-0.015183,1.9659,399,True
COG_V1,T7W30,TEST,RMSE,1.355373,0.111941,1.34437,1.366377,1.9659,399,True
COG_V1,T7W30,TEST,MAE,1.040928,0.079479,1.033115,1.04874,1.9659,399,True
COG_V1,T7W30,TEST,rho,-0.066615,0.195329,-0.085815,-0.047415,1.9659,399,True
