set,r2_mean,r2_std,r2_ci_lower,r2_ci_upper,rmse_mean,rmse_std,rmse_ci_lower,rmse_ci_upper,mae_mean,mae_std,mae_ci_lower,mae_ci_upper,rho_mean,rho_std,rho_ci_lower,rho_ci_upper,r2_below_zero
TEST,-0.018912486543093722,0.037938545409222944,-0.022641707642469984,-0.01518326544371746,1.3553732573931592,0.11194090110340936,1.3443698737427006,1.3663766410436178,1.0409276702858226,0.07947924699220543,1.0331151492297619,1.0487401913418832,-0.06661510788062219,0.19532948689060867,-0.08581528637944558,-0.04741492938179881,0.7875
