set,r2_mean,r2_std,r2_ci_lower,r2_ci_upper,rmse_mean,rmse_std,rmse_ci_lower,rmse_ci_upper,mae_mean,mae_std,mae_ci_lower,mae_ci_upper,rho_mean,rho_std,rho_ci_lower,rho_ci_upper,r2_below_zero
VALIDATION,-0.016490241266717446,0.04149986073009784,-0.02056952671602817,-0.012410955817406723,1.3462538147779184,0.07697406060926161,1.3386875444364377,1.353820085119399,1.0366844697304713,0.05507972696980932,1.0312703327953805,1.0420986066655622,-0.04723605700120248,0.1322826622220364,-0.06023896182317165,-0.03423315217923331,0.775
