set,r2_mean,r2_std,r2_ci_lower,r2_ci_upper,rmse_mean,rmse_std,rmse_ci_lower,rmse_ci_upper,mae_mean,mae_std,mae_ci_lower,mae_ci_upper,rho_mean,rho_std,rho_ci_lower,rho_ci_upper,r2_below_zero
VALIDATION,-0.018870170617284965,0.042374955061739834,-0.02303547465824972,-0.01470486657632021,2.259101003939675,0.149722650573687,2.2443838116606534,2.2738181962186967,1.7555831800835302,0.09620907056845651,1.746126178186245,1.7650401819808155,0.050968823854280476,0.11789177502001932,0.0393804909304595,0.06255715677810145,0.61
