set,r2_mean,r2_std,r2_ci_lower,r2_ci_upper,rmse_mean,rmse_std,rmse_ci_lower,rmse_ci_upper,mae_mean,mae_std,mae_ci_lower,mae_ci_upper,rho_mean,rho_std,rho_ci_lower,rho_ci_upper,r2_below_zero
TEST,-0.024983764838263936,0.06842834842158961,-0.03171002273710331,-0.018257506939424555,2.2251726316419806,0.23417790302762806,2.202153795058804,2.248191468225157,1.7252928042566305,0.1512078155415678,1.7104296256601434,1.7401559828531175,0.044549875705051534,0.20390659971796649,0.02450659819485336,0.06459315321524971,0.62
