{
  "best_trial_number": 69,
  "best_value_internal_minimized": 2.825585973412127,
  "best_params": {
    "regressor": "QuantileRegressor",
    "use_scaler": true,
    "quantile_alpha": 0.0013154915843893178,
    "rfe_n_features": 6
  },
  "best_metadata": {
    "regressor": "QuantileRegressor",
    "use_scaler": true,
    "rfe_estimator": {
      "mode": "original",
      "type": "QuantileRegressor"
    },
    "n_candidate_features": 9,
    "rfe_n_features": 6,
    "rfe_selected_features": [
      "z_re_T6W40",
      "z_l1_T6W40",
      "z_l2_T6W40",
      "z_l3_T6W40",
      "z_diameter_T6W40",
      "z_asp_T6W40"
    ]
  },
  "validation_summary": {
    "n_splits_val": 400,
    "mae_mean_val": 2.8152343744188544,
    "mae_std_val": 0.18465042828175315,
    "mae_ci_lower_val": 2.7970839085607255,
    "mae_ci_upper_val": 2.8333848402769832,
    "mae_samperror_val": 0.018150465858128986,
    "mae_t_critical_val": 1.965927295920882,
    "mae_df_val": 399,
    "d2mae_mean_val": 0.0012941948164777303,
    "d2mae_std_val": 0.0527394217788978,
    "d2mae_ci_lower_val": -0.0038898986258332413,
    "d2mae_ci_upper_val": 0.006478288258788702,
    "d2mae_samperror_val": 0.0051840934423109716,
    "d2mae_t_critical_val": 1.965927295920882,
    "d2mae_df_val": 399,
    "rmse_mean_val": 3.543458991775623,
    "rmse_std_val": 0.24904969550727382,
    "rmse_ci_lower_val": 3.5189783120536964,
    "rmse_ci_upper_val": 3.56793967149755,
    "rmse_samperror_val": 0.024480679721926694,
    "rmse_t_critical_val": 1.965927295920882,
    "rmse_df_val": 399,
    "mape_mean_val": 950391882556471.6,
    "mape_std_val": 545333408015478.25,
    "mape_ci_lower_val": 896787590946712.2,
    "mape_ci_upper_val": 1003996174166231.0,
    "mape_samperror_val": 53604291609759.414,
    "mape_t_critical_val": 1.965927295920882,
    "mape_df_val": 399,
    "r2_mean_val": -0.057940261738168124,
    "r2_std_val": 0.10425046705762296,
    "r2_ci_lower_val": -0.0681877036782222,
    "r2_ci_upper_val": -0.04769281979811404,
    "r2_samperror_val": 0.010247441940054084,
    "r2_t_critical_val": 1.965927295920882,
    "r2_df_val": 399,
    "median_ae_mean_val": 2.337300855540264,
    "median_ae_std_val": 0.2654343016553935,
    "median_ae_ci_lower_val": 2.3112096285953623,
    "median_ae_ci_upper_val": 2.3633920824851655,
    "median_ae_samperror_val": 0.02609122694490177,
    "median_ae_t_critical_val": 1.965927295920882,
    "median_ae_df_val": 399,
    "max_error_mean_val": 9.278537004497553,
    "max_error_std_val": 1.2509412460559077,
    "max_error_ci_lower_val": 9.155574027436822,
    "max_error_ci_upper_val": 9.401499981558283,
    "max_error_samperror_val": 0.12296297706072946,
    "max_error_t_critical_val": 1.965927295920882,
    "max_error_df_val": 399,
    "rho_mean_val": 0.14266794237017957,
    "rho_std_val": 0.13129448216906156,
    "rho_ci_lower_val": 0.12976217205518178,
    "rho_ci_upper_val": 0.15557371268517736,
    "rho_samperror_val": 0.012905770314997784,
    "rho_t_critical_val": 1.965927295920882,
    "rho_df_val": 399,
    "r2_below_zero_val": 0.69
  },
  "test_summary": {
    "n_splits_test": 400,
    "mae_mean_test": 2.8076101632660113,
    "mae_std_test": 0.27466741881275614,
    "mae_ci_lower_test": 2.780611354468805,
    "mae_ci_upper_test": 2.8346089720632177,
    "mae_samperror_test": 0.026998808797206505,
    "mae_t_critical_test": 1.965927295920882,
    "mae_df_test": 399,
    "d2mae_mean_test": 0.00474173296592524,
    "d2mae_std_test": 0.07664801045799599,
    "d2mae_ci_lower_test": -0.0027924878309449367,
    "d2mae_ci_upper_test": 0.012275953762795416,
    "d2mae_samperror_test": 0.007534220796870177,
    "d2mae_t_critical_test": 1.965927295920882,
    "d2mae_df_test": 399,
    "rmse_mean_test": 3.529388176919656,
    "rmse_std_test": 0.379078483713823,
    "rmse_ci_lower_test": 3.4921261399981907,
    "rmse_ci_upper_test": 3.566650213841121,
    "rmse_samperror_test": 0.03726203692146521,
    "rmse_t_critical_test": 1.965927295920882,
    "rmse_df_test": 399,
    "mape_mean_test": 998304189839415.5,
    "mape_std_test": 837199242090161.1,
    "mape_ci_lower_test": 916010547731949.4,
    "mape_ci_upper_test": 1080597831946881.6,
    "mape_samperror_test": 82293642107466.11,
    "mape_t_critical_test": 1.965927295920882,
    "mape_df_test": 399,
    "r2_mean_test": -0.04500244127003658,
    "r2_std_test": 0.146356992587719,
    "r2_ci_lower_test": -0.05938880160389093,
    "r2_ci_upper_test": -0.030616080936182233,
    "r2_samperror_test": 0.01438636033385435,
    "r2_t_critical_test": 1.965927295920882,
    "r2_df_test": 399,
    "median_ae_mean_test": 2.335403692518245,
    "median_ae_std_test": 0.3636248437665,
    "median_ae_ci_lower_test": 2.2996606922264684,
    "median_ae_ci_upper_test": 2.3711466928100213,
    "median_ae_samperror_test": 0.035743000291776426,
    "median_ae_t_critical_test": 1.965927295920882,
    "median_ae_df_test": 399,
    "max_error_mean_test": 8.379515720245243,
    "max_error_std_test": 1.5092296502653004,
    "max_error_ci_lower_test": 8.231163931981758,
    "max_error_ci_upper_test": 8.527867508508727,
    "max_error_samperror_test": 0.14835178826348402,
    "max_error_t_critical_test": 1.965927295920882,
    "max_error_df_test": 399,
    "rho_mean_test": 0.14982731152341147,
    "rho_std_test": 0.1976751633586144,
    "rho_ci_lower_test": 0.1303965615547955,
    "rho_ci_upper_test": 0.16925806149202743,
    "rho_samperror_test": 0.019430749968615973,
    "rho_t_critical_test": 1.965927295920882,
    "rho_df_test": 399,
    "r2_below_zero_test": 0.5825
  },
  "selected_features": [
    "z_re_T6W40",
    "z_l1_T6W40",
    "z_l2_T6W40",
    "z_l3_T6W40",
    "z_diameter_T6W40",
    "z_asp_T6W40"
  ]
}