{
  "mean_abs_shap": {
    "z_re_T6W40": 0.8505977523867566,
    "z_l1_T6W40": 1.1699593680180072,
    "z_l2_T6W40": 0.6823040945717707,
    "z_l3_T6W40": 0.5115746465029931,
    "z_diameter_T6W40": 0.6900540917578072,
    "z_asp_T6W40": 2.3148364340096497
  },
  "mean_shap": {
    "z_re_T6W40": -0.135208960454844,
    "z_l1_T6W40": -0.16407300404464153,
    "z_l2_T6W40": 0.12339091162618077,
    "z_l3_T6W40": 0.14768465069196843,
    "z_diameter_T6W40": 0.012510842028128143,
    "z_asp_T6W40": -0.1071049869163681
  },
  "regressor": "QuantileRegressor",
  "n_subjects": 252,
  "n_features": 6
}