{
  "best_trial_number": 258,
  "best_value_internal_minimized": 6.420358032845501,
  "best_params": {
    "regressor": "ExtraTreesRegressor",
    "use_scaler": false,
    "et_n_estimators": 178,
    "et_max_depth": 12,
    "et_min_samples_split": 8,
    "et_min_samples_leaf": 3,
    "et_max_features": null,
    "rfe_n_features": 2
  },
  "best_metadata": {
    "regressor": "ExtraTreesRegressor",
    "use_scaler": false,
    "rfe_estimator": {
      "mode": "original",
      "type": "ExtraTreesRegressor"
    },
    "n_candidate_features": 10,
    "rfe_n_features": 2,
    "rfe_selected_features": [
      "z_pe_T2W10",
      "z_asp_T2W10"
    ]
  },
  "validation_summary": {
    "n_splits_val": 400,
    "mae_mean_val": 6.460680841438176,
    "mae_std_val": 0.3501310218326166,
    "mae_ci_lower_val": 6.426264234789706,
    "mae_ci_upper_val": 6.495097448086646,
    "mae_samperror_val": 0.034416606648470564,
    "mae_t_critical_val": 1.965927295920882,
    "mae_df_val": 399,
    "d2mae_mean_val": 0.012168809091961639,
    "d2mae_std_val": 0.03872302780202286,
    "d2mae_ci_lower_val": 0.008362476225126642,
    "d2mae_ci_upper_val": 0.015975141958796634,
    "d2mae_samperror_val": 0.0038063328668349965,
    "d2mae_t_critical_val": 1.965927295920882,
    "d2mae_df_val": 399,
    "rmse_mean_val": 7.627411025244007,
    "rmse_std_val": 0.3962206530747318,
    "rmse_ci_lower_val": 7.588463975389646,
    "rmse_ci_upper_val": 7.666358075098368,
    "rmse_samperror_val": 0.03894704985436067,
    "rmse_t_critical_val": 1.965927295920882,
    "rmse_df_val": 399,
    "mape_mean_val": 257243392793704.0,
    "mape_std_val": 532885699609377.7,
    "mape_ci_lower_val": 204862665670305.44,
    "mape_ci_upper_val": 309624119917102.56,
    "mape_samperror_val": 52380727123398.56,
    "mape_t_critical_val": 1.965927295920882,
    "mape_df_val": 399,
    "r2_mean_val": 0.025671301944263796,
    "r2_std_val": 0.06584319581522784,
    "r2_ci_lower_val": 0.019199155149072798,
    "r2_ci_upper_val": 0.032143448739454794,
    "r2_samperror_val": 0.006472146795191,
    "r2_t_critical_val": 1.965927295920882,
    "r2_df_val": 399,
    "median_ae_mean_val": 6.017600104746146,
    "median_ae_std_val": 0.5244310711346057,
    "median_ae_ci_lower_val": 5.966050436867518,
    "median_ae_ci_upper_val": 6.069149772624773,
    "median_ae_samperror_val": 0.05154966787862736,
    "median_ae_t_critical_val": 1.965927295920882,
    "median_ae_df_val": 399,
    "max_error_mean_val": 16.59219079709515,
    "max_error_std_val": 1.8163919835500961,
    "max_error_ci_lower_val": 16.4136460680675,
    "max_error_ci_upper_val": 16.7707355261228,
    "max_error_samperror_val": 0.17854472902765037,
    "max_error_t_critical_val": 1.965927295920882,
    "max_error_df_val": 399,
    "rho_mean_val": 0.17406504943967527,
    "rho_std_val": 0.12367544983771182,
    "rho_ci_lower_val": 0.1619082023061127,
    "rho_ci_upper_val": 0.18622189657323784,
    "rho_samperror_val": 0.012156847133562574,
    "rho_t_critical_val": 1.965927295920882,
    "rho_df_val": 399,
    "r2_below_zero_val": 0.35
  },
  "test_summary": {
    "n_splits_test": 400,
    "mae_mean_test": 6.448259467894745,
    "mae_std_test": 0.4915661333906802,
    "mae_ci_lower_test": 6.399940303925594,
    "mae_ci_upper_test": 6.496578631863897,
    "mae_samperror_test": 0.04831916396915118,
    "mae_t_critical_test": 1.965927295920882,
    "mae_df_test": 399,
    "d2mae_mean_test": 0.00559169743896396,
    "d2mae_std_test": 0.056125254915966594,
    "d2mae_ci_lower_test": 7.478890747314015e-05,
    "d2mae_ci_upper_test": 0.01110860597045478,
    "d2mae_samperror_test": 0.00551690853149082,
    "d2mae_t_critical_test": 1.965927295920882,
    "d2mae_df_test": 399,
    "rmse_mean_test": 7.578845284357088,
    "rmse_std_test": 0.570418035095443,
    "rmse_ci_lower_test": 7.522775265093104,
    "rmse_ci_upper_test": 7.634915303621073,
    "rmse_samperror_test": 0.05607001926398435,
    "rmse_t_critical_test": 1.965927295920882,
    "rmse_df_test": 399,
    "mape_mean_test": 273842839347119.75,
    "mape_std_test": 836449980067139.6,
    "mape_ci_lower_test": 191622846972796.38,
    "mape_ci_upper_test": 356062831721443.1,
    "mape_samperror_test": 82219992374323.38,
    "mape_t_critical_test": 1.965927295920882,
    "mape_df_test": 399,
    "r2_mean_test": 0.017212166610987466,
    "r2_std_test": 0.10011678747313266,
    "r2_ci_lower_test": 0.0073710503473204,
    "r2_ci_upper_test": 0.027053282874654534,
    "r2_samperror_test": 0.009841116263667066,
    "r2_t_critical_test": 1.965927295920882,
    "r2_df_test": 399,
    "median_ae_mean_test": 6.030295239390921,
    "median_ae_std_test": 0.725211093560737,
    "median_ae_ci_lower_test": 5.9590096251841365,
    "median_ae_ci_upper_test": 6.101580853597706,
    "median_ae_samperror_test": 0.07128561420678427,
    "median_ae_t_critical_test": 1.965927295920882,
    "median_ae_df_test": 399,
    "max_error_mean_test": 15.253561514940046,
    "max_error_std_test": 2.167765054846092,
    "max_error_ci_lower_test": 15.040478090316778,
    "max_error_ci_upper_test": 15.466644939563313,
    "max_error_samperror_test": 0.213083424623268,
    "max_error_t_critical_test": 1.965927295920882,
    "max_error_df_test": 399,
    "rho_mean_test": 0.158831625658812,
    "rho_std_test": 0.18049745270398548,
    "rho_ci_lower_test": 0.14108938220306433,
    "rho_ci_upper_test": 0.1765738691145597,
    "rho_samperror_test": 0.017742243455747674,
    "rho_t_critical_test": 1.965927295920882,
    "rho_df_test": 399,
    "r2_below_zero_test": 0.395
  },
  "selected_features": [
    "z_pe_T2W10",
    "z_asp_T2W10"
  ]
}