target,window,set,metric,mean,std,ci_lower,ci_upper,t_critical,df,significant
COG_V1,T6W150,VALIDATION,R2,-0.003466,0.035163,-0.006923,-1e-05,1.9659,399,True
COG_V1,T6W150,VALIDATION,RMSE,1.383473,0.077394,1.375866,1.391081,1.9659,399,True
COG_V1,T6W150,VALIDATION,MAE,1.079425,0.057951,1.073728,1.085121,1.9659,399,True
COG_V1,T6W150,VALIDATION,rho,0.114465,0.129629,0.101723,0.127208,1.9659,399,True
COG_V1,T6W150,TEST,R2,-0.010525,0.058769,-0.016301,-0.004748,1.9659,399,True
COG_V1,T6W150,TEST,RMSE,1.341581,0.11579,1.330199,1.352963,1.9659,399,True
COG_V1,T6W150,TEST,MAE,1.03935,0.081454,1.031343,1.047356,1.9659,399,True
COG_V1,T6W150,TEST,rho,0.102714,0.186652,0.084366,0.121061,1.9659,399,True
