set,r2_mean,r2_std,r2_ci_lower,r2_ci_upper,rmse_mean,rmse_std,rmse_ci_lower,rmse_ci_upper,mae_mean,mae_std,mae_ci_lower,mae_ci_upper,rho_mean,rho_std,rho_ci_lower,rho_ci_upper,r2_below_zero
VALIDATION,-0.003466307034368356,0.035163402661267586,-0.006922741689830501,-9.872378906209973e-06,1.3834732038050532,0.07739447640153581,1.375865608119489,1.3910807994906174,1.0794247078513783,0.0579505165228429,1.0737283827391297,1.085121032963627,0.11446549053897441,0.12962944789552697,0.10172338704032591,0.1272075940376229,0.39
