set,r2_mean,r2_std,r2_ci_lower,r2_ci_upper,rmse_mean,rmse_std,rmse_ci_lower,rmse_ci_upper,mae_mean,mae_std,mae_ci_lower,mae_ci_upper,rho_mean,rho_std,rho_ci_lower,rho_ci_upper,r2_below_zero
TEST,-0.01052460463875851,0.058768554395910985,-0.016301339900195135,-0.004747869377321883,1.3415811436174596,0.11578972595400075,1.330199434475451,1.3529628527594681,1.0393496039195194,0.08145355504758992,1.0313430155586267,1.047356192280412,0.10271352427712845,0.18665208103778969,0.08436630322949709,0.1210607453247598,0.4625
