set,r2_mean,r2_std,r2_ci_lower,r2_ci_upper,rmse_mean,rmse_std,rmse_ci_lower,rmse_ci_upper,mae_mean,mae_std,mae_ci_lower,mae_ci_upper,rho_mean,rho_std,rho_ci_lower,rho_ci_upper,r2_below_zero
TEST,-0.006719267225968798,0.03787377656755749,-0.010442121783657296,-0.0029964126682802995,1.3389184529227414,0.1065042092574203,1.3284494763172598,1.3493874295282229,1.0371925466303948,0.07603663076226615,1.029718422235125,1.0446666710256647,0.0929034195268152,0.20048370688506822,0.07319659993917736,0.11261023911445305,0.4625
