set,r2_mean,r2_std,r2_ci_lower,r2_ci_upper,rmse_mean,rmse_std,rmse_ci_lower,rmse_ci_upper,mae_mean,mae_std,mae_ci_lower,mae_ci_upper,rho_mean,rho_std,rho_ci_lower,rho_ci_upper,r2_below_zero
VALIDATION,-0.005719925356706397,0.036493971695147044,-0.009307150111309078,-0.002132700602103716,1.3848245302413422,0.07387147371459316,1.3775632329130711,1.3920858275696133,1.0803189340296269,0.055527933196696105,1.074860740051754,1.0857771280074997,0.0982874309456673,0.12905541972872303,0.08560175232910616,0.11097310956222844,0.445
