set,r2_mean,r2_std,r2_ci_lower,r2_ci_upper,rmse_mean,rmse_std,rmse_ci_lower,rmse_ci_upper,mae_mean,mae_std,mae_ci_lower,mae_ci_upper,rho_mean,rho_std,rho_ci_lower,rho_ci_upper,r2_below_zero
VALIDATION,-0.01792390627087951,0.049762533160290626,-0.022815382383578678,-0.013032430158180341,2.2558076728245493,0.185590324565292,2.237564818578463,2.2740505270706355,1.7553431712440073,0.1285050960255627,1.742711587446928,1.7679747550410867,0.026205020448980276,0.1310731967286551,0.01332100168835674,0.03908903920960381,0.695
