set,r2_mean,r2_std,r2_ci_lower,r2_ci_upper,rmse_mean,rmse_std,rmse_ci_lower,rmse_ci_upper,mae_mean,mae_std,mae_ci_lower,mae_ci_upper,rho_mean,rho_std,rho_ci_lower,rho_ci_upper,r2_below_zero
TEST,-0.015831995493957897,0.043592644907254216,-0.020116994020185772,-0.011546996967730021,2.194178115738581,0.26483887379776644,2.1681454171875822,2.2202108142895796,1.725182648859929,0.17559742928323963,1.707922059893856,1.7424432378260017,0.04481876158609581,0.18958418511786176,0.026183325366189714,0.06345419780600191,0.6775
