{
  "best_trial_number": 81,
  "best_value_internal_minimized": 2.7828793905870843,
  "best_params": {
    "regressor": "RandomForestRegressor",
    "use_scaler": true,
    "rf_n_estimators": 472,
    "rf_max_depth": 2,
    "rf_min_samples_split": 7,
    "rf_min_samples_leaf": 4,
    "rf_max_features": "sqrt",
    "rfe_n_features": 4
  },
  "best_metadata": {
    "regressor": "RandomForestRegressor",
    "use_scaler": true,
    "rfe_estimator": {
      "mode": "original",
      "type": "RandomForestRegressor"
    },
    "n_candidate_features": 9,
    "rfe_n_features": 4,
    "rfe_selected_features": [
      "z_re_T2W20",
      "z_pe_T2W20",
      "z_l2_T2W20",
      "z_l3_T2W20"
    ]
  },
  "validation_summary": {
    "n_splits_val": 400,
    "mae_mean_val": 2.8047121532435324,
    "mae_std_val": 0.1305859332558667,
    "mae_ci_lower_val": 2.791876030710982,
    "mae_ci_upper_val": 2.817548275776083,
    "mae_samperror_val": 0.01283612253255054,
    "mae_t_critical_val": 1.965927295920882,
    "mae_df_val": 399,
    "d2mae_mean_val": -0.0017067285646034077,
    "d2mae_std_val": 0.03366905618719448,
    "d2mae_ci_lower_val": -0.005016274393918382,
    "d2mae_ci_upper_val": 0.0016028172647115668,
    "d2mae_samperror_val": 0.0033095458293149744,
    "d2mae_t_critical_val": 1.965927295920882,
    "d2mae_df_val": 399,
    "rmse_mean_val": 3.4218476564823663,
    "rmse_std_val": 0.17386419542162487,
    "rmse_ci_lower_val": 3.4047574381042316,
    "rmse_ci_upper_val": 3.438937874860501,
    "rmse_samperror_val": 0.01709021837813474,
    "rmse_t_critical_val": 1.965927295920882,
    "rmse_df_val": 399,
    "mape_mean_val": 981483761845179.4,
    "mape_std_val": 593340445462504.2,
    "mape_ci_lower_val": 923160552969749.8,
    "mape_ci_upper_val": 1039806970720609.0,
    "mape_samperror_val": 58323208875429.625,
    "mape_t_critical_val": 1.965927295920882,
    "mape_df_val": 399,
    "r2_mean_val": 0.013144568006768824,
    "r2_std_val": 0.0576634885521342,
    "r2_ci_lower_val": 0.007476456700635728,
    "r2_ci_upper_val": 0.01881267931290192,
    "r2_samperror_val": 0.005668111306133096,
    "r2_t_critical_val": 1.965927295920882,
    "r2_df_val": 399,
    "median_ae_mean_val": 2.482896627170596,
    "median_ae_std_val": 0.24786816747238533,
    "median_ae_ci_lower_val": 2.4585320873594037,
    "median_ae_ci_upper_val": 2.5072611669817886,
    "median_ae_samperror_val": 0.024364539811192538,
    "median_ae_t_critical_val": 1.965927295920882,
    "median_ae_df_val": 399,
    "max_error_mean_val": 8.199188758754945,
    "max_error_std_val": 0.885984639975211,
    "max_error_ci_lower_val": 8.11209968938025,
    "max_error_ci_upper_val": 8.28627782812964,
    "max_error_samperror_val": 0.08708906937469514,
    "max_error_t_critical_val": 1.965927295920882,
    "max_error_df_val": 399,
    "rho_mean_val": 0.1141880504281534,
    "rho_std_val": 0.12495382414166523,
    "rho_ci_lower_val": 0.10190554374766353,
    "rho_ci_upper_val": 0.12647055710864327,
    "rho_samperror_val": 0.012282506680489868,
    "rho_t_critical_val": 1.965927295920882,
    "rho_df_val": 399,
    "r2_below_zero_val": 0.3675
  },
  "test_summary": {
    "n_splits_test": 400,
    "mae_mean_test": 2.8694780395026545,
    "mae_std_test": 0.22138678117385188,
    "mae_ci_lower_test": 2.8477165236993676,
    "mae_ci_upper_test": 2.8912395553059413,
    "mae_samperror_test": 0.021761515803286932,
    "mae_t_critical_test": 1.965927295920882,
    "mae_df_test": 399,
    "d2mae_mean_test": -0.00229071342749391,
    "d2mae_std_test": 0.051793093559533855,
    "d2mae_ci_lower_test": -0.007381786245937492,
    "d2mae_ci_upper_test": 0.0028003593909496725,
    "d2mae_samperror_test": 0.005091072818443582,
    "d2mae_t_critical_test": 1.965927295920882,
    "d2mae_df_test": 399,
    "rmse_mean_test": 3.493410936314889,
    "rmse_std_test": 0.28654566106997914,
    "rmse_ci_lower_test": 3.465244539483631,
    "rmse_ci_upper_test": 3.5215773331461473,
    "rmse_samperror_test": 0.02816639683125828,
    "rmse_t_critical_test": 1.965927295920882,
    "rmse_df_test": 399,
    "mape_mean_test": 879329873098293.0,
    "mape_std_test": 868975240463285.0,
    "mape_ci_lower_test": 793912765862983.8,
    "mape_ci_upper_test": 964746980333602.2,
    "mape_samperror_test": 85417107235309.2,
    "mape_t_critical_test": 1.965927295920882,
    "mape_df_test": 399,
    "r2_mean_test": 0.013794772698173972,
    "r2_std_test": 0.08854527938294907,
    "r2_ci_lower_test": 0.005091093614979968,
    "r2_ci_upper_test": 0.022498451781367976,
    "r2_samperror_test": 0.008703679083194004,
    "r2_t_critical_test": 1.965927295920882,
    "r2_df_test": 399,
    "median_ae_mean_test": 2.5787187242459937,
    "median_ae_std_test": 0.3496884547223174,
    "median_ae_ci_lower_test": 2.544345620335644,
    "median_ae_ci_upper_test": 2.6130918281563433,
    "median_ae_samperror_test": 0.03437310391034986,
    "median_ae_t_critical_test": 1.965927295920882,
    "median_ae_df_test": 399,
    "max_error_mean_test": 7.6072973929431456,
    "max_error_std_test": 1.1620727988974706,
    "max_error_ci_lower_test": 7.49306986118316,
    "max_error_ci_upper_test": 7.7215249247031315,
    "max_error_samperror_test": 0.11422753175998576,
    "max_error_t_critical_test": 1.965927295920882,
    "max_error_df_test": 399,
    "rho_mean_test": 0.11380042139576223,
    "rho_std_test": 0.2028206398267673,
    "rho_ci_lower_test": 0.09386388979518324,
    "rho_ci_upper_test": 0.13373695299634122,
    "rho_samperror_test": 0.019936531600578986,
    "rho_t_critical_test": 1.965927295920882,
    "rho_df_test": 399,
    "r2_below_zero_test": 0.43
  },
  "selected_features": [
    "z_re_T2W20",
    "z_pe_T2W20",
    "z_l2_T2W20",
    "z_l3_T2W20"
  ]
}