{
  "best_trial_number": 272,
  "best_value_internal_minimized": 2.7735339945276243,
  "best_params": {
    "regressor": "QuantileRegressor",
    "use_scaler": false,
    "quantile_alpha": 0.0037617903189349987,
    "rfe_n_features": 2
  },
  "best_metadata": {
    "regressor": "QuantileRegressor",
    "use_scaler": false,
    "rfe_estimator": {
      "mode": "original",
      "type": "QuantileRegressor"
    },
    "n_candidate_features": 9,
    "rfe_n_features": 2,
    "rfe_selected_features": [
      "z_pe_T2W20",
      "z_l2_T2W20"
    ]
  },
  "validation_summary": {
    "n_splits_val": 400,
    "mae_mean_val": 2.788411639367809,
    "mae_std_val": 0.1175964936115308,
    "mae_ci_lower_val": 2.7768523315330342,
    "mae_ci_upper_val": 2.7999709472025835,
    "mae_samperror_val": 0.011559307834774702,
    "mae_t_critical_val": 1.965927295920882,
    "mae_df_val": 399,
    "d2mae_mean_val": 0.004200423884787799,
    "d2mae_std_val": 0.02374864143322314,
    "d2mae_ci_lower_val": 0.001866018763057249,
    "d2mae_ci_upper_val": 0.006534829006518348,
    "d2mae_samperror_val": 0.0023344051217305496,
    "d2mae_t_critical_val": 1.965927295920882,
    "d2mae_df_val": 399,
    "rmse_mean_val": 3.438123706601252,
    "rmse_std_val": 0.163098125134376,
    "rmse_ci_lower_val": 3.4220917537954927,
    "rmse_ci_upper_val": 3.4541556594070117,
    "rmse_samperror_val": 0.01603195280575947,
    "rmse_t_critical_val": 1.965927295920882,
    "rmse_df_val": 399,
    "mape_mean_val": 903326922436349.8,
    "mape_std_val": 540991345348666.75,
    "mape_ci_lower_val": 850149439802454.5,
    "mape_ci_upper_val": 956504405070245.0,
    "mape_samperror_val": 53177482633895.22,
    "mape_t_critical_val": 1.965927295920882,
    "mape_df_val": 399,
    "r2_mean_val": 0.004271423950582869,
    "r2_std_val": 0.040582910080540296,
    "r2_ci_lower_val": 0.0002822714168210245,
    "r2_ci_upper_val": 0.008260576484344714,
    "r2_samperror_val": 0.003989152533761845,
    "r2_t_critical_val": 1.965927295920882,
    "r2_df_val": 399,
    "median_ae_mean_val": 2.410241381276249,
    "median_ae_std_val": 0.2163741153044279,
    "median_ae_ci_lower_val": 2.3889725923058633,
    "median_ae_ci_upper_val": 2.4315101702466344,
    "median_ae_samperror_val": 0.021268788970385352,
    "median_ae_t_critical_val": 1.965927295920882,
    "median_ae_df_val": 399,
    "max_error_mean_val": 8.478228791192725,
    "max_error_std_val": 0.8747687854259281,
    "max_error_ci_lower_val": 8.392242199548306,
    "max_error_ci_upper_val": 8.564215382837144,
    "max_error_samperror_val": 0.08598659164441945,
    "max_error_t_critical_val": 1.965927295920882,
    "max_error_df_val": 399,
    "rho_mean_val": 0.10424825028576636,
    "rho_std_val": 0.1170443163920784,
    "rho_ci_lower_val": 0.0926256906412049,
    "rho_ci_upper_val": 0.1158708099303278,
    "rho_samperror_val": 0.01162255964456145,
    "rho_t_critical_val": 1.9660496792749909,
    "rho_df_val": 391,
    "r2_below_zero_val": 0.4175
  },
  "test_summary": {
    "n_splits_test": 400,
    "mae_mean_test": 2.8530472381011025,
    "mae_std_test": 0.19255928571311046,
    "mae_ci_lower_test": 2.8341193603077808,
    "mae_ci_upper_test": 2.8719751158944242,
    "mae_samperror_test": 0.018927877793321588,
    "mae_t_critical_test": 1.965927295920882,
    "mae_df_test": 399,
    "d2mae_mean_test": 0.0034258588791407072,
    "d2mae_std_test": 0.03686020565379297,
    "d2mae_ci_lower_test": -0.00019736534226173384,
    "d2mae_ci_upper_test": 0.007049083100543148,
    "d2mae_samperror_test": 0.003623224221402441,
    "d2mae_t_critical_test": 1.965927295920882,
    "d2mae_df_test": 399,
    "rmse_mean_test": 3.5212258861322634,
    "rmse_std_test": 0.2697538524630035,
    "rmse_ci_lower_test": 3.4947100630454218,
    "rmse_ci_upper_test": 3.547741709219105,
    "rmse_samperror_test": 0.02651582308684165,
    "rmse_t_critical_test": 1.965927295920882,
    "rmse_df_test": 399,
    "mape_mean_test": 814074444161323.9,
    "mape_std_test": 798361197673423.1,
    "mape_ci_lower_test": 735598440635810.4,
    "mape_ci_upper_test": 892550447686837.4,
    "mape_samperror_test": 78476003525513.47,
    "mape_t_critical_test": 1.965927295920882,
    "mape_df_test": 399,
    "r2_mean_test": -0.000785807113369488,
    "r2_std_test": 0.06385091167550974,
    "r2_ci_lower_test": -0.007062119619985385,
    "r2_ci_upper_test": 0.005490505393246409,
    "r2_samperror_test": 0.006276312506615897,
    "r2_t_critical_test": 1.965927295920882,
    "r2_df_test": 399,
    "median_ae_mean_test": 2.4676407223353567,
    "median_ae_std_test": 0.32166792379885323,
    "median_ae_ci_lower_test": 2.4360219347544385,
    "median_ae_ci_upper_test": 2.499259509916275,
    "median_ae_samperror_test": 0.03161878758091819,
    "median_ae_t_critical_test": 1.965927295920882,
    "median_ae_df_test": 399,
    "max_error_mean_test": 7.916546561503258,
    "max_error_std_test": 1.113218137111484,
    "max_error_ci_lower_test": 7.807121265400175,
    "max_error_ci_upper_test": 8.025971857606342,
    "max_error_samperror_test": 0.10942529610308306,
    "max_error_t_critical_test": 1.965927295920882,
    "max_error_df_test": 399,
    "rho_mean_test": 0.10364998371687176,
    "rho_std_test": 0.18888360440308058,
    "rho_ci_lower_test": 0.08489374654341826,
    "rho_ci_upper_test": 0.12240622089032525,
    "rho_samperror_test": 0.0187562371734535,
    "rho_t_critical_test": 1.9660496792749909,
    "rho_df_test": 391,
    "r2_below_zero_test": 0.505
  },
  "selected_features": [
    "z_pe_T2W20",
    "z_l2_T2W20"
  ]
}