{
  "mean_abs_shap": {
    "z_re_T2W20": 0.15146131784790182,
    "z_pe_T2W20": 0.2384249115183886,
    "z_l2_T2W20": 0.3010397516621578,
    "z_l3_T2W20": 0.11551097905538184
  },
  "mean_shap": {
    "z_re_T2W20": 0.0044939190768334214,
    "z_pe_T2W20": -0.00265273228268747,
    "z_l2_T2W20": 0.0008312024313260009,
    "z_l3_T2W20": 0.0019471598638387375
  },
  "regressor": "RandomForestRegressor",
  "n_subjects": 237,
  "n_features": 4
}