target,window,set,metric,mean,std,ci_lower,ci_upper,t_critical,df,significant
MOT_V4,T7W30,VALIDATION,R2,-0.001653,0.021621,-0.003778,0.000473,1.9659,399,False
MOT_V4,T7W30,VALIDATION,RMSE,3.436918,0.180038,3.419221,3.454615,1.9659,399,True
MOT_V4,T7W30,VALIDATION,MAE,2.843611,0.114358,2.83237,2.854852,1.9659,399,True
MOT_V4,T7W30,VALIDATION,rho,0.094543,0.122354,0.082516,0.10657,1.9659,399,True
MOT_V4,T7W30,TEST,R2,-0.001325,0.031805,-0.004452,0.001801,1.9659,399,False
MOT_V4,T7W30,TEST,RMSE,3.472774,0.276426,3.445603,3.499946,1.9659,399,True
MOT_V4,T7W30,TEST,MAE,2.875518,0.182369,2.857592,2.893445,1.9659,399,True
MOT_V4,T7W30,TEST,rho,0.109623,0.18469,0.091469,0.127777,1.9659,399,True
