set,r2_mean,r2_std,r2_ci_lower,r2_ci_upper,rmse_mean,rmse_std,rmse_ci_lower,rmse_ci_upper,mae_mean,mae_std,mae_ci_lower,mae_ci_upper,rho_mean,rho_std,rho_ci_lower,rho_ci_upper,r2_below_zero
TEST,-0.0013252707989796207,0.03180470494333871,-0.004451557678320589,0.0018010160803613481,3.4727741819310927,0.2764259532224594,3.4456025155940435,3.499945848268142,2.8755182673420125,0.18236931505913323,2.8575920266213553,2.89344450806267,0.10962306523623098,0.18468974823953896,0.09146873436918772,0.12777739610327424,0.4275
