set,r2_mean,r2_std,r2_ci_lower,r2_ci_upper,rmse_mean,rmse_std,rmse_ci_lower,rmse_ci_upper,mae_mean,mae_std,mae_ci_lower,mae_ci_upper,rho_mean,rho_std,rho_ci_lower,rho_ci_upper,r2_below_zero
VALIDATION,-0.0016526959061264664,0.021620985039138688,-0.0037779601387834547,0.00047256832653052184,3.4369183585588736,0.18003767992615882,3.4192213090958186,3.4546154080219287,2.843610581198087,0.11435810790525125,2.832369594906047,2.854851567490127,0.09454337390680946,0.1223544200680533,0.08251637919739167,0.10657036861622725,0.3975
