set,r2_mean,r2_std,r2_ci_lower,r2_ci_upper,rmse_mean,rmse_std,rmse_ci_lower,rmse_ci_upper,mae_mean,mae_std,mae_ci_lower,mae_ci_upper,rho_mean,rho_std,rho_ci_lower,rho_ci_upper,r2_below_zero
TEST,-0.020461088393239492,0.03842813107719756,-0.024238433984033903,-0.01668374280244508,3.493086419631328,0.26702244380969525,3.466839084085879,3.5193337551767767,2.908388935342265,0.17679616828108838,2.891010514690364,2.9257673559941657,-0.012525868817390035,0.19144839774231773,-0.03134455036148704,0.0062928127267069724,0.72
