set,r2_mean,r2_std,r2_ci_lower,r2_ci_upper,rmse_mean,rmse_std,rmse_ci_lower,rmse_ci_upper,mae_mean,mae_std,mae_ci_lower,mae_ci_upper,rho_mean,rho_std,rho_ci_lower,rho_ci_upper,r2_below_zero
VALIDATION,-0.015741871469763736,0.029007247281308702,-0.018593178430256315,-0.012890564509271157,3.4753402625964807,0.17246866476287157,3.4583872198090626,3.4922933053838987,2.8756773017765243,0.11713966474606981,2.864162898558558,2.8871917049944904,-0.011648394388318583,0.12752740355090394,-0.024183874569250564,0.0008870857926133995,0.7175
