feature,mean_coef,std_coef,frac_nonzero
l2_T2W30,2.518941284395608,0.5214214722430353,1.0
lsc_T7W30,0.5108008882773712,0.17776602525906707,1.0
