{
  "best_trial_number": 162,
  "best_value_internal_minimized": 1.7297123876824512,
  "best_params": {
    "regressor": "ExtraTreesRegressor",
    "use_scaler": true,
    "et_n_estimators": 357,
    "et_max_depth": 6,
    "et_min_samples_split": 9,
    "et_min_samples_leaf": 5,
    "et_max_features": "sqrt",
    "rfe_n_features": 5
  },
  "best_metadata": {
    "regressor": "ExtraTreesRegressor",
    "use_scaler": true,
    "rfe_estimator": {
      "mode": "original",
      "type": "ExtraTreesRegressor"
    },
    "n_candidate_features": 22,
    "rfe_n_features": 5,
    "rfe_selected_features": [
      "edges_T2W20",
      "l1_T2W20",
      "lcc_T2W20",
      "z_l3_T2W20",
      "z_asp_T2W20"
    ]
  },
  "validation_summary": {
    "n_splits_val": 400,
    "mae_mean_val": 1.7262323864179507,
    "mae_std_val": 0.12270253527091673,
    "mae_ci_lower_val": 1.7141711732495613,
    "mae_ci_upper_val": 1.7382935995863402,
    "mae_samperror_val": 0.0120612131683895,
    "mae_t_critical_val": 1.965927295920882,
    "mae_df_val": 399,
    "d2mae_mean_val": -0.0001606482263926856,
    "d2mae_std_val": 0.017261595721743628,
    "d2mae_ci_lower_val": -0.0018574003364190312,
    "d2mae_ci_upper_val": 0.00153610388363366,
    "d2mae_samperror_val": 0.0016967521100263456,
    "d2mae_t_critical_val": 1.965927295920882,
    "d2mae_df_val": 399,
    "rmse_mean_val": 2.223967332144925,
    "rmse_std_val": 0.18309573262249634,
    "rmse_ci_lower_val": 2.205969687218465,
    "rmse_ci_upper_val": 2.241964977071385,
    "rmse_samperror_val": 0.017997644926459853,
    "rmse_t_critical_val": 1.965927295920882,
    "rmse_df_val": 399,
    "mape_mean_val": 0.2655887615864092,
    "mape_std_val": 0.045829380743821924,
    "mape_ci_lower_val": 0.2610839000584377,
    "mape_ci_upper_val": 0.27009362311438073,
    "mape_samperror_val": 0.004504861527971519,
    "mape_t_critical_val": 1.965927295920882,
    "mape_df_val": 399,
    "r2_mean_val": 0.011301216328179242,
    "r2_std_val": 0.025534082173828763,
    "r2_ci_lower_val": 0.008791308872088403,
    "r2_ci_upper_val": 0.013811123784270081,
    "r2_samperror_val": 0.002509907456090839,
    "r2_t_critical_val": 1.965927295920882,
    "r2_df_val": 399,
    "median_ae_mean_val": 1.3745045478933668,
    "median_ae_std_val": 0.13515465518426503,
    "median_ae_ci_lower_val": 1.3612193366034908,
    "median_ae_ci_upper_val": 1.3877897591832429,
    "median_ae_samperror_val": 0.01328521128987607,
    "median_ae_t_critical_val": 1.965927295920882,
    "median_ae_df_val": 399,
    "max_error_mean_val": 5.876844788637581,
    "max_error_std_val": 0.6572863027041635,
    "max_error_ci_lower_val": 5.81223593445153,
    "max_error_ci_upper_val": 5.941453642823633,
    "max_error_samperror_val": 0.06460885418605153,
    "max_error_t_critical_val": 1.965927295920882,
    "max_error_df_val": 399,
    "rho_mean_val": 0.14842097734945253,
    "rho_std_val": 0.12850740515630785,
    "rho_ci_lower_val": 0.13578916657321505,
    "rho_ci_upper_val": 0.16105278812569002,
    "rho_samperror_val": 0.012631810776237474,
    "rho_t_critical_val": 1.965927295920882,
    "rho_df_val": 399,
    "r2_below_zero_val": 0.2875
  },
  "test_summary": {
    "n_splits_test": 400,
    "mae_mean_test": 1.6987081921328262,
    "mae_std_test": 0.17425652056371857,
    "mae_ci_lower_test": 1.6815794096194057,
    "mae_ci_upper_test": 1.7158369746462467,
    "mae_samperror_test": 0.01712878251342064,
    "mae_t_critical_test": 1.965927295920882,
    "mae_df_test": 399,
    "d2mae_mean_test": 0.0013689355802095327,
    "d2mae_std_test": 0.024645055795452845,
    "d2mae_ci_lower_test": -0.0010535838146791612,
    "d2mae_ci_upper_test": 0.0037914549750982266,
    "d2mae_samperror_test": 0.002422519394888694,
    "d2mae_t_critical_test": 1.965927295920882,
    "d2mae_df_test": 399,
    "rmse_mean_test": 2.165726492226704,
    "rmse_std_test": 0.26513051630379414,
    "rmse_ci_lower_test": 2.139665126277543,
    "rmse_ci_upper_test": 2.191787858175865,
    "rmse_samperror_test": 0.026061365949161266,
    "rmse_t_critical_test": 1.965927295920882,
    "rmse_df_test": 399,
    "mape_mean_test": 0.26661594803763755,
    "mape_std_test": 0.06717565755038256,
    "mape_ci_lower_test": 0.260012825097651,
    "mape_ci_upper_test": 0.2732190709776241,
    "mape_samperror_test": 0.006603122939986539,
    "mape_t_critical_test": 1.965927295920882,
    "mape_df_test": 399,
    "r2_mean_test": 0.010679401889808718,
    "r2_std_test": 0.04133680133305167,
    "r2_ci_lower_test": 0.006616144586473469,
    "r2_ci_upper_test": 0.014742659193143968,
    "r2_samperror_test": 0.004063257303335249,
    "r2_t_critical_test": 1.965927295920882,
    "r2_df_test": 399,
    "median_ae_mean_test": 1.3569236155656699,
    "median_ae_std_test": 0.18105137851987896,
    "median_ae_ci_lower_test": 1.3391269232158531,
    "median_ae_ci_upper_test": 1.3747203079154866,
    "median_ae_samperror_test": 0.017796692349816685,
    "median_ae_t_critical_test": 1.965927295920882,
    "median_ae_df_test": 399,
    "max_error_mean_test": 5.2419129773691,
    "max_error_std_test": 0.920476328809505,
    "max_error_ci_lower_test": 5.151433500366317,
    "max_error_ci_upper_test": 5.332392454371882,
    "max_error_samperror_test": 0.09047947700278254,
    "max_error_t_critical_test": 1.965927295920882,
    "max_error_df_test": 399,
    "rho_mean_test": 0.15656132606740186,
    "rho_std_test": 0.18973234673203285,
    "rho_ci_lower_test": 0.13791132609942044,
    "rho_ci_upper_test": 0.17521132603538328,
    "rho_samperror_test": 0.018649999967981425,
    "rho_t_critical_test": 1.965927295920882,
    "rho_df_test": 399,
    "r2_below_zero_test": 0.3825
  },
  "selected_features": [
    "edges_T2W20",
    "l1_T2W20",
    "lcc_T2W20",
    "z_l3_T2W20",
    "z_asp_T2W20"
  ]
}