{
  "mean_abs_shap": {
    "edges_T2W20": 0.13000747334186963,
    "l1_T2W20": 0.03738925628999952,
    "lcc_T2W20": 0.03146906446178189,
    "z_l3_T2W20": 0.06800247561298926,
    "z_asp_T2W20": 0.0728470032248539
  },
  "mean_shap": {
    "edges_T2W20": 0.0003719739381737985,
    "l1_T2W20": 0.0011139637620551656,
    "lcc_T2W20": 0.00025489414823891683,
    "z_l3_T2W20": 0.0005908796428567588,
    "z_asp_T2W20": -0.0023317114913246123
  },
  "regressor": "ExtraTreesRegressor",
  "n_subjects": 237,
  "n_features": 5
}