set,r2_mean,r2_std,r2_ci_lower,r2_ci_upper,rmse_mean,rmse_std,rmse_ci_lower,rmse_ci_upper,mae_mean,mae_std,mae_ci_lower,mae_ci_upper,rho_mean,rho_std,rho_ci_lower,rho_ci_upper,r2_below_zero
VALIDATION,-0.00869406728992709,0.02424119633026905,-0.011076888767499743,-0.006311245812354439,3.4488005059816063,0.17893806884450397,3.431211544290567,3.4663894676726454,2.8567068361065733,0.11544816391818223,2.845358701271038,2.8680549709421084,0.05038925423070846,0.12531520561997464,0.03807122506459616,0.06270728339682076,0.5475
