set,r2_mean,r2_std,r2_ci_lower,r2_ci_upper,rmse_mean,rmse_std,rmse_ci_lower,rmse_ci_upper,mae_mean,mae_std,mae_ci_lower,mae_ci_upper,rho_mean,rho_std,rho_ci_lower,rho_ci_upper,r2_below_zero
TEST,-0.008364511448121843,0.03146680167987086,-0.011457583665011203,-0.005271439231232484,3.4846975904434117,0.27331161407216786,3.457832052323578,3.511563128563245,2.8880451756226564,0.18126070157004226,2.8702279075779407,2.905862443667372,0.06614179750024711,0.1927331654537871,0.04719682796050533,0.08508676703998888,0.5275
