{
  "best_trial_number": 270,
  "best_value_internal_minimized": 6.426452378072326,
  "best_params": {
    "regressor": "QuantileRegressor",
    "use_scaler": false,
    "quantile_alpha": 0.00012617870458516534,
    "rfe_n_features": 2
  },
  "best_metadata": {
    "regressor": "QuantileRegressor",
    "use_scaler": false,
    "rfe_estimator": {
      "mode": "original",
      "type": "QuantileRegressor"
    },
    "n_candidate_features": 9,
    "rfe_n_features": 2,
    "rfe_selected_features": [
      "z_lsc_T6W30",
      "z_diameter_T6W30"
    ]
  },
  "validation_summary": {
    "n_splits_val": 400,
    "mae_mean_val": 6.44770697772414,
    "mae_std_val": 0.34355635670417156,
    "mae_ci_lower_val": 6.413936636757547,
    "mae_ci_upper_val": 6.481477318690733,
    "mae_samperror_val": 0.0337703409665931,
    "mae_t_critical_val": 1.965927295920882,
    "mae_df_val": 399,
    "d2mae_mean_val": -0.004220604795832015,
    "d2mae_std_val": 0.04023333913947582,
    "d2mae_ci_lower_val": -0.00817539577684889,
    "d2mae_ci_upper_val": -0.00026581381481514087,
    "d2mae_samperror_val": 0.003954790981016874,
    "d2mae_t_critical_val": 1.965927295920882,
    "d2mae_df_val": 399,
    "rmse_mean_val": 7.805866610921122,
    "rmse_std_val": 0.4286539166723622,
    "rmse_ci_lower_val": 7.763731489156642,
    "rmse_ci_upper_val": 7.848001732685601,
    "rmse_samperror_val": 0.0421351217644796,
    "rmse_t_critical_val": 1.965927295920882,
    "rmse_df_val": 399,
    "mape_mean_val": 200092410917854.1,
    "mape_std_val": 401567158991855.75,
    "mape_ci_lower_val": 160619818967479.6,
    "mape_ci_upper_val": 239565002868228.6,
    "mape_samperror_val": 39472591950374.5,
    "mape_t_critical_val": 1.965927295920882,
    "mape_df_val": 399,
    "r2_mean_val": -0.05710625138124911,
    "r2_std_val": 0.08225894169493715,
    "r2_ci_lower_val": -0.06519200632183117,
    "r2_ci_upper_val": -0.04902049644066705,
    "r2_samperror_val": 0.008085754940582064,
    "r2_t_critical_val": 1.965927295920882,
    "r2_df_val": 399,
    "median_ae_mean_val": 5.785522848709258,
    "median_ae_std_val": 0.5333905522990533,
    "median_ae_ci_lower_val": 5.7330924964017065,
    "median_ae_ci_upper_val": 5.837953201016809,
    "median_ae_samperror_val": 0.05243035230755118,
    "median_ae_t_critical_val": 1.965927295920882,
    "median_ae_df_val": 399,
    "max_error_mean_val": 18.20402827821928,
    "max_error_std_val": 2.2651338916345805,
    "max_error_ci_lower_val": 17.981373850895285,
    "max_error_ci_upper_val": 18.426682705543275,
    "max_error_samperror_val": 0.22265442732399573,
    "max_error_t_critical_val": 1.965927295920882,
    "max_error_df_val": 399,
    "rho_mean_val": 0.06825151941250471,
    "rho_std_val": 0.13437745413909657,
    "rho_ci_lower_val": 0.05502606102017774,
    "rho_ci_upper_val": 0.08147697780483167,
    "rho_samperror_val": 0.013225458392326963,
    "rho_t_critical_val": 1.9659423239762661,
    "rho_df_val": 398,
    "r2_below_zero_val": 0.7475
  },
  "test_summary": {
    "n_splits_test": 400,
    "mae_mean_test": 6.58725800404475,
    "mae_std_test": 0.5686863121281985,
    "mae_ci_lower_test": 6.531358206853279,
    "mae_ci_upper_test": 6.64315780123622,
    "mae_samperror_test": 0.0558997971914704,
    "mae_t_critical_test": 1.965927295920882,
    "mae_df_test": 399,
    "d2mae_mean_test": -0.0010032765337782434,
    "d2mae_std_test": 0.061571405341880124,
    "d2mae_ci_lower_test": -0.0070555218542687915,
    "d2mae_ci_upper_test": 0.005048968786712304,
    "d2mae_samperror_test": 0.006052245320490548,
    "d2mae_t_critical_test": 1.965927295920882,
    "d2mae_df_test": 399,
    "rmse_mean_test": 7.9345464613379475,
    "rmse_std_test": 0.6757608711311631,
    "rmse_ci_lower_test": 7.868121624234346,
    "rmse_ci_upper_test": 8.000971298441549,
    "rmse_samperror_test": 0.06642483710360136,
    "rmse_t_critical_test": 1.965927295920882,
    "rmse_df_test": 399,
    "mape_mean_test": 210276299091667.75,
    "mape_std_test": 607519708472598.6,
    "mape_ci_lower_test": 150559320206858.84,
    "mape_ci_upper_test": 269993277976476.66,
    "mape_samperror_test": 59716978884808.914,
    "mape_t_critical_test": 1.965927295920882,
    "mape_df_test": 399,
    "r2_mean_test": -0.042219863220923276,
    "r2_std_test": 0.11282535232330668,
    "r2_ci_lower_test": -0.05331018521113723,
    "r2_ci_upper_test": -0.03112954123070932,
    "r2_samperror_test": 0.011090321990213956,
    "r2_t_critical_test": 1.965927295920882,
    "r2_df_test": 399,
    "median_ae_mean_test": 6.0009282090936935,
    "median_ae_std_test": 0.8038518721845168,
    "median_ae_ci_lower_test": 5.921912492223461,
    "median_ae_ci_upper_test": 6.079943925963926,
    "median_ae_samperror_test": 0.07901571687023229,
    "median_ae_t_critical_test": 1.965927295920882,
    "median_ae_df_test": 399,
    "max_error_mean_test": 16.852650571825723,
    "max_error_std_test": 2.400794798557998,
    "max_error_ci_lower_test": 16.61666117050622,
    "max_error_ci_upper_test": 17.088639973145227,
    "max_error_samperror_test": 0.23598940131950216,
    "max_error_t_critical_test": 1.965927295920882,
    "max_error_df_test": 399,
    "rho_mean_test": 0.08342057421176187,
    "rho_std_test": 0.1982923563680292,
    "rho_ci_lower_test": 0.06390459717928115,
    "rho_ci_upper_test": 0.10293655124424259,
    "rho_samperror_test": 0.019515977032480723,
    "rho_t_critical_test": 1.9659423239762661,
    "rho_df_test": 398,
    "r2_below_zero_test": 0.605
  },
  "selected_features": [
    "z_lsc_T6W30",
    "z_diameter_T6W30"
  ]
}