{
  "best_trial_number": 82,
  "best_value_internal_minimized": 6.428776569590069,
  "best_params": {
    "regressor": "QuantileRegressor",
    "use_scaler": true,
    "quantile_alpha": 0.00020033665584113386,
    "rfe_n_features": 3
  },
  "best_metadata": {
    "regressor": "QuantileRegressor",
    "use_scaler": true,
    "rfe_estimator": {
      "mode": "original",
      "type": "QuantileRegressor"
    },
    "n_candidate_features": 9,
    "rfe_n_features": 3,
    "rfe_selected_features": [
      "z_lsc_T6W30",
      "z_diameter_T6W30",
      "z_asp_T6W30"
    ]
  },
  "validation_summary": {
    "n_splits_val": 400,
    "mae_mean_val": 6.459859354327961,
    "mae_std_val": 0.3649524777720358,
    "mae_ci_lower_val": 6.423985852439661,
    "mae_ci_upper_val": 6.495732856216262,
    "mae_samperror_val": 0.035873501888300206,
    "mae_t_critical_val": 1.965927295920882,
    "mae_df_val": 399,
    "d2mae_mean_val": -0.006092435863377737,
    "d2mae_std_val": 0.044139549359615005,
    "d2mae_ci_lower_val": -0.010431193109163447,
    "d2mae_ci_upper_val": -0.001753678617592025,
    "d2mae_samperror_val": 0.004338757245785712,
    "d2mae_t_critical_val": 1.965927295920882,
    "d2mae_df_val": 399,
    "rmse_mean_val": 7.906094240034407,
    "rmse_std_val": 0.45588487442477077,
    "rmse_ci_lower_val": 7.861282414112951,
    "rmse_ci_upper_val": 7.950906065955863,
    "rmse_samperror_val": 0.04481182592145602,
    "rmse_t_critical_val": 1.965927295920882,
    "rmse_df_val": 399,
    "mape_mean_val": 188579329769489.9,
    "mape_std_val": 378756591938969.3,
    "mape_ci_lower_val": 151348933639350.56,
    "mape_ci_upper_val": 225809725899629.25,
    "mape_samperror_val": 37230396130139.34,
    "mape_t_critical_val": 1.965927295920882,
    "mape_df_val": 399,
    "r2_mean_val": -0.08494923387829058,
    "r2_std_val": 0.0947938793824062,
    "r2_ci_lower_val": -0.09426712762649578,
    "r2_ci_upper_val": -0.07563134013008538,
    "r2_samperror_val": 0.009317893748205203,
    "r2_t_critical_val": 1.965927295920882,
    "r2_df_val": 399,
    "median_ae_mean_val": 5.642635550906009,
    "median_ae_std_val": 0.5654726611684169,
    "median_ae_ci_lower_val": 5.587051643921608,
    "median_ae_ci_upper_val": 5.69821945789041,
    "median_ae_samperror_val": 0.05558390698440055,
    "median_ae_t_critical_val": 1.965927295920882,
    "median_ae_df_val": 399,
    "max_error_mean_val": 18.73813521271357,
    "max_error_std_val": 2.2085207881606315,
    "max_error_ci_lower_val": 18.521045647660884,
    "max_error_ci_upper_val": 18.955224777766254,
    "max_error_samperror_val": 0.21708956505268426,
    "max_error_t_critical_val": 1.965927295920882,
    "max_error_df_val": 399,
    "rho_mean_val": 0.0811311285657532,
    "rho_std_val": 0.13179950347494312,
    "rho_ci_lower_val": 0.06817571649224272,
    "rho_ci_upper_val": 0.0940865406392637,
    "rho_samperror_val": 0.01295541207351049,
    "rho_t_critical_val": 1.965927295920882,
    "rho_df_val": 399,
    "r2_below_zero_val": 0.8075
  },
  "test_summary": {
    "n_splits_test": 400,
    "mae_mean_test": 6.603881158777186,
    "mae_std_test": 0.5998455503083793,
    "mae_ci_lower_test": 6.54491852174279,
    "mae_ci_upper_test": 6.6628437958115825,
    "mae_samperror_test": 0.05896263703439627,
    "mae_t_critical_test": 1.965927295920882,
    "mae_df_test": 399,
    "d2mae_mean_test": -0.003574463160917598,
    "d2mae_std_test": 0.06840302275653254,
    "d2mae_ci_lower_test": -0.010298231638945827,
    "d2mae_ci_upper_test": 0.0031493053171106305,
    "d2mae_samperror_test": 0.006723768478028229,
    "d2mae_t_critical_test": 1.965927295920882,
    "d2mae_df_test": 399,
    "rmse_mean_test": 8.032319086141811,
    "rmse_std_test": 0.7113839583915342,
    "rmse_ci_lower_test": 7.962392629057703,
    "rmse_ci_upper_test": 8.10224554322592,
    "rmse_samperror_test": 0.0699264570841081,
    "rmse_t_critical_test": 1.965927295920882,
    "rmse_df_test": 399,
    "mape_mean_test": 195516074733962.72,
    "mape_std_test": 565288221671862.1,
    "mape_ci_lower_test": 139950297481598.31,
    "mape_ci_upper_test": 251081851986327.12,
    "mape_samperror_test": 55565777252364.4,
    "mape_t_critical_test": 1.965927295920882,
    "mape_df_test": 399,
    "r2_mean_test": -0.06880937283082574,
    "r2_std_test": 0.1277474612678717,
    "r2_ci_lower_test": -0.08136648388538097,
    "r2_ci_upper_test": -0.056252261776270504,
    "r2_samperror_test": 0.012557111054555233,
    "r2_t_critical_test": 1.965927295920882,
    "r2_df_test": 399,
    "median_ae_mean_test": 5.810302627112646,
    "median_ae_std_test": 0.8543856966137587,
    "median_ae_ci_lower_test": 5.726319619001778,
    "median_ae_ci_upper_test": 5.894285635223515,
    "median_ae_samperror_test": 0.0839830081108683,
    "median_ae_t_critical_test": 1.965927295920882,
    "median_ae_df_test": 399,
    "max_error_mean_test": 17.301970084942376,
    "max_error_std_test": 2.493450300466242,
    "max_error_ci_lower_test": 17.05687298460694,
    "max_error_ci_upper_test": 17.54706718527781,
    "max_error_samperror_test": 0.24509710033543547,
    "max_error_t_critical_test": 1.965927295920882,
    "max_error_df_test": 399,
    "rho_mean_test": 0.09187262750455587,
    "rho_std_test": 0.19486588603553393,
    "rho_ci_lower_test": 0.07271801928450267,
    "rho_ci_upper_test": 0.11102723572460907,
    "rho_samperror_test": 0.0191546082200532,
    "rho_t_critical_test": 1.965927295920882,
    "rho_df_test": 399,
    "r2_below_zero_test": 0.6775
  },
  "selected_features": [
    "z_lsc_T6W30",
    "z_diameter_T6W30",
    "z_asp_T6W30"
  ]
}