{
  "best_trial_number": 8,
  "best_value_internal_minimized": 2.7641614344669225,
  "best_params": {
    "regressor": "QuantileRegressor",
    "use_scaler": false,
    "quantile_alpha": 0.03261332783906558,
    "rfe_n_features": 3
  },
  "best_metadata": {
    "regressor": "QuantileRegressor",
    "use_scaler": false,
    "rfe_estimator": {
      "mode": "original",
      "type": "QuantileRegressor"
    },
    "n_candidate_features": 22,
    "rfe_n_features": 3,
    "rfe_selected_features": [
      "pe_T2W30",
      "z_diameter_T2W30",
      "z_asp_T2W30"
    ]
  },
  "validation_summary": {
    "n_splits_val": 400,
    "mae_mean_val": 2.7635620058361514,
    "mae_std_val": 0.12216385479430981,
    "mae_ci_lower_val": 2.751553743000399,
    "mae_ci_upper_val": 2.775570268671904,
    "mae_samperror_val": 0.012008262835752438,
    "mae_t_critical_val": 1.965927295920882,
    "mae_df_val": 399,
    "d2mae_mean_val": 0.005111319939324426,
    "d2mae_std_val": 0.013449149477881357,
    "d2mae_ci_lower_val": 0.003789317436050074,
    "d2mae_ci_upper_val": 0.006433322442598778,
    "d2mae_samperror_val": 0.001322002503274352,
    "d2mae_t_critical_val": 1.965927295920882,
    "d2mae_df_val": 399,
    "rmse_mean_val": 3.4467594445565224,
    "rmse_std_val": 0.1968011042853764,
    "rmse_ci_lower_val": 3.4274146114174227,
    "rmse_ci_upper_val": 3.466104277695622,
    "rmse_samperror_val": 0.019344833139099675,
    "rmse_t_critical_val": 1.965927295920882,
    "rmse_df_val": 399,
    "mape_mean_val": 819238021163751.0,
    "mape_std_val": 504261750743421.2,
    "mape_ci_lower_val": 769670924159983.8,
    "mape_ci_upper_val": 868805118167518.2,
    "mape_samperror_val": 49567097003767.19,
    "mape_t_critical_val": 1.965927295920882,
    "mape_df_val": 399,
    "r2_mean_val": 0.0023520967832787064,
    "r2_std_val": 0.02740932550919512,
    "r2_ci_lower_val": -0.00034214027578665426,
    "r2_ci_upper_val": 0.005046333842344067,
    "r2_samperror_val": 0.0026942370590653606,
    "r2_t_critical_val": 1.965927295920882,
    "r2_df_val": 399,
    "median_ae_mean_val": 2.4576193188431725,
    "median_ae_std_val": 0.31012108504286745,
    "median_ae_ci_lower_val": 2.427135543536854,
    "median_ae_ci_upper_val": 2.488103094149491,
    "median_ae_samperror_val": 0.030483775306318715,
    "median_ae_t_critical_val": 1.965927295920882,
    "median_ae_df_val": 399,
    "max_error_mean_val": 8.618352029737897,
    "max_error_std_val": 0.9340420737352615,
    "max_error_ci_lower_val": 8.526539089323162,
    "max_error_ci_upper_val": 8.710164970152633,
    "max_error_samperror_val": 0.09181294041473478,
    "max_error_t_critical_val": 1.965927295920882,
    "max_error_df_val": 399,
    "rho_mean_val": 0.11991842021517807,
    "rho_std_val": 0.1283263331652552,
    "rho_ci_lower_val": 0.10622923193290403,
    "rho_ci_upper_val": 0.13360760849745212,
    "rho_samperror_val": 0.013689188282274046,
    "rho_t_critical_val": 1.9669864608404424,
    "rho_df_val": 339,
    "r2_below_zero_val": 0.5
  },
  "test_summary": {
    "n_splits_test": 400,
    "mae_mean_test": 2.671755840311739,
    "mae_std_test": 0.18433073452023602,
    "mae_ci_lower_test": 2.6536367991882153,
    "mae_ci_upper_test": 2.6898748814352627,
    "mae_samperror_test": 0.018119041123523878,
    "mae_t_critical_test": 1.965927295920882,
    "mae_df_test": 399,
    "d2mae_mean_test": 0.005095246900922988,
    "d2mae_std_test": 0.022857149572608818,
    "d2mae_ci_lower_test": 0.0028484721883360875,
    "d2mae_ci_upper_test": 0.007342021613509888,
    "d2mae_samperror_test": 0.0022467747125869,
    "d2mae_t_critical_test": 1.965927295920882,
    "d2mae_df_test": 399,
    "rmse_mean_test": 3.31568568326476,
    "rmse_std_test": 0.28244735927243875,
    "rmse_ci_lower_test": 3.287922134602037,
    "rmse_ci_upper_test": 3.343449231927483,
    "rmse_samperror_test": 0.02776354866272297,
    "rmse_t_critical_test": 1.965927295920882,
    "rmse_df_test": 399,
    "mape_mean_test": 779243793271927.0,
    "mape_std_test": 791678006136060.1,
    "mape_ci_lower_test": 701424723179772.0,
    "mape_ci_upper_test": 857062863364082.0,
    "mape_samperror_test": 77819070092155.02,
    "mape_t_critical_test": 1.965927295920882,
    "mape_df_test": 399,
    "r2_mean_test": 0.011701429144241384,
    "r2_std_test": 0.040437263925189225,
    "r2_ci_lower_test": 0.007726593098097069,
    "r2_ci_upper_test": 0.0156762651903857,
    "r2_samperror_test": 0.003974836046144315,
    "r2_t_critical_test": 1.965927295920882,
    "r2_df_test": 399,
    "median_ae_mean_test": 2.382940074138752,
    "median_ae_std_test": 0.3431716913662197,
    "median_ae_ci_lower_test": 2.3492075443765428,
    "median_ae_ci_upper_test": 2.4166726039009614,
    "median_ae_samperror_test": 0.03373252976220939,
    "median_ae_t_critical_test": 1.965927295920882,
    "median_ae_df_test": 399,
    "max_error_mean_test": 7.570667584813821,
    "max_error_std_test": 1.27413170997872,
    "max_error_ci_lower_test": 7.445425069451545,
    "max_error_ci_upper_test": 7.695910100176096,
    "max_error_samperror_test": 0.12524251536227574,
    "max_error_t_critical_test": 1.965927295920882,
    "max_error_df_test": 399,
    "rho_mean_test": 0.12926046806959707,
    "rho_std_test": 0.20971448892564382,
    "rho_ci_lower_test": 0.10688921305425234,
    "rho_ci_upper_test": 0.1516317230849418,
    "rho_samperror_test": 0.022371255015344725,
    "rho_t_critical_test": 1.9669864608404424,
    "rho_df_test": 339,
    "r2_below_zero_test": 0.4525
  },
  "selected_features": [
    "pe_T2W30",
    "z_diameter_T2W30",
    "z_asp_T2W30"
  ]
}