{
  "best_trial_number": 202,
  "best_value_internal_minimized": 2.758400183988951,
  "best_params": {
    "regressor": "QuantileRegressor",
    "use_scaler": false,
    "quantile_alpha": 0.009993977513456896,
    "rfe_n_features": 2
  },
  "best_metadata": {
    "regressor": "QuantileRegressor",
    "use_scaler": false,
    "rfe_estimator": {
      "mode": "original",
      "type": "QuantileRegressor"
    },
    "n_candidate_features": 22,
    "rfe_n_features": 2,
    "rfe_selected_features": [
      "l3_T2W30",
      "z_pe_T2W30"
    ]
  },
  "validation_summary": {
    "n_splits_val": 400,
    "mae_mean_val": 2.766582211763303,
    "mae_std_val": 0.1440386406992535,
    "mae_ci_lower_val": 2.752423736992403,
    "mae_ci_upper_val": 2.780740686534203,
    "mae_samperror_val": 0.014158474770900148,
    "mae_t_critical_val": 1.965927295920882,
    "mae_df_val": 399,
    "d2mae_mean_val": 0.004037054981783097,
    "d2mae_std_val": 0.030242092879135447,
    "d2mae_ci_lower_val": 0.0010643671879397515,
    "d2mae_ci_upper_val": 0.007009742775626442,
    "d2mae_samperror_val": 0.002972687793843345,
    "d2mae_t_critical_val": 1.965927295920882,
    "d2mae_df_val": 399,
    "rmse_mean_val": 3.439242021483267,
    "rmse_std_val": 0.2156484653806441,
    "rmse_ci_lower_val": 3.418044561262504,
    "rmse_ci_upper_val": 3.4604394817040296,
    "rmse_samperror_val": 0.02119746022076288,
    "rmse_t_critical_val": 1.965927295920882,
    "rmse_df_val": 399,
    "mape_mean_val": 815265429092283.2,
    "mape_std_val": 503171886208257.7,
    "mape_ci_lower_val": 765805461810442.8,
    "mape_ci_upper_val": 864725396374123.8,
    "mape_samperror_val": 49459967281840.484,
    "mape_t_critical_val": 1.965927295920882,
    "mape_df_val": 399,
    "r2_mean_val": 0.006431107693139439,
    "r2_std_val": 0.052044114109878685,
    "r2_ci_lower_val": 0.0013153604671078583,
    "r2_ci_upper_val": 0.01154685491917102,
    "r2_samperror_val": 0.005115747226031581,
    "r2_t_critical_val": 1.965927295920882,
    "r2_df_val": 399,
    "median_ae_mean_val": 2.407787794533826,
    "median_ae_std_val": 0.186386633459063,
    "median_ae_ci_lower_val": 2.3894666660182278,
    "median_ae_ci_upper_val": 2.4261089230494246,
    "median_ae_samperror_val": 0.018321128515598615,
    "median_ae_t_critical_val": 1.965927295920882,
    "median_ae_df_val": 399,
    "max_error_mean_val": 8.688192217247149,
    "max_error_std_val": 0.9938851631985238,
    "max_error_ci_lower_val": 8.590496918680012,
    "max_error_ci_upper_val": 8.785887515814286,
    "max_error_samperror_val": 0.09769529856713792,
    "max_error_t_critical_val": 1.965927295920882,
    "max_error_df_val": 399,
    "rho_mean_val": 0.11653495964080482,
    "rho_std_val": 0.1289633538727084,
    "rho_ci_lower_val": 0.10382632506620947,
    "rho_ci_upper_val": 0.1292435942154002,
    "rho_samperror_val": 0.012708634574595357,
    "rho_t_critical_val": 1.9659574279668237,
    "rho_df_val": 397,
    "r2_below_zero_val": 0.4
  },
  "test_summary": {
    "n_splits_test": 400,
    "mae_mean_test": 2.677246743568186,
    "mae_std_test": 0.20479631208741705,
    "mae_ci_lower_test": 2.6571160105663565,
    "mae_ci_upper_test": 2.6973774765700154,
    "mae_samperror_test": 0.020130733001829243,
    "mae_t_critical_test": 1.965927295920882,
    "mae_df_test": 399,
    "d2mae_mean_test": 0.0028999178014522276,
    "d2mae_std_test": 0.04399591764258259,
    "d2mae_ci_lower_test": -0.001424720968679783,
    "d2mae_ci_upper_test": 0.007224556571584238,
    "d2mae_samperror_test": 0.004324638770132011,
    "d2mae_t_critical_test": 1.965927295920882,
    "d2mae_df_test": 399,
    "rmse_mean_test": 3.307737727856943,
    "rmse_std_test": 0.2955015862756956,
    "rmse_ci_lower_test": 3.2786909961345776,
    "rmse_ci_upper_test": 3.3367844595793086,
    "rmse_samperror_test": 0.029046731722365476,
    "rmse_t_critical_test": 1.965927295920882,
    "rmse_df_test": 399,
    "mape_mean_test": 777712390896560.5,
    "mape_std_test": 790626528197747.5,
    "mape_ci_lower_test": 699996677263404.9,
    "mape_ci_upper_test": 855428104529716.1,
    "mape_samperror_test": 77715713633155.64,
    "mape_t_critical_test": 1.965927295920882,
    "mape_df_test": 399,
    "r2_mean_test": 0.01534123394695373,
    "r2_std_test": 0.07310854059647375,
    "r2_ci_lower_test": 0.008154930170776347,
    "r2_ci_upper_test": 0.02252753772313111,
    "r2_samperror_test": 0.007186303776177383,
    "r2_t_critical_test": 1.965927295920882,
    "r2_df_test": 399,
    "median_ae_mean_test": 2.338128013504375,
    "median_ae_std_test": 0.27121072297106447,
    "median_ae_ci_lower_test": 2.3114689853426125,
    "median_ae_ci_upper_test": 2.364787041666138,
    "median_ae_samperror_test": 0.02665902816176261,
    "median_ae_t_critical_test": 1.965927295920882,
    "median_ae_df_test": 399,
    "max_error_mean_test": 7.563129675755367,
    "max_error_std_test": 1.348305220366795,
    "max_error_ci_lower_test": 7.430596173957782,
    "max_error_ci_upper_test": 7.6956631775529525,
    "max_error_samperror_test": 0.1325335017975851,
    "max_error_t_critical_test": 1.965927295920882,
    "max_error_df_test": 399,
    "rho_mean_test": 0.11984511350463074,
    "rho_std_test": 0.21128006924752132,
    "rho_ci_lower_test": 0.09902461595761265,
    "rho_ci_upper_test": 0.14066561105164882,
    "rho_samperror_test": 0.020820497547018087,
    "rho_t_critical_test": 1.9659574279668237,
    "rho_df_test": 397,
    "r2_below_zero_test": 0.375
  },
  "selected_features": [
    "l3_T2W30",
    "z_pe_T2W30"
  ]
}