{
  "best_trial_number": 21,
  "best_value_internal_minimized": 1.7287534463176875,
  "best_params": {
    "regressor": "ElasticNet",
    "use_scaler": true,
    "elastic_alpha": 0.003934396739328545,
    "elastic_l1_ratio": 0.8448753109694546,
    "rfe_n_features": 2
  },
  "best_metadata": {
    "regressor": "ElasticNet",
    "use_scaler": true,
    "rfe_estimator": {
      "mode": "original",
      "type": "ElasticNet"
    },
    "n_candidate_features": 13,
    "rfe_n_features": 2,
    "rfe_selected_features": [
      "pe_T6W30",
      "l2_T6W30"
    ]
  },
  "validation_summary": {
    "n_splits_val": 400,
    "mae_mean_val": 1.7317565911922332,
    "mae_std_val": 0.128065533131047,
    "mae_ci_lower_val": 1.719168214829784,
    "mae_ci_upper_val": 1.7443449675546825,
    "mae_samperror_val": 0.012588376362449267,
    "mae_t_critical_val": 1.965927295920882,
    "mae_df_val": 399,
    "d2mae_mean_val": -0.0008683072826257187,
    "d2mae_std_val": 0.03337142177282266,
    "d2mae_ci_lower_val": -0.004148596730969743,
    "d2mae_ci_upper_val": 0.002411982165718306,
    "d2mae_samperror_val": 0.0032802894483440247,
    "d2mae_t_critical_val": 1.965927295920882,
    "d2mae_df_val": 399,
    "rmse_mean_val": 2.209038445391499,
    "rmse_std_val": 0.1918665440486084,
    "rmse_ci_lower_val": 2.1901786615855405,
    "rmse_ci_upper_val": 2.227898229197457,
    "rmse_samperror_val": 0.018859783805958274,
    "rmse_t_critical_val": 1.965927295920882,
    "rmse_df_val": 399,
    "mape_mean_val": 0.270600942117927,
    "mape_std_val": 0.04869684300285496,
    "mape_ci_lower_val": 0.2658142194737027,
    "mape_ci_upper_val": 0.2753876647621513,
    "mape_samperror_val": 0.004786722644224319,
    "mape_t_critical_val": 1.965927295920882,
    "mape_df_val": 399,
    "r2_mean_val": 0.028543466219542422,
    "r2_std_val": 0.05275542619357615,
    "r2_ci_lower_val": 0.023357799601447883,
    "r2_ci_upper_val": 0.03372913283763696,
    "r2_samperror_val": 0.005185666618094541,
    "r2_t_critical_val": 1.965927295920882,
    "r2_df_val": 399,
    "median_ae_mean_val": 1.3676996251997604,
    "median_ae_std_val": 0.14308659023536002,
    "median_ae_ci_lower_val": 1.3536347335285634,
    "median_ae_ci_upper_val": 1.3817645168709574,
    "median_ae_samperror_val": 0.014064891671197031,
    "median_ae_t_critical_val": 1.965927295920882,
    "median_ae_df_val": 399,
    "max_error_mean_val": 5.9359269806262205,
    "max_error_std_val": 0.7137723444532238,
    "max_error_ci_lower_val": 5.865765753874519,
    "max_error_ci_upper_val": 6.006088207377922,
    "max_error_samperror_val": 0.07016122675170172,
    "max_error_t_critical_val": 1.965927295920882,
    "max_error_df_val": 399,
    "rho_mean_val": 0.17854880326227437,
    "rho_std_val": 0.11933095123885831,
    "rho_ci_lower_val": 0.1668190045478406,
    "rho_ci_upper_val": 0.19027860197670815,
    "rho_samperror_val": 0.011729798714433767,
    "rho_t_critical_val": 1.965927295920882,
    "rho_df_val": 399,
    "r2_below_zero_val": 0.275
  },
  "test_summary": {
    "n_splits_test": 400,
    "mae_mean_test": 1.682859410802374,
    "mae_std_test": 0.19481306273824284,
    "mae_ci_lower_test": 1.663709994920421,
    "mae_ci_upper_test": 1.702008826684327,
    "mae_samperror_test": 0.019149415881952944,
    "mae_t_critical_test": 1.965927295920882,
    "mae_df_test": 399,
    "d2mae_mean_test": -0.014788173312117769,
    "d2mae_std_test": 0.04687870457062309,
    "d2mae_ci_lower_test": -0.019396179557757715,
    "d2mae_ci_upper_test": -0.010180167066477822,
    "d2mae_samperror_test": 0.004608006245639947,
    "d2mae_t_critical_test": 1.965927295920882,
    "d2mae_df_test": 399,
    "rmse_mean_test": 2.150151070340635,
    "rmse_std_test": 0.28031838413799837,
    "rmse_ci_lower_test": 2.1225967921943685,
    "rmse_ci_upper_test": 2.177705348486901,
    "rmse_samperror_test": 0.02755427814626631,
    "rmse_t_critical_test": 1.965927295920882,
    "rmse_df_test": 399,
    "mape_mean_test": 0.26961727000769203,
    "mape_std_test": 0.07027883389965524,
    "mape_ci_lower_test": 0.26270911611325093,
    "mape_ci_upper_test": 0.27652542390213314,
    "mape_samperror_test": 0.006908153894441102,
    "mape_t_critical_test": 1.965927295920882,
    "mape_df_test": 399,
    "r2_mean_test": 0.012329559678804067,
    "r2_std_test": 0.07724185139307385,
    "r2_ci_lower_test": 0.004736966476748653,
    "r2_ci_upper_test": 0.01992215288085948,
    "r2_samperror_test": 0.007592593202055414,
    "r2_t_critical_test": 1.965927295920882,
    "r2_df_test": 399,
    "median_ae_mean_test": 1.3464229316162841,
    "median_ae_std_test": 0.18979197249720328,
    "median_ae_ci_lower_test": 1.3277670706523383,
    "median_ae_ci_upper_test": 1.36507879258023,
    "median_ae_samperror_test": 0.01865586096394586,
    "median_ae_t_critical_test": 1.965927295920882,
    "median_ae_df_test": 399,
    "max_error_mean_test": 5.353994679070912,
    "max_error_std_test": 0.9485400158605,
    "max_error_ci_lower_test": 5.260756643648243,
    "max_error_ci_upper_test": 5.44723271449358,
    "max_error_samperror_test": 0.09323803542266916,
    "max_error_t_critical_test": 1.965927295920882,
    "max_error_df_test": 399,
    "rho_mean_test": 0.1498497555237101,
    "rho_std_test": 0.1792729442224969,
    "rho_ci_lower_test": 0.1322278768003547,
    "rho_ci_upper_test": 0.16747163424706552,
    "rho_samperror_test": 0.01762187872335542,
    "rho_t_critical_test": 1.965927295920882,
    "rho_df_test": 399,
    "r2_below_zero_test": 0.4175
  },
  "selected_features": [
    "pe_T6W30",
    "l2_T6W30"
  ]
}