{
  "best_trial_number": 81,
  "best_value_internal_minimized": 1.7395957300245752,
  "best_params": {
    "regressor": "SVR",
    "svr_kernel": "rbf",
    "svr_C": 0.0010157349167266212,
    "svr_epsilon": 0.0018643770154613724,
    "svr_gamma": "auto",
    "rfe_proxy_type": "LinearSVC",
    "rfe_proxy_svc_C": 0.2469937448944864,
    "rfe_n_features": 6
  },
  "best_metadata": {
    "regressor": "SVR",
    "use_scaler": true,
    "rfe_estimator": {
      "mode": "proxy",
      "type": "LinearSVC",
      "C": 0.2469937448944864,
      "epsilon": 0.0018643770154613724
    },
    "n_candidate_features": 13,
    "rfe_n_features": 6,
    "rfe_selected_features": [
      "re_T6W30",
      "pe_T6W30",
      "l1_T6W30",
      "l3_T6W30",
      "lsc_T6W30",
      "density_T6W30"
    ]
  },
  "validation_summary": {
    "n_splits_val": 400,
    "mae_mean_val": 1.7393638998277186,
    "mae_std_val": 0.11829306026926889,
    "mae_ci_lower_val": 1.7277361220226501,
    "mae_ci_upper_val": 1.750991677632787,
    "mae_samperror_val": 0.011627777805068486,
    "mae_t_critical_val": 1.965927295920882,
    "mae_df_val": 399,
    "d2mae_mean_val": -2.9802300923381374e-05,
    "d2mae_std_val": 0.00014508081789386072,
    "d2mae_ci_lower_val": -4.4063217923984754e-05,
    "d2mae_ci_upper_val": -1.5541383922777998e-05,
    "d2mae_samperror_val": 1.4260917000603376e-05,
    "d2mae_t_critical_val": 1.965927295920882,
    "d2mae_df_val": 399,
    "rmse_mean_val": 2.2606587174309816,
    "rmse_std_val": 0.17242604980838155,
    "rmse_ci_lower_val": 2.243709863538676,
    "rmse_ci_upper_val": 2.277607571323287,
    "rmse_samperror_val": 0.016948853892305542,
    "rmse_t_critical_val": 1.965927295920882,
    "rmse_df_val": 399,
    "mape_mean_val": 0.27292701332816965,
    "mape_std_val": 0.046970996298274365,
    "mape_ci_lower_val": 0.26830993514120083,
    "mape_ci_upper_val": 0.2775440915151385,
    "mape_samperror_val": 0.004617078186968814,
    "mape_t_critical_val": 1.965927295920882,
    "mape_df_val": 399,
    "r2_mean_val": -0.007480242721582115,
    "r2_std_val": 0.008947235700051069,
    "r2_ci_lower_val": -0.008359723465870524,
    "r2_ci_upper_val": -0.006600761977293706,
    "r2_samperror_val": 0.0008794807442884089,
    "r2_t_critical_val": 1.965927295920882,
    "r2_df_val": 399,
    "median_ae_mean_val": 1.0974248851113364,
    "median_ae_std_val": 0.29141574935323644,
    "median_ae_ci_lower_val": 1.0687797763055982,
    "median_ae_ci_upper_val": 1.1260699939170746,
    "median_ae_samperror_val": 0.028645108805738284,
    "median_ae_t_critical_val": 1.965927295920882,
    "median_ae_df_val": 399,
    "max_error_mean_val": 5.90721299108146,
    "max_error_std_val": 0.7237981336811,
    "max_error_ci_lower_val": 5.836066265694447,
    "max_error_ci_upper_val": 5.978359716468473,
    "max_error_samperror_val": 0.0711467253870133,
    "max_error_t_critical_val": 1.965927295920882,
    "max_error_df_val": 399,
    "rho_mean_val": 0.1511171047343704,
    "rho_std_val": 0.11020301925941502,
    "rho_ci_lower_val": 0.14028454855162148,
    "rho_ci_upper_val": 0.16194966091711932,
    "rho_samperror_val": 0.010832556182748932,
    "rho_t_critical_val": 1.965927295920882,
    "rho_df_val": 399,
    "r2_below_zero_val": 0.8875
  },
  "test_summary": {
    "n_splits_test": 400,
    "mae_mean_test": 1.6553586403736114,
    "mae_std_test": 0.1699672686187569,
    "mae_ci_lower_test": 1.6386514757340749,
    "mae_ci_upper_test": 1.6720658050131478,
    "mae_samperror_test": 0.01670716463953655,
    "mae_t_critical_test": 1.965927295920882,
    "mae_df_test": 399,
    "d2mae_mean_test": -0.00010416713013565809,
    "d2mae_std_test": 0.00025571305279286163,
    "d2mae_ci_lower_test": -0.0001293027936560953,
    "d2mae_ci_upper_test": -7.903146661522088e-05,
    "d2mae_samperror_test": 2.5135663520437212e-05,
    "d2mae_t_critical_test": 1.965927295920882,
    "d2mae_df_test": 399,
    "rmse_mean_test": 2.166319623857773,
    "rmse_std_test": 0.2530124333892789,
    "rmse_ci_lower_test": 2.1414494214074056,
    "rmse_ci_upper_test": 2.1911898263081406,
    "rmse_samperror_test": 0.02487020245036737,
    "rmse_t_critical_test": 1.965927295920882,
    "rmse_df_test": 399,
    "mape_mean_test": 0.26244394832478973,
    "mape_std_test": 0.07011730427553135,
    "mape_ci_lower_test": 0.25555167220520686,
    "mape_ci_upper_test": 0.2693362244443726,
    "mape_samperror_test": 0.006892276119582852,
    "mape_t_critical_test": 1.965927295920882,
    "mape_df_test": 399,
    "r2_mean_test": -0.007624053282678126,
    "r2_std_test": 0.011380635207096822,
    "r2_ci_lower_test": -0.008742728352605618,
    "r2_ci_upper_test": -0.006505378212750634,
    "r2_samperror_test": 0.0011186750699274921,
    "r2_t_critical_test": 1.965927295920882,
    "r2_df_test": 399,
    "median_ae_mean_test": 1.1193320532917523,
    "median_ae_std_test": 0.26803012076951327,
    "median_ae_ci_lower_test": 1.0929856667642646,
    "median_ae_ci_upper_test": 1.1456784398192401,
    "median_ae_samperror_test": 0.026346386527487834,
    "median_ae_t_critical_test": 1.965927295920882,
    "median_ae_df_test": 399,
    "max_error_mean_test": 5.265164595755434,
    "max_error_std_test": 0.9877337446702813,
    "max_error_ci_lower_test": 5.168073959267961,
    "max_error_ci_upper_test": 5.362255232242907,
    "max_error_samperror_test": 0.09709063648747265,
    "max_error_t_critical_test": 1.965927295920882,
    "max_error_df_test": 399,
    "rho_mean_test": 0.13791586967230182,
    "rho_std_test": 0.17874737183138456,
    "rho_ci_lower_test": 0.12034565280442991,
    "rho_ci_upper_test": 0.15548608654017373,
    "rho_samperror_test": 0.017570216867871916,
    "rho_t_critical_test": 1.965927295920882,
    "rho_df_test": 399,
    "r2_below_zero_test": 0.8675
  },
  "selected_features": [
    "re_T6W30",
    "pe_T6W30",
    "l1_T6W30",
    "l3_T6W30",
    "lsc_T6W30",
    "density_T6W30"
  ]
}