{
  "mean_abs_shap": {
    "pe_T6W30": 1.063020623666276,
    "l2_T6W30": 0.9772477756826689
  },
  "mean_shap": {
    "pe_T6W30": 0.15221964739477256,
    "l2_T6W30": -0.13123713075015278
  },
  "regressor": "ElasticNet",
  "n_subjects": 252,
  "n_features": 2
}