{
  "mean_abs_shap": {
    "re_T6W30": 0.00042406948365006727,
    "pe_T6W30": 0.0004967536733311714,
    "l1_T6W30": 8.67104314139353e-05,
    "l3_T6W30": 0.0003071731529497619,
    "lsc_T6W30": 0.00023394176761183885,
    "density_T6W30": 0.0
  },
  "mean_shap": {
    "re_T6W30": -1.291700615058282e-05,
    "pe_T6W30": 2.8272124834955666e-05,
    "l1_T6W30": -4.130305154053878e-06,
    "l3_T6W30": 4.908811975669526e-05,
    "lsc_T6W30": 4.552675233673491e-05,
    "density_T6W30": 0.0
  },
  "regressor": "SVR",
  "n_subjects": 252,
  "n_features": 6
}