set,r2_mean,r2_std,r2_ci_lower,r2_ci_upper,rmse_mean,rmse_std,rmse_ci_lower,rmse_ci_upper,mae_mean,mae_std,mae_ci_lower,mae_ci_upper,rho_mean,rho_std,rho_ci_lower,rho_ci_upper,r2_below_zero
TEST,-0.011279849550752688,0.02979765953462638,-0.014208851162436644,-0.008350847939068732,7.823756940513776,0.4880497764685736,7.775783421647393,7.871730459380158,6.707710237823369,0.3700848080767133,6.671332246523186,6.744088229123551,-0.005315588823910779,0.18352449738820698,-0.023355379768192613,0.012724202120371054,0.665
