set,r2_mean,r2_std,r2_ci_lower,r2_ci_upper,rmse_mean,rmse_std,rmse_ci_lower,rmse_ci_upper,mae_mean,mae_std,mae_ci_lower,mae_ci_upper,rho_mean,rho_std,rho_ci_lower,rho_ci_upper,r2_below_zero
VALIDATION,-0.014902057875136921,0.04519494619939734,-0.019344556793690466,-0.010459558956583374,7.652793578747426,0.34801561959510935,7.618584908448984,7.687002249045868,6.524832052947789,0.26683706943159946,6.498602939029833,6.551061166865745,-0.03453651867132422,0.12527914561300843,-0.046851003269837224,-0.022222034072811217,0.74
