set,r2_mean,r2_std,r2_ci_lower,r2_ci_upper,rmse_mean,rmse_std,rmse_ci_lower,rmse_ci_upper,mae_mean,mae_std,mae_ci_lower,mae_ci_upper,rho_mean,rho_std,rho_ci_lower,rho_ci_upper,r2_below_zero
TEST,-0.00201220057780711,0.05484630524770716,-0.0074033930061509195,0.0033789918505366997,7.697956385835571,0.5440389424855168,7.644479335481761,7.751433436189381,6.568677513655889,0.4508140620164111,6.524364130160737,6.6129908971510405,0.09929237380262829,0.19454166616793397,0.08016963521695482,0.11841511238830175,0.4175
