set,r2_mean,r2_std,r2_ci_lower,r2_ci_upper,rmse_mean,rmse_std,rmse_ci_lower,rmse_ci_upper,mae_mean,mae_std,mae_ci_lower,mae_ci_upper,rho_mean,rho_std,rho_ci_lower,rho_ci_upper,r2_below_zero
VALIDATION,-0.0006061427498779792,0.043473859059457415,-0.004879465059078212,0.0036671795593222535,7.725921579865025,0.34378670804967304,7.692128596198543,7.759714563531507,6.585694151350482,0.27422239276034466,6.558739086996467,6.612649215704496,0.0964040432949942,0.14060560285492543,0.08258302366439876,0.11022506292558965,0.325
