{
  "best_trial_number": 259,
  "best_value_internal_minimized": 2.8243021780317794,
  "best_params": {
    "regressor": "QuantileRegressor",
    "use_scaler": false,
    "quantile_alpha": 0.005811205671911511,
    "rfe_n_features": 5
  },
  "best_metadata": {
    "regressor": "QuantileRegressor",
    "use_scaler": false,
    "rfe_estimator": {
      "mode": "original",
      "type": "QuantileRegressor"
    },
    "n_candidate_features": 13,
    "rfe_n_features": 5,
    "rfe_selected_features": [
      "pe_T2W10",
      "atd_T2W10",
      "density_T2W10",
      "diameter_T2W10",
      "asp_T2W10"
    ]
  },
  "validation_summary": {
    "n_splits_val": 400,
    "mae_mean_val": 2.8144261661696954,
    "mae_std_val": 0.1262477098387445,
    "mae_ci_lower_val": 2.802016475228721,
    "mae_ci_upper_val": 2.82683585711067,
    "mae_samperror_val": 0.012409690940974357,
    "mae_t_critical_val": 1.965927295920882,
    "mae_df_val": 399,
    "d2mae_mean_val": 0.009451674001432016,
    "d2mae_std_val": 0.022614384076811718,
    "d2mae_ci_lower_val": 0.00722876225457988,
    "d2mae_ci_upper_val": 0.011674585748284151,
    "d2mae_samperror_val": 0.002222911746852136,
    "d2mae_t_critical_val": 1.965927295920882,
    "d2mae_df_val": 399,
    "rmse_mean_val": 3.4826174293165924,
    "rmse_std_val": 0.16959215891031873,
    "rmse_ci_lower_val": 3.465947136597795,
    "rmse_ci_upper_val": 3.4992877220353895,
    "rmse_samperror_val": 0.016670292718797372,
    "rmse_t_critical_val": 1.965927295920882,
    "rmse_df_val": 399,
    "mape_mean_val": 925061937598403.9,
    "mape_std_val": 518569450842744.44,
    "mape_ci_lower_val": 874088445686281.2,
    "mape_ci_upper_val": 976035429510526.5,
    "mape_samperror_val": 50973491912122.664,
    "mape_t_critical_val": 1.965927295920882,
    "mape_df_val": 399,
    "r2_mean_val": -0.0023707918853523237,
    "r2_std_val": 0.03980116300292482,
    "r2_ci_lower_val": -0.006283101523194636,
    "r2_ci_upper_val": 0.0015415177524899892,
    "r2_samperror_val": 0.003912309637842313,
    "r2_t_critical_val": 1.965927295920882,
    "r2_df_val": 399,
    "median_ae_mean_val": 2.5214611366807493,
    "median_ae_std_val": 0.2830192265541481,
    "median_ae_ci_lower_val": 2.4936413755430884,
    "median_ae_ci_upper_val": 2.5492808978184103,
    "median_ae_samperror_val": 0.027819761137660787,
    "median_ae_t_critical_val": 1.965927295920882,
    "median_ae_df_val": 399,
    "max_error_mean_val": 8.529732657653662,
    "max_error_std_val": 0.8889123569038536,
    "max_error_ci_lower_val": 8.442355804347729,
    "max_error_ci_upper_val": 8.617109510959596,
    "max_error_samperror_val": 0.08737685330593255,
    "max_error_t_critical_val": 1.965927295920882,
    "max_error_df_val": 399,
    "rho_mean_val": 0.09778514648254531,
    "rho_std_val": 0.1368925663388076,
    "rho_ci_lower_val": 0.0839406065158742,
    "rho_ci_upper_val": 0.11162968644921642,
    "rho_samperror_val": 0.013844539966671109,
    "rho_t_critical_val": 1.9662763876603029,
    "rho_df_val": 377,
    "r2_below_zero_val": 0.52
  },
  "test_summary": {
    "n_splits_test": 400,
    "mae_mean_test": 2.7784949740061218,
    "mae_std_test": 0.1924280958535226,
    "mae_ci_lower_test": 2.7595799916990957,
    "mae_ci_upper_test": 2.797409956313148,
    "mae_samperror_test": 0.018914982307026,
    "mae_t_critical_test": 1.965927295920882,
    "mae_df_test": 399,
    "d2mae_mean_test": 0.007125114956441686,
    "d2mae_std_test": 0.035110995576396666,
    "d2mae_ci_lower_test": 0.0036738317269119094,
    "d2mae_ci_upper_test": 0.010576398185971463,
    "d2mae_samperror_test": 0.003451283229529777,
    "d2mae_t_critical_test": 1.965927295920882,
    "d2mae_df_test": 399,
    "rmse_mean_test": 3.4375975055005665,
    "rmse_std_test": 0.2660242041170194,
    "rmse_ci_lower_test": 3.4114482932881027,
    "rmse_ci_upper_test": 3.4637467177130303,
    "rmse_samperror_test": 0.026149212212463833,
    "rmse_t_critical_test": 1.965927295920882,
    "rmse_df_test": 399,
    "mape_mean_test": 899136035531150.1,
    "mape_std_test": 801709176935264.0,
    "mape_ci_lower_test": 820330937814785.1,
    "mape_ci_upper_test": 977941133247515.1,
    "mape_samperror_test": 78805097716364.98,
    "mape_t_critical_test": 1.965927295920882,
    "mape_df_test": 399,
    "r2_mean_test": 0.001678251301935575,
    "r2_std_test": 0.05787830580454153,
    "r2_ci_lower_test": -0.004010975759204636,
    "r2_ci_upper_test": 0.007367478363075786,
    "r2_samperror_test": 0.005689227061140211,
    "r2_t_critical_test": 1.965927295920882,
    "r2_df_test": 399,
    "median_ae_mean_test": 2.4963003316475523,
    "median_ae_std_test": 0.32712816344200396,
    "median_ae_ci_lower_test": 2.464144822358797,
    "median_ae_ci_upper_test": 2.5284558409363074,
    "median_ae_samperror_test": 0.03215550928875516,
    "median_ae_t_critical_test": 1.965927295920882,
    "median_ae_df_test": 399,
    "max_error_mean_test": 7.84314966013053,
    "max_error_std_test": 1.1729555879004776,
    "max_error_ci_lower_test": 7.727852389772706,
    "max_error_ci_upper_test": 7.958446930488354,
    "max_error_samperror_test": 0.11529727035782371,
    "max_error_t_critical_test": 1.965927295920882,
    "max_error_df_test": 399,
    "rho_mean_test": 0.08282809883524804,
    "rho_std_test": 0.20089028238110235,
    "rho_ci_lower_test": 0.06251119180570566,
    "rho_ci_upper_test": 0.10314500586479042,
    "rho_samperror_test": 0.020316907029542378,
    "rho_t_critical_test": 1.9662763876603029,
    "rho_df_test": 377,
    "r2_below_zero_test": 0.525
  },
  "selected_features": [
    "pe_T2W10",
    "atd_T2W10",
    "density_T2W10",
    "diameter_T2W10",
    "asp_T2W10"
  ]
}