{
  "best_trial_number": 123,
  "best_value_internal_minimized": 2.8032694020323006,
  "best_params": {
    "regressor": "SVR",
    "use_scaler": true,
    "svr_kernel": "linear",
    "svr_C": 0.06536001948190692,
    "svr_epsilon": 0.03253840457902335,
    "svr_gamma": "scale",
    "rfe_n_features": 2
  },
  "best_metadata": {
    "regressor": "SVR",
    "use_scaler": true,
    "rfe_estimator": {
      "mode": "original",
      "type": "SVR"
    },
    "n_candidate_features": 13,
    "rfe_n_features": 2,
    "rfe_selected_features": [
      "pe_T2W10",
      "density_T2W10"
    ]
  },
  "validation_summary": {
    "n_splits_val": 400,
    "mae_mean_val": 2.805270392805521,
    "mae_std_val": 0.12504582372870587,
    "mae_ci_lower_val": 2.7929788429000624,
    "mae_ci_upper_val": 2.81756194271098,
    "mae_samperror_val": 0.0122915499054587,
    "mae_t_critical_val": 1.965927295920882,
    "mae_df_val": 399,
    "d2mae_mean_val": 0.012692174577427913,
    "d2mae_std_val": 0.021039504289712907,
    "d2mae_ci_lower_val": 0.010624067788638359,
    "d2mae_ci_upper_val": 0.014760281366217468,
    "d2mae_samperror_val": 0.0020681067887895546,
    "d2mae_t_critical_val": 1.965927295920882,
    "d2mae_df_val": 399,
    "rmse_mean_val": 3.4727103804261015,
    "rmse_std_val": 0.16854747321845975,
    "rmse_ci_lower_val": 3.4561427765131683,
    "rmse_ci_upper_val": 3.4892779843390347,
    "rmse_samperror_val": 0.016567603912933195,
    "rmse_t_critical_val": 1.965927295920882,
    "rmse_df_val": 399,
    "mape_mean_val": 925835173235125.2,
    "mape_std_val": 519139109256292.56,
    "mape_ci_lower_val": 874805685971775.4,
    "mape_ci_upper_val": 976864660498475.1,
    "mape_samperror_val": 51029487263349.93,
    "mape_t_critical_val": 1.965927295920882,
    "mape_df_val": 399,
    "r2_mean_val": 0.00331819536081857,
    "r2_std_val": 0.03907482001825988,
    "r2_ci_lower_val": -0.0005227174020360705,
    "r2_ci_upper_val": 0.00715910812367321,
    "r2_samperror_val": 0.0038409127628546403,
    "r2_t_critical_val": 1.965927295920882,
    "r2_df_val": 399,
    "median_ae_mean_val": 2.534850893428116,
    "median_ae_std_val": 0.2588497394392751,
    "median_ae_ci_lower_val": 2.509406905012832,
    "median_ae_ci_upper_val": 2.5602948818434,
    "median_ae_samperror_val": 0.025443988415283947,
    "median_ae_t_critical_val": 1.965927295920882,
    "median_ae_df_val": 399,
    "max_error_mean_val": 8.497046735363169,
    "max_error_std_val": 0.9430452294109811,
    "max_error_ci_lower_val": 8.404348817473817,
    "max_error_ci_upper_val": 8.58974465325252,
    "max_error_samperror_val": 0.0926979178893509,
    "max_error_t_critical_val": 1.965927295920882,
    "max_error_df_val": 399,
    "rho_mean_val": 0.10513412210570106,
    "rho_std_val": 0.1365993500320575,
    "rho_ci_lower_val": 0.09170690256404741,
    "rho_ci_upper_val": 0.1185613416473547,
    "rho_samperror_val": 0.013427219541653643,
    "rho_t_critical_val": 1.965927295920882,
    "rho_df_val": 399,
    "r2_below_zero_val": 0.48
  },
  "test_summary": {
    "n_splits_test": 400,
    "mae_mean_test": 2.7701414886641023,
    "mae_std_test": 0.18716719704212187,
    "mae_ci_lower_test": 2.751743633585797,
    "mae_ci_upper_test": 2.7885393437424075,
    "mae_samperror_test": 0.018397855078305478,
    "mae_t_critical_test": 1.965927295920882,
    "mae_df_test": 399,
    "d2mae_mean_test": 0.010061579135572374,
    "d2mae_std_test": 0.0330899546090878,
    "d2mae_ci_lower_test": 0.006808956886232939,
    "d2mae_ci_upper_test": 0.013314201384911808,
    "d2mae_samperror_test": 0.003252622249339435,
    "d2mae_t_critical_test": 1.965927295920882,
    "d2mae_df_test": 399,
    "rmse_mean_test": 3.429805080578918,
    "rmse_std_test": 0.26176119524817415,
    "rmse_ci_lower_test": 3.404074906641355,
    "rmse_ci_upper_test": 3.4555352545164815,
    "rmse_samperror_test": 0.025730173937563054,
    "rmse_t_critical_test": 1.965927295920882,
    "rmse_df_test": 399,
    "mape_mean_test": 897956047155524.8,
    "mape_std_test": 801130063560989.0,
    "mape_ci_lower_test": 819207874178655.8,
    "mape_ci_upper_test": 976704220132393.8,
    "mape_samperror_test": 78748172976868.98,
    "mape_t_critical_test": 1.965927295920882,
    "mape_df_test": 399,
    "r2_mean_test": 0.005981844208766438,
    "r2_std_test": 0.05822913050148499,
    "r2_ci_lower_test": 0.00025813235523601107,
    "r2_ci_upper_test": 0.011705556062296864,
    "r2_samperror_test": 0.005723711853530427,
    "r2_t_critical_test": 1.965927295920882,
    "r2_df_test": 399,
    "median_ae_mean_test": 2.5102949788047964,
    "median_ae_std_test": 0.3159824596758629,
    "median_ae_ci_lower_test": 2.479235051679346,
    "median_ae_ci_upper_test": 2.5413549059302465,
    "median_ae_samperror_test": 0.03105992712544992,
    "median_ae_t_critical_test": 1.965927295920882,
    "median_ae_df_test": 399,
    "max_error_mean_test": 7.79814448383077,
    "max_error_std_test": 1.1884291187848555,
    "max_error_ci_lower_test": 7.681326221636453,
    "max_error_ci_upper_test": 7.914962746025087,
    "max_error_samperror_test": 0.11681826219431737,
    "max_error_t_critical_test": 1.965927295920882,
    "max_error_df_test": 399,
    "rho_mean_test": 0.08974973146842913,
    "rho_std_test": 0.20413191407408735,
    "rho_ci_lower_test": 0.06968430637608791,
    "rho_ci_upper_test": 0.10981515656077034,
    "rho_samperror_test": 0.02006542509234122,
    "rho_t_critical_test": 1.965927295920882,
    "rho_df_test": 399,
    "r2_below_zero_test": 0.5
  },
  "selected_features": [
    "pe_T2W10",
    "density_T2W10"
  ]
}