{
  "best_trial_number": 188,
  "best_value_internal_minimized": 2.8324940970260575,
  "best_params": {
    "regressor": "QuantileRegressor",
    "use_scaler": true,
    "quantile_alpha": 0.009610996297600935,
    "rfe_n_features": 3
  },
  "best_metadata": {
    "regressor": "QuantileRegressor",
    "use_scaler": true,
    "rfe_estimator": {
      "mode": "original",
      "type": "QuantileRegressor"
    },
    "n_candidate_features": 13,
    "rfe_n_features": 3,
    "rfe_selected_features": [
      "nodes_T2W10",
      "pe_T2W10",
      "lcc_T2W10"
    ]
  },
  "validation_summary": {
    "n_splits_val": 400,
    "mae_mean_val": 2.825996562318435,
    "mae_std_val": 0.1409806761173411,
    "mae_ci_lower_val": 2.8121386743496117,
    "mae_ci_upper_val": 2.839854450287258,
    "mae_samperror_val": 0.013857887968823103,
    "mae_t_critical_val": 1.965927295920882,
    "mae_df_val": 399,
    "d2mae_mean_val": 0.0053226975904612185,
    "d2mae_std_val": 0.03354645126595577,
    "d2mae_ci_lower_val": 0.002025203379210115,
    "d2mae_ci_upper_val": 0.008620191801712323,
    "d2mae_samperror_val": 0.0032974942112511036,
    "d2mae_t_critical_val": 1.965927295920882,
    "d2mae_df_val": 399,
    "rmse_mean_val": 3.487885224231304,
    "rmse_std_val": 0.18305827686350623,
    "rmse_ci_lower_val": 3.469891261069794,
    "rmse_ci_upper_val": 3.5058791873928143,
    "rmse_samperror_val": 0.01799396316151045,
    "rmse_t_critical_val": 1.965927295920882,
    "rmse_df_val": 399,
    "mape_mean_val": 917259047353312.6,
    "mape_std_val": 512987584278781.56,
    "mape_ci_lower_val": 866834232633204.1,
    "mape_ci_upper_val": 967683862073421.1,
    "mape_samperror_val": 50424814720108.53,
    "mape_t_critical_val": 1.965927295920882,
    "mape_df_val": 399,
    "r2_mean_val": -0.006260365949239974,
    "r2_std_val": 0.06864457101662814,
    "r2_ci_lower_val": -0.01300787774315841,
    "r2_ci_upper_val": 0.0004871458446784613,
    "r2_samperror_val": 0.006747511793918436,
    "r2_t_critical_val": 1.965927295920882,
    "r2_df_val": 399,
    "median_ae_mean_val": 2.5270676051882743,
    "median_ae_std_val": 0.2614606940315078,
    "median_ae_ci_lower_val": 2.5013669694279264,
    "median_ae_ci_upper_val": 2.5527682409486223,
    "median_ae_samperror_val": 0.025700635760347958,
    "median_ae_t_critical_val": 1.965927295920882,
    "median_ae_df_val": 399,
    "max_error_mean_val": 8.542279188630628,
    "max_error_std_val": 0.9879824853456669,
    "max_error_ci_lower_val": 8.445164101838989,
    "max_error_ci_upper_val": 8.639394275422267,
    "max_error_samperror_val": 0.09711508679163997,
    "max_error_t_critical_val": 1.965927295920882,
    "max_error_df_val": 399,
    "rho_mean_val": 0.09968425117554454,
    "rho_std_val": 0.14020634133150534,
    "rho_ci_lower_val": 0.08588511243236815,
    "rho_ci_upper_val": 0.11348338991872092,
    "rho_samperror_val": 0.01379913874317639,
    "rho_t_critical_val": 1.9659423239762661,
    "rho_df_val": 398,
    "r2_below_zero_val": 0.51
  },
  "test_summary": {
    "n_splits_test": 400,
    "mae_mean_test": 2.7938031966125902,
    "mae_std_test": 0.19691173234630216,
    "mae_ci_lower_test": 2.7744474891372573,
    "mae_ci_upper_test": 2.8131589040879232,
    "mae_samperror_test": 0.019355707475333116,
    "mae_t_critical_test": 1.965927295920882,
    "mae_df_test": 399,
    "d2mae_mean_test": 0.0014452795847843757,
    "d2mae_std_test": 0.043247466614096716,
    "d2mae_ci_lower_test": -0.0028057891700196138,
    "d2mae_ci_upper_test": 0.005696348339588365,
    "d2mae_samperror_test": 0.0042510687548039895,
    "d2mae_t_critical_test": 1.965927295920882,
    "d2mae_df_test": 399,
    "rmse_mean_test": 3.4442910098194135,
    "rmse_std_test": 0.2665340577194353,
    "rmse_ci_lower_test": 3.418091680851254,
    "rmse_ci_upper_test": 3.470490338787573,
    "rmse_samperror_test": 0.026199328968159484,
    "rmse_t_critical_test": 1.965927295920882,
    "rmse_df_test": 399,
    "mape_mean_test": 890325339557971.9,
    "mape_std_test": 795803604731647.4,
    "mape_ci_lower_test": 812100738121263.0,
    "mape_ci_upper_test": 968549940994680.8,
    "mape_samperror_test": 78224601436708.89,
    "mape_t_critical_test": 1.965927295920882,
    "mape_df_test": 399,
    "r2_mean_test": -0.0032197572010689585,
    "r2_std_test": 0.07475473355634824,
    "r2_ci_lower_test": -0.010567875760954843,
    "r2_ci_upper_test": 0.004128361358816926,
    "r2_samperror_test": 0.007348118559885885,
    "r2_t_critical_test": 1.965927295920882,
    "r2_df_test": 399,
    "median_ae_mean_test": 2.5158456485416014,
    "median_ae_std_test": 0.3249361218400268,
    "median_ae_ci_lower_test": 2.4839056089738025,
    "median_ae_ci_upper_test": 2.5477856881094003,
    "median_ae_samperror_test": 0.0319400395677991,
    "median_ae_t_critical_test": 1.965927295920882,
    "median_ae_df_test": 399,
    "max_error_mean_test": 7.814877278066813,
    "max_error_std_test": 1.1652974358610682,
    "max_error_ci_lower_test": 7.700332776215519,
    "max_error_ci_upper_test": 7.9294217799181075,
    "max_error_samperror_test": 0.11454450185129436,
    "max_error_t_critical_test": 1.965927295920882,
    "max_error_df_test": 399,
    "rho_mean_test": 0.09059372505670679,
    "rho_std_test": 0.2053255731951759,
    "rho_ci_lower_test": 0.07038553728762915,
    "rho_ci_upper_test": 0.11080191282578443,
    "rho_samperror_test": 0.02020818776907764,
    "rho_t_critical_test": 1.9659423239762661,
    "rho_df_test": 398,
    "r2_below_zero_test": 0.52
  },
  "selected_features": [
    "nodes_T2W10",
    "pe_T2W10",
    "lcc_T2W10"
  ]
}