{
  "best_trial_number": 93,
  "best_value_internal_minimized": 2.8056017263613033,
  "best_params": {
    "regressor": "QuantileRegressor",
    "use_scaler": false,
    "quantile_alpha": 0.0011816735422780203,
    "rfe_n_features": 2
  },
  "best_metadata": {
    "regressor": "QuantileRegressor",
    "use_scaler": false,
    "rfe_estimator": {
      "mode": "original",
      "type": "QuantileRegressor"
    },
    "n_candidate_features": 13,
    "rfe_n_features": 2,
    "rfe_selected_features": [
      "pe_T2W10",
      "l2_T2W10"
    ]
  },
  "validation_summary": {
    "n_splits_val": 400,
    "mae_mean_val": 2.803717328393866,
    "mae_std_val": 0.1363989402434076,
    "mae_ci_lower_val": 2.7903098084059064,
    "mae_ci_upper_val": 2.817124848381826,
    "mae_samperror_val": 0.013407519987959814,
    "mae_t_critical_val": 1.965927295920882,
    "mae_df_val": 399,
    "d2mae_mean_val": 0.013279370462766895,
    "d2mae_std_val": 0.027223059148278352,
    "d2mae_ci_lower_val": 0.01060344270986344,
    "d2mae_ci_upper_val": 0.01595529821567035,
    "d2mae_samperror_val": 0.0026759277529034547,
    "d2mae_t_critical_val": 1.965927295920882,
    "d2mae_df_val": 399,
    "rmse_mean_val": 3.473674924402855,
    "rmse_std_val": 0.17800382644067855,
    "rmse_ci_lower_val": 3.4561777953439505,
    "rmse_ci_upper_val": 3.4911720534617596,
    "rmse_samperror_val": 0.01749712905890466,
    "rmse_t_critical_val": 1.965927295920882,
    "rmse_df_val": 399,
    "mape_mean_val": 921591709445636.4,
    "mape_std_val": 516270538320096.3,
    "mape_ci_lower_val": 870844192277474.1,
    "mape_ci_upper_val": 972339226613798.6,
    "mape_samperror_val": 50747517168162.25,
    "mape_t_critical_val": 1.965927295920882,
    "mape_df_val": 399,
    "r2_mean_val": 0.002546115758708406,
    "r2_std_val": 0.051424224371750586,
    "r2_ci_lower_val": -0.0025086985594908115,
    "r2_ci_upper_val": 0.007600930076907623,
    "r2_samperror_val": 0.005054814318199217,
    "r2_t_critical_val": 1.965927295920882,
    "r2_df_val": 399,
    "median_ae_mean_val": 2.509383370943107,
    "median_ae_std_val": 0.257608472191969,
    "median_ae_ci_lower_val": 2.4840613945859737,
    "median_ae_ci_upper_val": 2.5347053473002403,
    "median_ae_samperror_val": 0.025321976357133364,
    "median_ae_t_critical_val": 1.965927295920882,
    "median_ae_df_val": 399,
    "max_error_mean_val": 8.543614628260638,
    "max_error_std_val": 0.9683671720755016,
    "max_error_ci_lower_val": 8.448427655457792,
    "max_error_ci_upper_val": 8.638801601063484,
    "max_error_samperror_val": 0.09518697280284712,
    "max_error_t_critical_val": 1.965927295920882,
    "max_error_df_val": 399,
    "rho_mean_val": 0.11697809830303349,
    "rho_std_val": 0.13702710981548824,
    "rho_ci_lower_val": 0.10350883152966266,
    "rho_ci_upper_val": 0.1304473650764043,
    "rho_samperror_val": 0.013469266773370828,
    "rho_t_critical_val": 1.965927295920882,
    "rho_df_val": 399,
    "r2_below_zero_val": 0.455
  },
  "test_summary": {
    "n_splits_test": 400,
    "mae_mean_test": 2.7685258813962617,
    "mae_std_test": 0.1867079268319881,
    "mae_ci_lower_test": 2.7501731709100716,
    "mae_ci_upper_test": 2.7868785918824517,
    "mae_samperror_test": 0.018352710486190214,
    "mae_t_critical_test": 1.965927295920882,
    "mae_df_test": 399,
    "d2mae_mean_test": 0.010488254603235108,
    "d2mae_std_test": 0.037144575152424884,
    "d2mae_ci_lower_test": 0.006837077893858276,
    "d2mae_ci_upper_test": 0.01413943131261194,
    "d2mae_samperror_test": 0.003651176709376832,
    "d2mae_t_critical_test": 1.965927295920882,
    "d2mae_df_test": 399,
    "rmse_mean_test": 3.4276889127947605,
    "rmse_std_test": 0.2645332805357668,
    "rmse_ci_lower_test": 3.4016862529505225,
    "rmse_ci_upper_test": 3.4536915726389985,
    "rmse_samperror_test": 0.026002659844238007,
    "rmse_t_critical_test": 1.965927295920882,
    "rmse_df_test": 399,
    "mape_mean_test": 895002879449367.6,
    "mape_std_test": 798455211769821.2,
    "mape_ci_lower_test": 816517634679938.6,
    "mape_ci_upper_test": 973488124218796.6,
    "mape_samperror_test": 78485244769429.0,
    "mape_t_critical_test": 1.965927295920882,
    "mape_df_test": 399,
    "r2_mean_test": 0.006890599473089365,
    "r2_std_test": 0.06609672573272743,
    "r2_ci_lower_test": 0.00039353160864111485,
    "r2_ci_upper_test": 0.013387667337537615,
    "r2_samperror_test": 0.00649706786444825,
    "r2_t_critical_test": 1.965927295920882,
    "r2_df_test": 399,
    "median_ae_mean_test": 2.4974761927398195,
    "median_ae_std_test": 0.32507265992152473,
    "median_ae_ci_lower_test": 2.465522731974953,
    "median_ae_ci_upper_test": 2.529429653504686,
    "median_ae_samperror_test": 0.031953460764866576,
    "median_ae_t_critical_test": 1.965927295920882,
    "median_ae_df_test": 399,
    "max_error_mean_test": 7.814466960941978,
    "max_error_std_test": 1.194966821102046,
    "max_error_ci_lower_test": 7.697006066375762,
    "max_error_ci_upper_test": 7.931927855508194,
    "max_error_samperror_test": 0.1174608945662159,
    "max_error_t_critical_test": 1.965927295920882,
    "max_error_df_test": 399,
    "rho_mean_test": 0.10733412665668812,
    "rho_std_test": 0.20008870619499397,
    "rho_ci_lower_test": 0.0876661342009765,
    "rho_ci_upper_test": 0.12700211911239973,
    "rho_samperror_test": 0.019667992455711616,
    "rho_t_critical_test": 1.965927295920882,
    "rho_df_test": 399,
    "r2_below_zero_test": 0.4725
  },
  "selected_features": [
    "pe_T2W10",
    "l2_T2W10"
  ]
}