{
  "mean_abs_shap": {
    "nodes_T2W10": 0.0,
    "pe_T2W10": 0.33236639493746795,
    "lcc_T2W10": 0.058932152001956825
  },
  "mean_shap": {
    "nodes_T2W10": 0.0,
    "pe_T2W10": 0.02906655056263506,
    "lcc_T2W10": 0.015325961231022167
  },
  "regressor": "QuantileRegressor",
  "n_subjects": 240,
  "n_features": 3
}