{
  "mean_abs_shap": {
    "pe_T2W10": 0.31809094373314295,
    "atd_T2W10": 0.0,
    "density_T2W10": 0.0,
    "diameter_T2W10": 0.016338202312465074,
    "asp_T2W10": 0.0
  },
  "mean_shap": {
    "pe_T2W10": 0.02781811470824338,
    "atd_T2W10": 0.0,
    "density_T2W10": 0.0,
    "diameter_T2W10": 0.00466696370410181,
    "asp_T2W10": 0.0
  },
  "regressor": "QuantileRegressor",
  "n_subjects": 240,
  "n_features": 5
}