{
  "mean_abs_shap": {
    "pe_T2W10": 0.31494043988370884,
    "l2_T2W10": 0.0
  },
  "mean_shap": {
    "pe_T2W10": 0.027542592631306116,
    "l2_T2W10": 0.0
  },
  "regressor": "QuantileRegressor",
  "n_subjects": 240,
  "n_features": 2
}