set,r2_mean,r2_std,r2_ci_lower,r2_ci_upper,rmse_mean,rmse_std,rmse_ci_lower,rmse_ci_upper,mae_mean,mae_std,mae_ci_lower,mae_ci_upper,rho_mean,rho_std,rho_ci_lower,rho_ci_upper,r2_below_zero
TEST,-0.0073769799778646275,0.0397513822161896,-0.01128439634533418,-0.003469563610395074,3.518040166366361,0.2777667247756621,3.4907367070596105,3.545343625673112,2.924545199596224,0.19003789408006622,2.905865165434658,2.9432252337577904,0.09456170153881135,0.19246413811407914,0.07564317640859362,0.11348022666902909,0.5225
