set,r2_mean,r2_std,r2_ci_lower,r2_ci_upper,rmse_mean,rmse_std,rmse_ci_lower,rmse_ci_upper,mae_mean,mae_std,mae_ci_lower,mae_ci_upper,rho_mean,rho_std,rho_ci_lower,rho_ci_upper,r2_below_zero
VALIDATION,-0.00793103998393267,0.03115087638530191,-0.010993057892818781,-0.004869022075046559,3.4884872793472903,0.17927642468246466,3.470865058507372,3.5061095001872085,2.8867799787466084,0.11922488900953136,2.8750606055637595,2.8984993519294573,0.07852512301810523,0.1188681485651909,0.06684081612411086,0.0902094299120996,0.47
