set,r2_mean,r2_std,r2_ci_lower,r2_ci_upper,rmse_mean,rmse_std,rmse_ci_lower,rmse_ci_upper,mae_mean,mae_std,mae_ci_lower,mae_ci_upper,rho_mean,rho_std,rho_ci_lower,rho_ci_upper,r2_below_zero
TEST,0.02030995298707849,0.09345056262616216,0.011124102392781691,0.02949580358137529,1.338242005170897,0.11894906535342545,1.3265497444507681,1.3499342658910258,1.0593022489790775,0.09524908046972663,1.0499396106187375,1.0686648873394176,0.15585509548574328,0.20371779087806752,0.13583037719814853,0.17587981377333803,0.3525
