set,r2_mean,r2_std,r2_ci_lower,r2_ci_upper,rmse_mean,rmse_std,rmse_ci_lower,rmse_ci_upper,mae_mean,mae_std,mae_ci_lower,mae_ci_upper,rho_mean,rho_std,rho_ci_lower,rho_ci_upper,r2_below_zero
VALIDATION,0.011313318725557648,0.06441117084276303,0.004981934779457095,0.0176447026716582,1.336208058178314,0.0799081153704494,1.328353380919696,1.344062735436932,1.0465614775690244,0.06208799024534945,1.0404584538304142,1.0526645013076346,0.1315981483486968,0.12654750445976679,0.11915898868629055,0.14403730801110304,0.395
