set,r2_mean,r2_std,r2_ci_lower,r2_ci_upper,rmse_mean,rmse_std,rmse_ci_lower,rmse_ci_upper,mae_mean,mae_std,mae_ci_lower,mae_ci_upper,rho_mean,rho_std,rho_ci_lower,rho_ci_upper,r2_below_zero
TEST,-0.019924557481588074,0.03088395641061898,-0.022960338127271402,-0.016888776835904746,1.3468022282115901,0.115026396639078,1.335495551566381,1.3581089048567994,1.031330662331912,0.0838380821725976,1.0230896836228738,1.0395716410409503,-0.11346412966820232,0.18194744207784308,-0.1313489018083931,-0.09557935752801155,0.86
