set,r2_mean,r2_std,r2_ci_lower,r2_ci_upper,rmse_mean,rmse_std,rmse_ci_lower,rmse_ci_upper,mae_mean,mae_std,mae_ci_lower,mae_ci_upper,rho_mean,rho_std,rho_ci_lower,rho_ci_upper,r2_below_zero
VALIDATION,-0.01716637159981435,0.030071555352400987,-0.02012229617471839,-0.014210447024910311,1.3440268269734665,0.07600566920434179,1.3365557459867892,1.351497907960144,1.0220251006388263,0.05556792162352532,1.0165629759439623,1.0274872253336904,-0.11524657509794953,0.12402664728785184,-0.1274379436641865,-0.10305520653171255,0.905
