set,r2_mean,r2_std,r2_ci_lower,r2_ci_upper,rmse_mean,rmse_std,rmse_ci_lower,rmse_ci_upper,mae_mean,mae_std,mae_ci_lower,mae_ci_upper,rho_mean,rho_std,rho_ci_lower,rho_ci_upper,r2_below_zero
VALIDATION,0.021670824491880326,0.0619394064316843,0.015582406002021047,0.027759242981739606,1.3287767574942078,0.08246962511899239,1.3206702931389183,1.3368832218494973,1.0465198599717498,0.06671485753738615,1.0399620319979388,1.0530776879455608,0.17720929702075455,0.1337355120624763,0.16406358234087562,0.1903550117006335,0.2525
