set,r2_mean,r2_std,r2_ci_lower,r2_ci_upper,rmse_mean,rmse_std,rmse_ci_lower,rmse_ci_upper,mae_mean,mae_std,mae_ci_lower,mae_ci_upper,rho_mean,rho_std,rho_ci_lower,rho_ci_upper,r2_below_zero
TEST,0.0075075919096124315,0.105317171906989,-0.002844703239444647,0.01785988705866951,1.3361115062745745,0.12174603983192411,1.324144313130782,1.348078699418367,1.048952184259203,0.09457578041089346,1.0396557288470631,1.0582486396713426,0.16978081412382592,0.1929102829703237,0.1508184345760669,0.18874319367158496,0.3375
