set,r2_mean,r2_std,r2_ci_lower,r2_ci_upper,rmse_mean,rmse_std,rmse_ci_lower,rmse_ci_upper,mae_mean,mae_std,mae_ci_lower,mae_ci_upper,rho_mean,rho_std,rho_ci_lower,rho_ci_upper,r2_below_zero
TEST,-0.017712578093785073,0.04720559649769111,-0.02235271662753698,-0.013072439560033167,3.3842697481715924,0.278163890174167,3.3569272489499458,3.411612247393239,2.777288400154058,0.18380908793276995,2.75922063499379,2.7953561653143257,0.02233242012517077,0.21111804776751228,0.0015802834867867238,0.04308455676355482,0.5975
