set,r2_mean,r2_std,r2_ci_lower,r2_ci_upper,rmse_mean,rmse_std,rmse_ci_lower,rmse_ci_upper,mae_mean,mae_std,mae_ci_lower,mae_ci_upper,rho_mean,rho_std,rho_ci_lower,rho_ci_upper,r2_below_zero
VALIDATION,-0.013186981024066274,0.03430480210175135,-0.016559018365716126,-0.009814943682416423,3.4701038224496625,0.18879579812958078,3.451545881804757,3.488661763094568,2.8492154710003312,0.12460419996510527,2.836967331105442,2.8614636108952203,0.02548169189095747,0.13510434639637725,0.012201425772048066,0.03876195800986687,0.5475
