set,r2_mean,r2_std,r2_ci_lower,r2_ci_upper,rmse_mean,rmse_std,rmse_ci_lower,rmse_ci_upper,mae_mean,mae_std,mae_ci_lower,mae_ci_upper,rho_mean,rho_std,rho_ci_lower,rho_ci_upper,r2_below_zero
VALIDATION,-0.014418977674411788,0.023642817562367916,-0.016742980694328623,-0.012094974654494953,1.3452127489215813,0.07743163795753051,1.3376015003901527,1.3528239974530099,1.0352692922755116,0.054678382503155015,1.0298946060425238,1.0406439785084993,-0.09594445307837896,0.11975712437274678,-0.10771614306264769,-0.08417276309411022,0.835
