set,r2_mean,r2_std,r2_ci_lower,r2_ci_upper,rmse_mean,rmse_std,rmse_ci_lower,rmse_ci_upper,mae_mean,mae_std,mae_ci_lower,mae_ci_upper,rho_mean,rho_std,rho_ci_lower,rho_ci_upper,r2_below_zero
TEST,-0.019484057412997094,0.03927885273268595,-0.023345025849979287,-0.015623088976014903,1.35585364260626,0.11356035290151949,1.3446910727310848,1.3670162124814351,1.0412130168816347,0.08199221594673031,1.0331534801124989,1.0492725536507705,-0.11082269833274631,0.18987625907429248,-0.12948684436082114,-0.09215855230467149,0.8175
