set,r2_mean,r2_std,r2_ci_lower,r2_ci_upper,rmse_mean,rmse_std,rmse_ci_lower,rmse_ci_upper,mae_mean,mae_std,mae_ci_lower,mae_ci_upper,rho_mean,rho_std,rho_ci_lower,rho_ci_upper,r2_below_zero
VALIDATION,0.00380930976113693,0.04454085318025353,-0.0005688941913963123,0.008187513713670172,7.715293509815484,0.35717555722414795,7.680184450946349,7.750402568684619,6.569224991588642,0.29194090641624976,6.540528261752662,6.597921721424621,0.0798796853567271,0.13378075066197498,0.06672952388696898,0.09302984682648521,0.39
