set,r2_mean,r2_std,r2_ci_lower,r2_ci_upper,rmse_mean,rmse_std,rmse_ci_lower,rmse_ci_upper,mae_mean,mae_std,mae_ci_lower,mae_ci_upper,rho_mean,rho_std,rho_ci_lower,rho_ci_upper,r2_below_zero
TEST,0.0024948772222648558,0.065601155394327,-0.003953477879417886,0.008943232323947599,7.643435800826242,0.5321529535051411,7.591127099981208,7.6957445016712756,6.5325819914844905,0.44264893406848144,6.489071210384715,6.576092772584266,0.078335515229083,0.20911334181442265,0.057780433898372646,0.09889059655979335,0.425
