{
  "best_trial_number": 13,
  "best_value_internal_minimized": 6.43236284412755,
  "best_params": {
    "regressor": "QuantileRegressor",
    "use_scaler": true,
    "quantile_alpha": 3.105159811005672,
    "rfe_n_features": 3
  },
  "best_metadata": {
    "regressor": "QuantileRegressor",
    "use_scaler": true,
    "rfe_estimator": {
      "mode": "original",
      "type": "QuantileRegressor"
    },
    "n_candidate_features": 9,
    "rfe_n_features": 3,
    "rfe_selected_features": [
      "z_density_T6W40",
      "z_diameter_T6W40",
      "z_asp_T6W40"
    ]
  },
  "validation_summary": {
    "n_splits_val": 400,
    "mae_mean_val": 6.4462254901960785,
    "mae_std_val": 0.23070256994498614,
    "mae_ci_lower_val": 6.423548266221381,
    "mae_ci_upper_val": 6.468902714170776,
    "mae_samperror_val": 0.022677223974697236,
    "mae_t_critical_val": 1.965927295920882,
    "mae_df_val": 399,
    "d2mae_mean_val": -0.003987072087051496,
    "d2mae_std_val": 0.005943190449586089,
    "d2mae_ci_lower_val": -0.004571266103536375,
    "d2mae_ci_upper_val": -0.003402878070566616,
    "d2mae_samperror_val": 0.0005841940164848796,
    "d2mae_t_critical_val": 1.965927295920882,
    "d2mae_df_val": 399,
    "rmse_mean_val": 7.730547760150854,
    "rmse_std_val": 0.31964209582853575,
    "rmse_ci_lower_val": 7.69912810409512,
    "rmse_ci_upper_val": 7.761967416206588,
    "rmse_samperror_val": 0.03141965605573384,
    "rmse_t_critical_val": 1.965927295920882,
    "rmse_df_val": 399,
    "mape_mean_val": 230478333871314.38,
    "mape_std_val": 461614394784174.9,
    "mape_ci_lower_val": 185103316926504.0,
    "mape_ci_upper_val": 275853350816124.75,
    "mape_samperror_val": 45375016944810.37,
    "mape_t_critical_val": 1.965927295920882,
    "mape_df_val": 399,
    "r2_mean_val": -0.035174530901220254,
    "r2_std_val": 0.013601720995546194,
    "r2_ci_lower_val": -0.036511530630052476,
    "r2_ci_upper_val": -0.03383753117238803,
    "r2_samperror_val": 0.0013369997288322207,
    "r2_t_critical_val": 1.965927295920882,
    "r2_df_val": 399,
    "median_ae_mean_val": 5.985,
    "median_ae_std_val": 0.35367742265833935,
    "median_ae_ci_lower_val": 5.950234795042252,
    "median_ae_ci_upper_val": 6.019765204957749,
    "median_ae_samperror_val": 0.0347652049577488,
    "median_ae_t_critical_val": 1.965927295920882,
    "median_ae_df_val": 399,
    "max_error_mean_val": 17.8675,
    "max_error_std_val": 1.2545431224614354,
    "max_error_ci_lower_val": 17.744182971582163,
    "max_error_ci_upper_val": 17.990817028417837,
    "max_error_samperror_val": 0.12331702841783748,
    "max_error_t_critical_val": 1.965927295920882,
    "max_error_df_val": 399,
    "rho_mean_val": NaN,
    "rho_std_val": NaN,
    "rho_ci_lower_val": NaN,
    "rho_ci_upper_val": NaN,
    "rho_samperror_val": NaN,
    "rho_t_critical_val": NaN,
    "rho_df_val": NaN,
    "r2_below_zero_val": 1.0
  },
  "test_summary": {
    "n_splits_test": 400,
    "mae_mean_test": 6.619519230769231,
    "mae_std_test": 0.370266252044757,
    "mae_ci_lower_test": 6.583123404186575,
    "mae_ci_upper_test": 6.655915057351886,
    "mae_samperror_test": 0.036395826582655444,
    "mae_t_critical_test": 1.965927295920882,
    "mae_df_test": 399,
    "d2mae_mean_test": -0.006199074133986944,
    "d2mae_std_test": 0.01026787256498533,
    "d2mae_ci_lower_test": -0.007208368681314034,
    "d2mae_ci_upper_test": -0.005189779586659853,
    "d2mae_samperror_test": 0.0010092945473270912,
    "d2mae_t_critical_test": 1.965927295920882,
    "d2mae_df_test": 399,
    "rmse_mean_test": 7.904657697400276,
    "rmse_std_test": 0.5085941134596491,
    "rmse_ci_lower_test": 7.854664744890525,
    "rmse_ci_upper_test": 7.954650649910026,
    "rmse_samperror_test": 0.04999295250975031,
    "rmse_t_critical_test": 1.965927295920882,
    "rmse_df_test": 399,
    "mape_mean_test": 242934556822582.4,
    "mape_std_test": 700964634596333.4,
    "mape_ci_lower_test": 174032281391175.47,
    "mape_ci_upper_test": 311836832253989.4,
    "mape_samperror_test": 68902275431406.94,
    "mape_t_critical_test": 1.965927295920882,
    "mape_df_test": 399,
    "r2_mean_test": -0.031761533315750594,
    "r2_std_test": 0.017113135454222068,
    "r2_ci_lower_test": -0.03344369232116292,
    "r2_ci_upper_test": -0.030079374310338265,
    "r2_samperror_test": 0.0016821590054123283,
    "r2_t_critical_test": 1.965927295920882,
    "r2_df_test": 399,
    "median_ae_mean_test": 6.21125,
    "median_ae_std_test": 0.5900158763421877,
    "median_ae_ci_lower_test": 6.15325358418361,
    "median_ae_ci_upper_test": 6.269246415816389,
    "median_ae_samperror_test": 0.05799641581638933,
    "median_ae_t_critical_test": 1.965927295920882,
    "median_ae_df_test": 399,
    "max_error_mean_test": 16.76,
    "max_error_std_test": 2.1055839354614156,
    "max_error_ci_lower_test": 16.553028753371198,
    "max_error_ci_upper_test": 16.966971246628805,
    "max_error_samperror_test": 0.20697124662880548,
    "max_error_t_critical_test": 1.965927295920882,
    "max_error_df_test": 399,
    "rho_mean_test": NaN,
    "rho_std_test": NaN,
    "rho_ci_lower_test": NaN,
    "rho_ci_upper_test": NaN,
    "rho_samperror_test": NaN,
    "rho_t_critical_test": NaN,
    "rho_df_test": NaN,
    "r2_below_zero_test": 1.0
  },
  "selected_features": [
    "z_density_T6W40",
    "z_diameter_T6W40",
    "z_asp_T6W40"
  ]
}