{
  "best_trial_number": 297,
  "best_value_internal_minimized": 6.248644138506467,
  "best_params": {
    "regressor": "KNeighborsRegressor",
    "knn_n_neighbors": 17,
    "knn_weights": "uniform",
    "knn_metric": "manhattan",
    "rfe_proxy_type": "ExtraTrees",
    "rfe_proxy_et_n_estimators": 50,
    "rfe_proxy_et_max_depth": 12,
    "rfe_proxy_et_min_samples_split": 7,
    "rfe_proxy_et_min_samples_leaf": 5,
    "rfe_n_features": 21
  },
  "best_metadata": {
    "regressor": "KNeighborsRegressor",
    "use_scaler": true,
    "rfe_estimator": {
      "mode": "proxy",
      "type": "ExtraTrees"
    },
    "n_candidate_features": 22,
    "rfe_n_features": 21,
    "rfe_selected_features": [
      "nodes_T2W30",
      "re_T2W30",
      "pe_T2W30",
      "l1_T2W30",
      "l2_T2W30",
      "l3_T2W30",
      "lcc_T2W30",
      "lsc_T2W30",
      "atd_T2W30",
      "density_T2W30",
      "diameter_T2W30",
      "asp_T2W30",
      "z_re_T2W30",
      "z_pe_T2W30",
      "z_l1_T2W30",
      "z_l2_T2W30",
      "z_l3_T2W30",
      "z_lsc_T2W30",
      "z_density_T2W30",
      "z_diameter_T2W30",
      "z_asp_T2W30"
    ]
  },
  "validation_summary": {
    "n_splits_val": 400,
    "mae_mean_val": 6.281642678347935,
    "mae_std_val": 0.33437751004476274,
    "mae_ci_lower_val": 6.248774584640982,
    "mae_ci_upper_val": 6.314510772054888,
    "mae_samperror_val": 0.0328680937069529,
    "mae_t_critical_val": 1.965927295920882,
    "mae_df_val": 399,
    "d2mae_mean_val": 0.007358852640571618,
    "d2mae_std_val": 0.03764855935444593,
    "d2mae_ci_lower_val": 0.0036581361162214827,
    "d2mae_ci_upper_val": 0.011059569164921753,
    "d2mae_samperror_val": 0.0037007165243501355,
    "d2mae_t_critical_val": 1.965927295920882,
    "d2mae_df_val": 399,
    "rmse_mean_val": 7.4959999609511785,
    "rmse_std_val": 0.40390614255129376,
    "rmse_ci_lower_val": 7.456297455419594,
    "rmse_ci_upper_val": 7.535702466482763,
    "rmse_samperror_val": 0.03970250553158496,
    "rmse_t_critical_val": 1.965927295920882,
    "rmse_df_val": 399,
    "mape_mean_val": 316210186602610.06,
    "mape_std_val": 589311996967301.0,
    "mape_ci_lower_val": 258282959570027.0,
    "mape_ci_upper_val": 374137413635193.1,
    "mape_samperror_val": 57927227032583.055,
    "mape_t_critical_val": 1.965927295920882,
    "mape_df_val": 399,
    "r2_mean_val": 0.007682139038958679,
    "r2_std_val": 0.06422773653486188,
    "r2_ci_lower_val": 0.0013687860185036859,
    "r2_ci_upper_val": 0.013995492059413674,
    "r2_samperror_val": 0.0063133530204549934,
    "r2_t_critical_val": 1.965927295920882,
    "r2_df_val": 399,
    "median_ae_mean_val": 5.866176470588234,
    "median_ae_std_val": 0.5365446556875717,
    "median_ae_ci_lower_val": 5.813436081383401,
    "median_ae_ci_upper_val": 5.918916859793068,
    "median_ae_samperror_val": 0.05274038920483343,
    "median_ae_t_critical_val": 1.965927295920882,
    "median_ae_df_val": 399,
    "max_error_mean_val": 17.091323529411767,
    "max_error_std_val": 1.8334133070072836,
    "max_error_ci_lower_val": 16.911105666164257,
    "max_error_ci_upper_val": 17.271541392659277,
    "max_error_samperror_val": 0.18021786324750955,
    "max_error_t_critical_val": 1.965927295920882,
    "max_error_df_val": 399,
    "rho_mean_val": 0.14052688557181794,
    "rho_std_val": 0.13081258202166976,
    "rho_ci_lower_val": 0.12766848428950345,
    "rho_ci_upper_val": 0.15338528685413244,
    "rho_samperror_val": 0.012858401282314491,
    "rho_t_critical_val": 1.965927295920882,
    "rho_df_val": 399,
    "r2_below_zero_val": 0.4575
  },
  "test_summary": {
    "n_splits_test": 400,
    "mae_mean_test": 6.360971867007672,
    "mae_std_test": 0.5391200475038647,
    "mae_ci_lower_test": 6.307978326149372,
    "mae_ci_upper_test": 6.413965407865972,
    "mae_samperror_test": 0.052993540858300506,
    "mae_t_critical_test": 1.965927295920882,
    "mae_df_test": 399,
    "d2mae_mean_test": 0.0014142597264959079,
    "d2mae_std_test": 0.05741215854236818,
    "d2mae_ci_lower_test": -0.004229146753313035,
    "d2mae_ci_upper_test": 0.007057666206304851,
    "d2mae_samperror_test": 0.005643406479808943,
    "d2mae_t_critical_test": 1.965927295920882,
    "d2mae_df_test": 399,
    "rmse_mean_test": 7.5740129312627085,
    "rmse_std_test": 0.621678039131297,
    "rmse_ci_lower_test": 7.512904239942569,
    "rmse_ci_upper_test": 7.635121622582848,
    "rmse_samperror_test": 0.06110869132013935,
    "rmse_t_critical_test": 1.965927295920882,
    "rmse_df_test": 399,
    "mape_mean_test": 285535127269859.06,
    "mape_std_test": 860508090223104.0,
    "mape_ci_lower_test": 200950310123341.6,
    "mape_ci_upper_test": 370119944416376.5,
    "mape_samperror_test": 84584817146517.47,
    "mape_t_critical_test": 1.965927295920882,
    "mape_df_test": 399,
    "r2_mean_test": -0.001285209496143285,
    "r2_std_test": 0.09374436963483522,
    "r2_ci_lower_test": -0.010499940251344247,
    "r2_ci_upper_test": 0.007929521259057676,
    "r2_samperror_test": 0.009214730755200962,
    "r2_t_critical_test": 1.965927295920882,
    "r2_df_test": 399,
    "median_ae_mean_test": 5.941029411764706,
    "median_ae_std_test": 0.8562252682467992,
    "median_ae_ci_lower_test": 5.856865580449528,
    "median_ae_ci_upper_test": 6.025193243079884,
    "median_ae_samperror_test": 0.0841638313151781,
    "median_ae_t_critical_test": 1.965927295920882,
    "median_ae_df_test": 399,
    "max_error_mean_test": 15.72455882352941,
    "max_error_std_test": 2.5039599332240736,
    "max_error_ci_lower_test": 15.478428664498539,
    "max_error_ci_upper_test": 15.970688982560281,
    "max_error_samperror_test": 0.24613015903087176,
    "max_error_t_critical_test": 1.965927295920882,
    "max_error_df_test": 399,
    "rho_mean_test": 0.1301872260595833,
    "rho_std_test": 0.1851100068866528,
    "rho_ci_lower_test": 0.11199158529525464,
    "rho_ci_upper_test": 0.14838286682391197,
    "rho_samperror_test": 0.01819564076432866,
    "rho_t_critical_test": 1.965927295920882,
    "rho_df_test": 399,
    "r2_below_zero_test": 0.4675
  },
  "selected_features": [
    "nodes_T2W30",
    "re_T2W30",
    "pe_T2W30",
    "l1_T2W30",
    "l2_T2W30",
    "l3_T2W30",
    "lcc_T2W30",
    "lsc_T2W30",
    "atd_T2W30",
    "density_T2W30",
    "diameter_T2W30",
    "asp_T2W30",
    "z_re_T2W30",
    "z_pe_T2W30",
    "z_l1_T2W30",
    "z_l2_T2W30",
    "z_l3_T2W30",
    "z_lsc_T2W30",
    "z_density_T2W30",
    "z_diameter_T2W30",
    "z_asp_T2W30"
  ]
}