{
  "best_trial_number": 104,
  "best_value_internal_minimized": 6.254667179049486,
  "best_params": {
    "regressor": "KNeighborsRegressor",
    "knn_n_neighbors": 19,
    "knn_weights": "distance",
    "knn_metric": "manhattan",
    "rfe_proxy_type": "ExtraTrees",
    "rfe_proxy_et_n_estimators": 40,
    "rfe_proxy_et_max_depth": 2,
    "rfe_proxy_et_min_samples_split": 6,
    "rfe_proxy_et_min_samples_leaf": 1,
    "rfe_n_features": 16
  },
  "best_metadata": {
    "regressor": "KNeighborsRegressor",
    "use_scaler": true,
    "rfe_estimator": {
      "mode": "proxy",
      "type": "ExtraTrees"
    },
    "n_candidate_features": 22,
    "rfe_n_features": 16,
    "rfe_selected_features": [
      "nodes_T2W30",
      "re_T2W30",
      "pe_T2W30",
      "l1_T2W30",
      "l2_T2W30",
      "lcc_T2W30",
      "atd_T2W30",
      "diameter_T2W30",
      "asp_T2W30",
      "z_pe_T2W30",
      "z_l1_T2W30",
      "z_l2_T2W30",
      "z_lsc_T2W30",
      "z_density_T2W30",
      "z_diameter_T2W30",
      "z_asp_T2W30"
    ]
  },
  "validation_summary": {
    "n_splits_val": 400,
    "mae_mean_val": 6.300722668576091,
    "mae_std_val": 0.347243026486478,
    "mae_ci_lower_val": 6.266589941371693,
    "mae_ci_upper_val": 6.3348553957804885,
    "mae_samperror_val": 0.034132727204397244,
    "mae_t_critical_val": 1.965927295920882,
    "mae_df_val": 399,
    "d2mae_mean_val": 0.004403461070392381,
    "d2mae_std_val": 0.03890835564880208,
    "d2mae_ci_lower_val": 0.0005789111499235086,
    "d2mae_ci_upper_val": 0.008228010990861253,
    "d2mae_samperror_val": 0.0038245499204688726,
    "d2mae_t_critical_val": 1.965927295920882,
    "d2mae_df_val": 399,
    "rmse_mean_val": 7.541461172746853,
    "rmse_std_val": 0.41700056898904414,
    "rmse_ci_lower_val": 7.500471532697349,
    "rmse_ci_upper_val": 7.582450812796358,
    "rmse_samperror_val": 0.04098964004950504,
    "rmse_t_critical_val": 1.965927295920882,
    "rmse_df_val": 399,
    "mape_mean_val": 319081815045058.5,
    "mape_std_val": 595615341791165.2,
    "mape_ci_lower_val": 260534992130233.62,
    "mape_ci_upper_val": 377628637959883.4,
    "mape_samperror_val": 58546822914824.87,
    "mape_t_critical_val": 1.965927295920882,
    "mape_df_val": 399,
    "r2_mean_val": -0.004356567805871899,
    "r2_std_val": 0.06706969122418852,
    "r2_ci_lower_val": -0.01094927464120277,
    "r2_ci_upper_val": 0.0022361390294589724,
    "r2_samperror_val": 0.006592706835330872,
    "r2_t_critical_val": 1.965927295920882,
    "r2_df_val": 399,
    "median_ae_mean_val": 5.799793210214165,
    "median_ae_std_val": 0.5505400500167572,
    "median_ae_ci_lower_val": 5.745677124622886,
    "median_ae_ci_upper_val": 5.853909295805445,
    "median_ae_samperror_val": 0.05411608559127953,
    "median_ae_t_critical_val": 1.965927295920882,
    "median_ae_df_val": 399,
    "max_error_mean_val": 17.341224287017717,
    "max_error_std_val": 2.0614954190772634,
    "max_error_ci_lower_val": 17.138586781278725,
    "max_error_ci_upper_val": 17.543861792756708,
    "max_error_samperror_val": 0.20263750573899247,
    "max_error_t_critical_val": 1.965927295920882,
    "max_error_df_val": 399,
    "rho_mean_val": 0.10805617804934346,
    "rho_std_val": 0.127431397614236,
    "rho_ci_lower_val": 0.09553013490298477,
    "rho_ci_upper_val": 0.12058222119570215,
    "rho_samperror_val": 0.012526043146358686,
    "rho_t_critical_val": 1.965927295920882,
    "rho_df_val": 399,
    "r2_below_zero_val": 0.5125
  },
  "test_summary": {
    "n_splits_test": 400,
    "mae_mean_test": 6.392921218009731,
    "mae_std_test": 0.5403380494694836,
    "mae_ci_lower_test": 6.339807951985895,
    "mae_ci_upper_test": 6.446034484033566,
    "mae_samperror_test": 0.05311326602383528,
    "mae_t_critical_test": 1.965927295920882,
    "mae_df_test": 399,
    "d2mae_mean_test": -0.003711266026231847,
    "d2mae_std_test": 0.0585189975148384,
    "d2mae_ci_lower_test": -0.0094634707534492,
    "d2mae_ci_upper_test": 0.0020409387009855057,
    "d2mae_samperror_test": 0.005752204727217353,
    "d2mae_t_critical_test": 1.965927295920882,
    "d2mae_df_test": 399,
    "rmse_mean_test": 7.6220969463498385,
    "rmse_std_test": 0.6397465503036385,
    "rmse_ci_lower_test": 7.559212186064181,
    "rmse_ci_upper_test": 7.6849817066354955,
    "rmse_samperror_test": 0.06288476028565722,
    "rmse_t_critical_test": 1.965927295920882,
    "rmse_df_test": 399,
    "mape_mean_test": 286645780224390.25,
    "mape_std_test": 864326590386060.4,
    "mape_ci_lower_test": 201685618392881.06,
    "mape_ci_upper_test": 371605942055899.44,
    "mape_samperror_test": 84960161831509.17,
    "mape_t_critical_test": 1.965927295920882,
    "mape_df_test": 399,
    "r2_mean_test": -0.01410792069520105,
    "r2_std_test": 0.09819470065255893,
    "r2_ci_lower_test": -0.023760102811583333,
    "r2_ci_upper_test": -0.004455738578818768,
    "r2_samperror_test": 0.009652182116382283,
    "r2_t_critical_test": 1.965927295920882,
    "r2_df_test": 399,
    "median_ae_mean_test": 5.8765088229175015,
    "median_ae_std_test": 0.8390114245731382,
    "median_ae_ci_lower_test": 5.794037049859612,
    "median_ae_ci_upper_test": 5.958980595975391,
    "median_ae_samperror_test": 0.08247177305788982,
    "median_ae_t_critical_test": 1.965927295920882,
    "median_ae_df_test": 399,
    "max_error_mean_test": 15.898788825254423,
    "max_error_std_test": 2.7270548188344126,
    "max_error_ci_lower_test": 15.630729249963466,
    "max_error_ci_upper_test": 16.16684840054538,
    "max_error_samperror_test": 0.26805957529095736,
    "max_error_t_critical_test": 1.965927295920882,
    "max_error_df_test": 399,
    "rho_mean_test": 0.09680349968149254,
    "rho_std_test": 0.19848462390957466,
    "rho_ci_lower_test": 0.07729318268327137,
    "rho_ci_upper_test": 0.11631381667971372,
    "rho_samperror_test": 0.019510316998221165,
    "rho_t_critical_test": 1.965927295920882,
    "rho_df_test": 399,
    "r2_below_zero_test": 0.5175
  },
  "selected_features": [
    "nodes_T2W30",
    "re_T2W30",
    "pe_T2W30",
    "l1_T2W30",
    "l2_T2W30",
    "lcc_T2W30",
    "atd_T2W30",
    "diameter_T2W30",
    "asp_T2W30",
    "z_pe_T2W30",
    "z_l1_T2W30",
    "z_l2_T2W30",
    "z_lsc_T2W30",
    "z_density_T2W30",
    "z_diameter_T2W30",
    "z_asp_T2W30"
  ]
}