{
  "best_trial_number": 266,
  "best_value_internal_minimized": 6.164338419657569,
  "best_params": {
    "regressor": "KNeighborsRegressor",
    "use_scaler": false,
    "knn_n_neighbors": 18,
    "knn_weights": "uniform",
    "knn_metric": "manhattan",
    "rfe_proxy_type": "LinearSVR",
    "rfe_proxy_lsvr_C": 1.8828310020812413,
    "rfe_proxy_lsvr_epsilon": 0.5243057108717348,
    "rfe_n_features": 12
  },
  "best_metadata": {
    "regressor": "KNeighborsRegressor",
    "use_scaler": true,
    "rfe_estimator": {
      "mode": "proxy",
      "type": "LinearSVR"
    },
    "n_candidate_features": 23,
    "rfe_n_features": 12,
    "rfe_selected_features": [
      "re_T2W30",
      "l1_T2W30",
      "l2_T2W30",
      "l3_T2W30",
      "lsc_T2W30",
      "atd_T2W30",
      "density_T2W30",
      "asp_T2W30",
      "z_pe_T2W30",
      "z_l1_T2W30",
      "z_lsc_T2W30",
      "z_density_T2W30"
    ]
  },
  "validation_summary": {
    "n_splits_val": 400,
    "mae_mean_val": 6.217863475177305,
    "mae_std_val": 0.33516715388302565,
    "mae_ci_lower_val": 6.184917762351567,
    "mae_ci_upper_val": 6.250809188003043,
    "mae_samperror_val": 0.03294571282573774,
    "mae_t_critical_val": 1.965927295920882,
    "mae_df_val": 399,
    "d2mae_mean_val": 0.017473734222987976,
    "d2mae_std_val": 0.037234790802836995,
    "d2mae_ci_lower_val": 0.013813689643127923,
    "d2mae_ci_upper_val": 0.02113377880284803,
    "d2mae_samperror_val": 0.003660044579860053,
    "d2mae_t_critical_val": 1.965927295920882,
    "d2mae_df_val": 399,
    "rmse_mean_val": 7.448480054199938,
    "rmse_std_val": 0.39493832355403524,
    "rmse_ci_lower_val": 7.4096590526759325,
    "rmse_ci_upper_val": 7.487301055723943,
    "rmse_samperror_val": 0.03882100152400555,
    "rmse_t_critical_val": 1.965927295920882,
    "rmse_df_val": 399,
    "mape_mean_val": 300452911310628.2,
    "mape_std_val": 561087377279891.75,
    "mape_ci_lower_val": 245300061791068.3,
    "mape_ci_upper_val": 355605760830188.06,
    "mape_samperror_val": 55152849519559.86,
    "mape_t_critical_val": 1.965927295920882,
    "mape_df_val": 399,
    "r2_mean_val": 0.020243122548031966,
    "r2_std_val": 0.0616360394655851,
    "r2_ci_lower_val": 0.014184523928139441,
    "r2_ci_upper_val": 0.02630172116792449,
    "r2_samperror_val": 0.006058598619892525,
    "r2_t_critical_val": 1.965927295920882,
    "r2_df_val": 399,
    "median_ae_mean_val": 5.796805555555555,
    "median_ae_std_val": 0.5372800046218366,
    "median_ae_ci_lower_val": 5.743992884223627,
    "median_ae_ci_upper_val": 5.8496182268874835,
    "median_ae_samperror_val": 0.05281267133192831,
    "median_ae_t_critical_val": 1.965927295920882,
    "median_ae_df_val": 399,
    "max_error_mean_val": 16.90222222222222,
    "max_error_std_val": 1.7643975732168897,
    "max_error_ci_lower_val": 16.728788354720038,
    "max_error_ci_upper_val": 17.075656089724404,
    "max_error_samperror_val": 0.17343386750218234,
    "max_error_t_critical_val": 1.965927295920882,
    "max_error_df_val": 399,
    "rho_mean_val": 0.15399646610733234,
    "rho_std_val": 0.12276998184025681,
    "rho_ci_lower_val": 0.14192862318635874,
    "rho_ci_upper_val": 0.16606430902830593,
    "rho_samperror_val": 0.012067842920973593,
    "rho_t_critical_val": 1.965927295920882,
    "rho_df_val": 399,
    "r2_below_zero_val": 0.3625
  },
  "test_summary": {
    "n_splits_test": 400,
    "mae_mean_test": 6.2959541062801945,
    "mae_std_test": 0.5286525100881566,
    "mae_ci_lower_test": 6.243989486298225,
    "mae_ci_upper_test": 6.347918726262164,
    "mae_samperror_test": 0.05196461998196982,
    "mae_t_critical_test": 1.965927295920882,
    "mae_df_test": 399,
    "d2mae_mean_test": 0.011287788587208403,
    "d2mae_std_test": 0.06062008687683389,
    "d2mae_ci_lower_test": 0.005329054413595254,
    "d2mae_ci_upper_test": 0.017246522760821552,
    "d2mae_samperror_test": 0.005958734173613149,
    "d2mae_t_critical_test": 1.965927295920882,
    "d2mae_df_test": 399,
    "rmse_mean_test": 7.514625193556669,
    "rmse_std_test": 0.6203768344139667,
    "rmse_ci_lower_test": 7.453644405930099,
    "rmse_ci_upper_test": 7.575605981183239,
    "rmse_samperror_test": 0.06098078762657032,
    "rmse_t_critical_test": 1.965927295920882,
    "rmse_df_test": 399,
    "mape_mean_test": 275491933727435.12,
    "mape_std_test": 831901014052387.6,
    "mape_ci_lower_test": 193719088175942.62,
    "mape_ci_upper_test": 357264779278927.6,
    "mape_samperror_test": 81772845551492.5,
    "mape_t_critical_test": 1.965927295920882,
    "mape_df_test": 399,
    "r2_mean_test": 0.013720445054943898,
    "r2_std_test": 0.09909248471312532,
    "r2_ci_lower_test": 0.003980014029036109,
    "r2_ci_upper_test": 0.023460876080851685,
    "r2_samperror_test": 0.009740431025907789,
    "r2_t_critical_test": 1.965927295920882,
    "r2_df_test": 399,
    "median_ae_mean_test": 5.859027777777778,
    "median_ae_std_test": 0.8388033482992923,
    "median_ae_ci_lower_test": 5.776576457861208,
    "median_ae_ci_upper_test": 5.941479097694349,
    "median_ae_samperror_test": 0.08245131991657047,
    "median_ae_t_critical_test": 1.965927295920882,
    "median_ae_df_test": 399,
    "max_error_mean_test": 15.53,
    "max_error_std_test": 2.437449422931033,
    "max_error_ci_lower_test": 15.290407582351664,
    "max_error_ci_upper_test": 15.769592417648335,
    "max_error_samperror_test": 0.23959241764833597,
    "max_error_t_critical_test": 1.965927295920882,
    "max_error_df_test": 399,
    "rho_mean_test": 0.15189785842448555,
    "rho_std_test": 0.19713322867832014,
    "rho_ci_lower_test": 0.1325203786648994,
    "rho_ci_upper_test": 0.1712753381840717,
    "rho_samperror_test": 0.019377479759586137,
    "rho_t_critical_test": 1.965927295920882,
    "rho_df_test": 399,
    "r2_below_zero_test": 0.425
  },
  "selected_features": [
    "re_T2W30",
    "l1_T2W30",
    "l2_T2W30",
    "l3_T2W30",
    "lsc_T2W30",
    "atd_T2W30",
    "density_T2W30",
    "asp_T2W30",
    "z_pe_T2W30",
    "z_l1_T2W30",
    "z_lsc_T2W30",
    "z_density_T2W30"
  ]
}