{
  "mean_abs_shap": {
    "nodes_T2W30": 0.2524631351505624,
    "re_T2W30": 0.11057785525168949,
    "pe_T2W30": 0.13045525720062912,
    "l1_T2W30": 0.07242484691286075,
    "l2_T2W30": 0.10698529735756544,
    "l3_T2W30": 0.06330405700871322,
    "lcc_T2W30": 0.24269175287618616,
    "lsc_T2W30": 0.3281990172183057,
    "atd_T2W30": 0.0015008656548514993,
    "density_T2W30": 0.0,
    "diameter_T2W30": 0.2012998786909768,
    "asp_T2W30": 0.03499471086646935,
    "z_re_T2W30": 0.20020408365767425,
    "z_pe_T2W30": 0.18356279118354976,
    "z_l1_T2W30": 0.09433593050180877,
    "z_l2_T2W30": 0.1650470140586347,
    "z_l3_T2W30": 0.06598119337294213,
    "z_lsc_T2W30": 0.034084177195425454,
    "z_density_T2W30": 0.16686781249309474,
    "z_diameter_T2W30": 0.029291021399538732,
    "z_asp_T2W30": 0.04130624981972882
  },
  "mean_shap": {
    "nodes_T2W30": -0.013410897686056642,
    "re_T2W30": -0.006460903419289921,
    "pe_T2W30": 0.0054292475991120645,
    "l1_T2W30": 0.02404609150787648,
    "l2_T2W30": 0.019153399381486393,
    "l3_T2W30": -0.012642777100020425,
    "lcc_T2W30": -0.0034200596729697537,
    "lsc_T2W30": -0.08485300685436756,
    "atd_T2W30": 0.0002249520948080812,
    "density_T2W30": 0.0,
    "diameter_T2W30": 0.01271194842568273,
    "asp_T2W30": 0.0020325542546295854,
    "z_re_T2W30": 0.008994267785096146,
    "z_pe_T2W30": -0.002921245332999073,
    "z_l1_T2W30": 0.02713183059140606,
    "z_l2_T2W30": 0.008509938499849701,
    "z_l3_T2W30": -0.0019136480771772637,
    "z_lsc_T2W30": -0.014703807421059797,
    "z_density_T2W30": 0.01244744097132349,
    "z_diameter_T2W30": -0.0013418441730681527,
    "z_asp_T2W30": 0.006255060825226137
  },
  "regressor": "KNeighborsRegressor",
  "n_subjects": 230,
  "n_features": 21
}