{
  "mean_abs_shap": {
    "nodes_T2W30": 0.24610284315445896,
    "re_T2W30": 0.11032431788595064,
    "pe_T2W30": 0.12844512475093128,
    "l1_T2W30": 0.06997446891992137,
    "l2_T2W30": 0.10303916985531339,
    "l3_T2W30": 0.0673265681236627,
    "lcc_T2W30": 0.24590044201711259,
    "lsc_T2W30": 0.3192051931062678,
    "atd_T2W30": 0.0023239221071019904,
    "density_T2W30": 0.0,
    "diameter_T2W30": 0.2027524879870251,
    "asp_T2W30": 0.03350967869443511,
    "z_re_T2W30": 0.20034785779790562,
    "z_pe_T2W30": 0.18456986371923798,
    "z_l1_T2W30": 0.0954962244292277,
    "z_l2_T2W30": 0.16287920072172896,
    "z_l3_T2W30": 0.06240032174802334,
    "z_lsc_T2W30": 0.03895116262383208,
    "z_density_T2W30": 0.16388367759185268,
    "z_diameter_T2W30": 0.02939413865960589,
    "z_asp_T2W30": 0.042276298667376706
  },
  "mean_shap": {
    "nodes_T2W30": -0.010552506203565333,
    "re_T2W30": -0.008623251675804265,
    "pe_T2W30": 0.009153518202973403,
    "l1_T2W30": 0.024218716374091488,
    "l2_T2W30": 0.016104859958296403,
    "l3_T2W30": -0.011537887567143263,
    "lcc_T2W30": -0.005783414200212311,
    "lsc_T2W30": -0.08135234236800698,
    "atd_T2W30": 0.0009762641201870039,
    "density_T2W30": 0.0,
    "diameter_T2W30": 0.01024684380045549,
    "asp_T2W30": 0.00499027719453619,
    "z_re_T2W30": 0.0055327182096012945,
    "z_pe_T2W30": -0.0016922171943873677,
    "z_l1_T2W30": 0.029986806460000168,
    "z_l2_T2W30": 0.002651124596199979,
    "z_l3_T2W30": -0.003872729458893561,
    "z_lsc_T2W30": -0.012562963745334367,
    "z_density_T2W30": 0.011607950976341899,
    "z_diameter_T2W30": -0.0006513679972018682,
    "z_asp_T2W30": 0.006428142717354268
  },
  "regressor": "KNeighborsRegressor",
  "n_subjects": 230,
  "n_features": 21
}