{
  "mean_abs_shap": {
    "nodes_T2W30": 0.6558095663285156,
    "re_T2W30": 0.47923290530071816,
    "pe_T2W30": 0.4100346115067676,
    "l1_T2W30": 0.3471182633534665,
    "l2_T2W30": 0.29266234872849245,
    "lcc_T2W30": 0.6564681968327725,
    "atd_T2W30": 0.03858417954969916,
    "diameter_T2W30": 0.6112685112125992,
    "asp_T2W30": 0.2892340304055408,
    "z_pe_T2W30": 0.5045803644197662,
    "z_l1_T2W30": 0.41726004455333227,
    "z_l2_T2W30": 0.4444603767901834,
    "z_lsc_T2W30": 0.3105405641333057,
    "z_density_T2W30": 0.45557899738938995,
    "z_diameter_T2W30": 0.3801336066880476,
    "z_asp_T2W30": 0.44190553906344543
  },
  "mean_shap": {
    "nodes_T2W30": -0.09771501889200941,
    "re_T2W30": -0.060912525781376445,
    "pe_T2W30": -0.04469434394464439,
    "l1_T2W30": 0.07184227094210131,
    "l2_T2W30": -0.04463563286336009,
    "lcc_T2W30": -0.060303882445455106,
    "atd_T2W30": -0.0061625012707797605,
    "diameter_T2W30": -0.0755960536229846,
    "asp_T2W30": -0.05304484768342221,
    "z_pe_T2W30": -0.08675873533415397,
    "z_l1_T2W30": 0.031124422648505748,
    "z_l2_T2W30": -0.09329611972630816,
    "z_lsc_T2W30": -0.034234363300134615,
    "z_density_T2W30": 0.03207288235663056,
    "z_diameter_T2W30": -0.11115372116501518,
    "z_asp_T2W30": -0.03870574296107118
  },
  "regressor": "KNeighborsRegressor",
  "n_subjects": 230,
  "n_features": 16
}