{
  "best_trial_number": 9,
  "best_value_internal_minimized": 1.0040404040404038,
  "best_params": {
    "regressor": "QuantileRegressor",
    "use_scaler": false,
    "quantile_alpha": 5.18260989109199,
    "rfe_n_features": 4
  },
  "best_metadata": {
    "regressor": "QuantileRegressor",
    "use_scaler": false,
    "rfe_estimator": {
      "mode": "original",
      "type": "QuantileRegressor"
    },
    "n_candidate_features": 9,
    "rfe_n_features": 4,
    "rfe_selected_features": [
      "z_lsc_T2W40",
      "z_density_T2W40",
      "z_diameter_T2W40",
      "z_asp_T2W40"
    ]
  },
  "validation_summary": {
    "n_splits_val": 400,
    "mae_mean_val": 1.0080555555555555,
    "mae_std_val": 0.05022844560647826,
    "mae_ci_lower_val": 1.0031182819430828,
    "mae_ci_upper_val": 1.0129928291680281,
    "mae_samperror_val": 0.004937273612472645,
    "mae_t_critical_val": 1.965927295920882,
    "mae_df_val": 399,
    "d2mae_mean_val": 0.0,
    "d2mae_std_val": 0.0,
    "d2mae_ci_lower_val": 0.0,
    "d2mae_ci_upper_val": 0.0,
    "d2mae_samperror_val": 0.0,
    "d2mae_t_critical_val": 1.965927295920882,
    "d2mae_df_val": 399,
    "rmse_mean_val": 1.3377941289468576,
    "rmse_std_val": 0.07332028212098128,
    "rmse_ci_lower_val": 1.3305870117485448,
    "rmse_ci_upper_val": 1.3450012461451704,
    "rmse_samperror_val": 0.007207117198312846,
    "rmse_t_critical_val": 1.965927295920882,
    "rmse_df_val": 399,
    "mape_mean_val": 318254373667515.4,
    "mape_std_val": 266583837698640.28,
    "mape_ci_lower_val": 292050151508360.44,
    "mape_ci_upper_val": 344458595826670.3,
    "mape_samperror_val": 26204222159154.957,
    "mape_t_critical_val": 1.965927295920882,
    "mape_df_val": 399,
    "r2_mean_val": -0.002099136118639317,
    "r2_std_val": 0.0027852995952084097,
    "r2_ci_lower_val": -0.0023729209437161965,
    "r2_ci_upper_val": -0.0018253512935624372,
    "r2_samperror_val": 0.00027378482507687976,
    "r2_t_critical_val": 1.965927295920882,
    "r2_df_val": 399,
    "median_ae_mean_val": 1.0,
    "median_ae_std_val": 0.0,
    "median_ae_ci_lower_val": 1.0,
    "median_ae_ci_upper_val": 1.0,
    "median_ae_samperror_val": 0.0,
    "median_ae_t_critical_val": 1.965927295920882,
    "median_ae_df_val": 399,
    "max_error_mean_val": 2.995,
    "max_error_std_val": 0.07062201265667242,
    "max_error_ci_lower_val": 2.988058112881269,
    "max_error_ci_upper_val": 3.0019418871187313,
    "max_error_samperror_val": 0.006941887118731116,
    "max_error_t_critical_val": 1.965927295920882,
    "max_error_df_val": 399,
    "rho_mean_val": NaN,
    "rho_std_val": NaN,
    "rho_ci_lower_val": NaN,
    "rho_ci_upper_val": NaN,
    "rho_samperror_val": NaN,
    "rho_t_critical_val": NaN,
    "rho_df_val": NaN,
    "r2_below_zero_val": 0.8375
  },
  "test_summary": {
    "n_splits_test": 400,
    "mae_mean_test": 1.0009782608695652,
    "mae_std_test": 0.07586433597474027,
    "mae_ci_lower_test": 0.9935210724255825,
    "mae_ci_upper_test": 1.008435449313548,
    "mae_samperror_test": 0.007457188443982721,
    "mae_t_critical_test": 1.965927295920882,
    "mae_df_test": 399,
    "d2mae_mean_test": 0.0,
    "d2mae_std_test": 0.0,
    "d2mae_ci_lower_test": 0.0,
    "d2mae_ci_upper_test": 0.0,
    "d2mae_samperror_test": 0.0,
    "d2mae_t_critical_test": 1.965927295920882,
    "d2mae_df_test": 399,
    "rmse_mean_test": 1.31852318329398,
    "rmse_std_test": 0.11183086040634198,
    "rmse_ci_lower_test": 1.3075306162440228,
    "rmse_ci_upper_test": 1.3295157503439374,
    "rmse_samperror_test": 0.010992567049957276,
    "rmse_t_critical_test": 1.965927295920882,
    "rmse_df_test": 399,
    "mape_mean_test": 284901628601046.94,
    "mape_std_test": 367200895080661.75,
    "mape_ci_lower_test": 248807115464764.3,
    "mape_ci_upper_test": 320996141737329.56,
    "mape_samperror_test": 36094513136282.64,
    "mape_t_critical_test": 1.965927295920882,
    "mape_df_test": 399,
    "r2_mean_test": -0.005319188921484221,
    "r2_std_test": 0.006610320524778755,
    "r2_ci_lower_test": -0.0059689593992066515,
    "r2_ci_upper_test": -0.004669418443761791,
    "r2_samperror_test": 0.0006497704777224302,
    "r2_t_critical_test": 1.965927295920882,
    "r2_df_test": 399,
    "median_ae_mean_test": 1.0,
    "median_ae_std_test": 0.0,
    "median_ae_ci_lower_test": 1.0,
    "median_ae_ci_upper_test": 1.0,
    "median_ae_samperror_test": 0.0,
    "median_ae_t_critical_test": 1.965927295920882,
    "median_ae_df_test": 399,
    "max_error_mean_test": 2.885,
    "max_error_std_test": 0.31942146951632716,
    "max_error_ci_lower_test": 2.8536020307087346,
    "max_error_ci_upper_test": 2.916397969291265,
    "max_error_samperror_test": 0.03139796929126537,
    "max_error_t_critical_test": 1.965927295920882,
    "max_error_df_test": 399,
    "rho_mean_test": NaN,
    "rho_std_test": NaN,
    "rho_ci_lower_test": NaN,
    "rho_ci_upper_test": NaN,
    "rho_samperror_test": NaN,
    "rho_t_critical_test": NaN,
    "rho_df_test": NaN,
    "r2_below_zero_test": 0.8275
  },
  "selected_features": [
    "z_lsc_T2W40",
    "z_density_T2W40",
    "z_diameter_T2W40",
    "z_asp_T2W40"
  ]
}