set,r2_mean,r2_std,r2_ci_lower,r2_ci_upper,rmse_mean,rmse_std,rmse_ci_lower,rmse_ci_upper,mae_mean,mae_std,mae_ci_lower,mae_ci_upper,rho_mean,rho_std,rho_ci_lower,rho_ci_upper,r2_below_zero
TEST,-0.011185392998346009,0.023539063861693688,-0.01349919740665243,-0.008871588590039588,7.823786234189617,0.4846525241598292,7.776146652875479,7.8714258155037555,6.698499992410818,0.37321369185157305,6.661814443209698,6.735185541611939,-0.04663725310794549,0.17982373118949999,-0.06431327218793435,-0.02896123402795663,0.7325
