set,r2_mean,r2_std,r2_ci_lower,r2_ci_upper,rmse_mean,rmse_std,rmse_ci_lower,rmse_ci_upper,mae_mean,mae_std,mae_ci_lower,mae_ci_upper,rho_mean,rho_std,rho_ci_lower,rho_ci_upper,r2_below_zero
VALIDATION,-0.012424905012764078,0.027471417346000525,-0.01512524547367092,-0.009724564551857237,1.3897563573004936,0.07702645073582016,1.382184937200021,1.3973277774009663,1.0862909659418158,0.05678678764783218,1.080709031147589,1.0918729007360426,0.0321600622188949,0.13453010312431377,0.018936242126137922,0.04538388231165187,0.6025
