set,r2_mean,r2_std,r2_ci_lower,r2_ci_upper,rmse_mean,rmse_std,rmse_ci_lower,rmse_ci_upper,mae_mean,mae_std,mae_ci_lower,mae_ci_upper,rho_mean,rho_std,rho_ci_lower,rho_ci_upper,r2_below_zero
TEST,-0.01391272949715223,0.03587508514914262,-0.017439119954061496,-0.010386339040242963,1.3438967748532447,0.10866862583200011,1.3332150439665775,1.3545785057399118,1.0434378876959236,0.07622436240486084,1.0359453099626295,1.0509304654292178,0.030312448870408043,0.18837800846575453,0.011795575430705953,0.04882932231011013,0.6225
