set,r2_mean,r2_std,r2_ci_lower,r2_ci_upper,rmse_mean,rmse_std,rmse_ci_lower,rmse_ci_upper,mae_mean,mae_std,mae_ci_lower,mae_ci_upper,rho_mean,rho_std,rho_ci_lower,rho_ci_upper,r2_below_zero
VALIDATION,-0.00932750350448388,0.04311451715841138,-0.013565503811092387,-0.005089503197875372,7.759074694114613,0.3328503575102108,7.726356713950295,7.7917926742789305,6.616454054839376,0.2665354826310448,6.5902545858075845,6.642653523871167,0.05573028623239926,0.13917374329612872,0.042050013191332,0.06941055927346652,0.5075
