set,r2_mean,r2_std,r2_ci_lower,r2_ci_upper,rmse_mean,rmse_std,rmse_ci_lower,rmse_ci_upper,mae_mean,mae_std,mae_ci_lower,mae_ci_upper,rho_mean,rho_std,rho_ci_lower,rho_ci_upper,r2_below_zero
TEST,-0.013149585004312762,0.06427518613850819,-0.0194676021483172,-0.006831567860308325,7.738172355627478,0.5375791884524048,7.685330275612599,7.791014435642357,6.605256642324323,0.43736553270361217,6.562265200372473,6.648248084276173,0.04996081639910277,0.19520851040539133,0.030772529449002054,0.06914910334920349,0.5375
