set,r2_mean,r2_std,r2_ci_lower,r2_ci_upper,rmse_mean,rmse_std,rmse_ci_lower,rmse_ci_upper,mae_mean,mae_std,mae_ci_lower,mae_ci_upper,rho_mean,rho_std,rho_ci_lower,rho_ci_upper,r2_below_zero
TEST,-0.021479503053663987,0.0963676531969151,-0.030952093046846617,-0.012006913060481355,3.3878584235058686,0.2884832762143859,3.3595015661495413,3.416215280862196,2.7737516332619623,0.19265564316415917,2.7548142838814815,2.792688982642443,0.0385476734463928,0.20851779976763052,0.018051131733965314,0.05904421515882029,0.5825
