set,r2_mean,r2_std,r2_ci_lower,r2_ci_upper,rmse_mean,rmse_std,rmse_ci_lower,rmse_ci_upper,mae_mean,mae_std,mae_ci_lower,mae_ci_upper,rho_mean,rho_std,rho_ci_lower,rho_ci_upper,r2_below_zero
VALIDATION,-0.017694825278807277,0.05488691109555822,-0.023090009114384306,-0.012299641443230248,3.47693663925204,0.19790204765557698,3.4574835873818035,3.4963896911222765,2.8513138206090765,0.1298201450383175,2.8385529722745146,2.8640746689436383,0.03529771850395999,0.13774516874217627,0.021757869148386386,0.048837567859533595,0.545
