set,r2_mean,r2_std,r2_ci_lower,r2_ci_upper,rmse_mean,rmse_std,rmse_ci_lower,rmse_ci_upper,mae_mean,mae_std,mae_ci_lower,mae_ci_upper,rho_mean,rho_std,rho_ci_lower,rho_ci_upper,r2_below_zero
VALIDATION,-0.015284830222591661,0.05829038524216019,-0.021014563194456985,-0.00955509725072634,2.257968296260847,0.1930886609008089,2.2389883828109616,2.2769482097107323,1.7563846210264114,0.13023779139335298,1.7435827195733793,1.7691865224794434,0.11079315121509412,0.12400246106320087,0.09860416006681846,0.12298214236336977,0.54
