set,r2_mean,r2_std,r2_ci_lower,r2_ci_upper,rmse_mean,rmse_std,rmse_ci_lower,rmse_ci_upper,mae_mean,mae_std,mae_ci_lower,mae_ci_upper,rho_mean,rho_std,rho_ci_lower,rho_ci_upper,r2_below_zero
TEST,-0.016765515394423412,0.08201269918872478,-0.024827065591786532,-0.008703965197060291,2.1812627364170716,0.2829067174428192,2.1534540345160607,2.2090714383180825,1.6916760257583985,0.19976153651914183,1.6720401928924946,1.7113118586243024,0.10721523522953742,0.18711792477354597,0.0888222234361182,0.12560824702295664,0.545
