set,r2_mean,r2_std,r2_ci_lower,r2_ci_upper,rmse_mean,rmse_std,rmse_ci_lower,rmse_ci_upper,mae_mean,mae_std,mae_ci_lower,mae_ci_upper,rho_mean,rho_std,rho_ci_lower,rho_ci_upper,r2_below_zero
TEST,-0.007539137379744911,0.047498913117249734,-0.012208107870933694,-0.0028701668885561284,3.4827342056991824,0.2796845844263726,3.4552422277605777,3.510226183637787,2.8855310374799554,0.19045347190152515,2.86681015352925,2.904251921430661,0.11331402210366036,0.19706568478645375,0.09394318166310886,0.13268486254421186,0.5
