set,r2_mean,r2_std,r2_ci_lower,r2_ci_upper,rmse_mean,rmse_std,rmse_ci_lower,rmse_ci_upper,mae_mean,mae_std,mae_ci_lower,mae_ci_upper,rho_mean,rho_std,rho_ci_lower,rho_ci_upper,r2_below_zero
VALIDATION,-0.00778277581553605,0.03250311603725254,-0.010977713966541977,-0.004587837664530123,3.4469764181914284,0.181341974117024,3.4291511613507866,3.4648016750320703,2.855222881946846,0.1200497532654825,2.8434224276061872,2.867023336287505,0.09401492423982032,0.1266491225416805,0.0815657758893644,0.10646407259027624,0.465
