{
  "best_trial_number": 8,
  "best_value_internal_minimized": 1.7264481550195838,
  "best_params": {
    "regressor": "QuantileRegressor",
    "use_scaler": false,
    "quantile_alpha": 0.03261332783906558,
    "rfe_n_features": 2
  },
  "best_metadata": {
    "regressor": "QuantileRegressor",
    "use_scaler": false,
    "rfe_estimator": {
      "mode": "original",
      "type": "QuantileRegressor"
    },
    "n_candidate_features": 13,
    "rfe_n_features": 2,
    "rfe_selected_features": [
      "diameter_T2W10",
      "asp_T2W10"
    ]
  },
  "validation_summary": {
    "n_splits_val": 400,
    "mae_mean_val": 1.7432653061224488,
    "mae_std_val": 0.11629031737812898,
    "mae_ci_lower_val": 1.7318343906632006,
    "mae_ci_upper_val": 1.754696221581697,
    "mae_samperror_val": 0.011430915459248313,
    "mae_t_critical_val": 1.965927295920882,
    "mae_df_val": 399,
    "d2mae_mean_val": 0.0,
    "d2mae_std_val": 0.0,
    "d2mae_ci_lower_val": 0.0,
    "d2mae_ci_upper_val": 0.0,
    "d2mae_samperror_val": 0.0,
    "d2mae_t_critical_val": 1.965927295920882,
    "d2mae_df_val": 399,
    "rmse_mean_val": 2.267632676269305,
    "rmse_std_val": 0.17070261793849223,
    "rmse_ci_lower_val": 2.250853229464783,
    "rmse_ci_upper_val": 2.284412123073827,
    "rmse_samperror_val": 0.016779446804521772,
    "rmse_t_critical_val": 1.965927295920882,
    "rmse_df_val": 399,
    "mape_mean_val": 0.26702277994114726,
    "mape_std_val": 0.04517158039691071,
    "mape_ci_lower_val": 0.26258257779603866,
    "mape_ci_upper_val": 0.27146298208625586,
    "mape_samperror_val": 0.00444020214510857,
    "mape_t_critical_val": 1.965927295920882,
    "mape_df_val": 399,
    "r2_mean_val": -0.010566582334209363,
    "r2_std_val": 0.011074116768625136,
    "r2_ci_lower_val": -0.011655127755892128,
    "r2_ci_upper_val": -0.009478036912526598,
    "r2_samperror_val": 0.0010885454216827653,
    "r2_t_critical_val": 1.965927295920882,
    "r2_df_val": 399,
    "median_ae_mean_val": 1.1525,
    "median_ae_std_val": 0.3599550932726641,
    "median_ae_ci_lower_val": 1.1171177228414761,
    "median_ae_ci_upper_val": 1.187882277158524,
    "median_ae_samperror_val": 0.03538227715852387,
    "median_ae_t_critical_val": 1.965927295920882,
    "median_ae_df_val": 399,
    "max_error_mean_val": 5.89,
    "max_error_std_val": 0.7377402331641354,
    "max_error_ci_lower_val": 5.817482816916179,
    "max_error_ci_upper_val": 5.96251718308382,
    "max_error_samperror_val": 0.07251718308382049,
    "max_error_t_critical_val": 1.965927295920882,
    "max_error_df_val": 399,
    "rho_mean_val": NaN,
    "rho_std_val": NaN,
    "rho_ci_lower_val": NaN,
    "rho_ci_upper_val": NaN,
    "rho_samperror_val": NaN,
    "rho_t_critical_val": NaN,
    "rho_df_val": NaN,
    "r2_below_zero_val": 0.9775
  },
  "test_summary": {
    "n_splits_test": 400,
    "mae_mean_test": 1.7179166666666665,
    "mae_std_test": 0.18585781838537424,
    "mae_ci_lower_test": 1.699647518750461,
    "mae_ci_upper_test": 1.7361858145828721,
    "mae_samperror_test": 0.018269147916205656,
    "mae_t_critical_test": 1.965927295920882,
    "mae_df_test": 399,
    "d2mae_mean_test": 0.0,
    "d2mae_std_test": 0.0,
    "d2mae_ci_lower_test": 0.0,
    "d2mae_ci_upper_test": 0.0,
    "d2mae_samperror_test": 0.0,
    "d2mae_t_critical_test": 1.965927295920882,
    "d2mae_df_test": 399,
    "rmse_mean_test": 2.2153210003677732,
    "rmse_std_test": 0.2716382404295986,
    "rmse_ci_lower_test": 2.1886199487939497,
    "rmse_ci_upper_test": 2.2420220519415968,
    "rmse_samperror_test": 0.02670105157382336,
    "rmse_t_critical_test": 1.965927295920882,
    "rmse_df_test": 399,
    "mape_mean_test": 0.2656071058571059,
    "mape_std_test": 0.06937494520950523,
    "mape_ci_lower_test": 0.2587878009350868,
    "mape_ci_upper_test": 0.272426410779125,
    "mape_samperror_test": 0.006819304922019098,
    "mape_t_critical_test": 1.965927295920882,
    "mape_df_test": 399,
    "r2_mean_test": -0.01314857161385993,
    "r2_std_test": 0.01656320589384452,
    "r2_ci_lower_test": -0.014776674542593259,
    "r2_ci_upper_test": -0.0115204686851266,
    "r2_samperror_test": 0.0016281029287333287,
    "r2_t_critical_test": 1.965927295920882,
    "r2_df_test": 399,
    "median_ae_mean_test": 1.21875,
    "median_ae_std_test": 0.3579017626097949,
    "median_ae_ci_lower_test": 1.1835695577813605,
    "median_ae_ci_upper_test": 1.2539304422186395,
    "median_ae_samperror_test": 0.03518044221863957,
    "median_ae_t_critical_test": 1.965927295920882,
    "median_ae_df_test": 399,
    "max_error_mean_test": 5.275,
    "max_error_std_test": 0.993399267798783,
    "max_error_ci_lower_test": 5.177352463184328,
    "max_error_ci_upper_test": 5.3726475368156725,
    "max_error_samperror_test": 0.09764753681567227,
    "max_error_t_critical_test": 1.965927295920882,
    "max_error_df_test": 399,
    "rho_mean_test": NaN,
    "rho_std_test": NaN,
    "rho_ci_lower_test": NaN,
    "rho_ci_upper_test": NaN,
    "rho_samperror_test": NaN,
    "rho_t_critical_test": NaN,
    "rho_df_test": NaN,
    "r2_below_zero_test": 0.94
  },
  "selected_features": [
    "diameter_T2W10",
    "asp_T2W10"
  ]
}