{
  "best_trial_number": 273,
  "best_value_internal_minimized": 1.0015357403926612,
  "best_params": {
    "regressor": "QuantileRegressor",
    "use_scaler": true,
    "quantile_alpha": 0.0011588080254231895,
    "rfe_n_features": 4
  },
  "best_metadata": {
    "regressor": "QuantileRegressor",
    "use_scaler": true,
    "rfe_estimator": {
      "mode": "original",
      "type": "QuantileRegressor"
    },
    "n_candidate_features": 23,
    "rfe_n_features": 4,
    "rfe_selected_features": [
      "nodes_T2W10",
      "edges_T2W10",
      "lcc_T2W10",
      "z_density_T2W10"
    ]
  },
  "validation_summary": {
    "n_splits_val": 400,
    "mae_mean_val": 1.0060789812652926,
    "mae_std_val": 0.05825753348533481,
    "mae_ci_lower_val": 1.0003524775017003,
    "mae_ci_upper_val": 1.011805485028885,
    "mae_samperror_val": 0.005726503763592225,
    "mae_t_critical_val": 1.965927295920882,
    "mae_df_val": 399,
    "d2mae_mean_val": 0.01627190567988894,
    "d2mae_std_val": 0.03408170159552659,
    "d2mae_ci_lower_val": 0.01292179830698514,
    "d2mae_ci_upper_val": 0.01962201305279274,
    "d2mae_samperror_val": 0.0033501073729038,
    "d2mae_t_critical_val": 1.965927295920882,
    "d2mae_df_val": 399,
    "rmse_mean_val": 1.3134721785042416,
    "rmse_std_val": 0.07542059173265822,
    "rmse_ci_lower_val": 1.3060586085061547,
    "rmse_ci_upper_val": 1.3208857485023284,
    "rmse_samperror_val": 0.007413569998086881,
    "rmse_t_critical_val": 1.965927295920882,
    "rmse_df_val": 399,
    "mape_mean_val": 292051436639302.9,
    "mape_std_val": 219772995741439.5,
    "mape_ci_lower_val": 270448550077582.88,
    "mape_ci_upper_val": 313654323201022.9,
    "mape_samperror_val": 21602886561719.984,
    "mape_t_critical_val": 1.965927295920882,
    "mape_df_val": 399,
    "r2_mean_val": 0.04497445404762255,
    "r2_std_val": 0.05185115088539241,
    "r2_ci_lower_val": 0.03987767440509729,
    "r2_ci_upper_val": 0.05007123369014781,
    "r2_samperror_val": 0.005096779642525257,
    "r2_t_critical_val": 1.965927295920882,
    "r2_df_val": 399,
    "median_ae_mean_val": 0.9970374844026898,
    "median_ae_std_val": 0.015565556246497777,
    "median_ae_ci_lower_val": 0.9955074468076307,
    "median_ae_ci_upper_val": 0.9985675219977489,
    "median_ae_samperror_val": 0.0015300375950590885,
    "median_ae_t_critical_val": 1.965927295920882,
    "median_ae_df_val": 399,
    "max_error_mean_val": 3.164343063311774,
    "max_error_std_val": 0.34601967448971604,
    "max_error_ci_lower_val": 3.1303305871615246,
    "max_error_ci_upper_val": 3.1983555394620238,
    "max_error_samperror_val": 0.03401247615024956,
    "max_error_t_critical_val": 1.965927295920882,
    "max_error_df_val": 399,
    "rho_mean_val": 0.22905754590402805,
    "rho_std_val": 0.12517136973280735,
    "rho_ci_lower_val": 0.2167536552827515,
    "rho_ci_upper_val": 0.2413614365253046,
    "rho_samperror_val": 0.012303890621276545,
    "rho_t_critical_val": 1.965927295920882,
    "rho_df_val": 399,
    "r2_below_zero_val": 0.1675
  },
  "test_summary": {
    "n_splits_test": 400,
    "mae_mean_test": 1.0263456884105024,
    "mae_std_test": 0.08873182836277545,
    "mae_ci_lower_test": 1.017623672240735,
    "mae_ci_upper_test": 1.0350677045802699,
    "mae_samperror_test": 0.008722016169767347,
    "mae_t_critical_test": 1.965927295920882,
    "mae_df_test": 399,
    "d2mae_mean_test": 0.01244730549804165,
    "d2mae_std_test": 0.049581833818147826,
    "d2mae_ci_lower_test": 0.007573591473796155,
    "d2mae_ci_upper_test": 0.017321019522287144,
    "d2mae_samperror_test": 0.004873714024245495,
    "d2mae_t_critical_test": 1.965927295920882,
    "d2mae_df_test": 399,
    "rmse_mean_test": 1.3243847720906858,
    "rmse_std_test": 0.11057580070288196,
    "rmse_ci_lower_test": 1.3135155728471808,
    "rmse_ci_upper_test": 1.3352539713341909,
    "rmse_samperror_test": 0.010869199243505155,
    "rmse_t_critical_test": 1.965927295920882,
    "rmse_df_test": 399,
    "mape_mean_test": 279204011850223.56,
    "mape_std_test": 336627545706202.1,
    "mape_ci_lower_test": 246114747817089.72,
    "mape_ci_upper_test": 312293275883357.44,
    "mape_samperror_test": 33089264033133.85,
    "mape_t_critical_test": 1.965927295920882,
    "mape_df_test": 399,
    "r2_mean_test": 0.04081268857403782,
    "r2_std_test": 0.07567391864988805,
    "r2_ci_lower_test": 0.033374217460882254,
    "r2_ci_upper_test": 0.04825115968719338,
    "r2_samperror_test": 0.007438471113155561,
    "r2_t_critical_test": 1.965927295920882,
    "r2_df_test": 399,
    "median_ae_mean_test": 0.9952761910501025,
    "median_ae_std_test": 0.02088233884003393,
    "median_ae_ci_lower_test": 0.9932235330536878,
    "median_ae_ci_upper_test": 0.9973288490465171,
    "median_ae_samperror_test": 0.0020526579964145757,
    "median_ae_t_critical_test": 1.965927295920882,
    "median_ae_df_test": 399,
    "max_error_mean_test": 2.9692444794754276,
    "max_error_std_test": 0.3757920082654233,
    "max_error_ci_lower_test": 2.9323054911435316,
    "max_error_ci_upper_test": 3.0061834678073236,
    "max_error_samperror_test": 0.036938988331896065,
    "max_error_t_critical_test": 1.965927295920882,
    "max_error_df_test": 399,
    "rho_mean_test": 0.21472725329548958,
    "rho_std_test": 0.1964067120887787,
    "rho_ci_lower_test": 0.1954211874756194,
    "rho_ci_upper_test": 0.23403331911535977,
    "rho_samperror_test": 0.019306065819870193,
    "rho_t_critical_test": 1.965927295920882,
    "rho_df_test": 399,
    "r2_below_zero_test": 0.26
  },
  "selected_features": [
    "nodes_T2W10",
    "edges_T2W10",
    "lcc_T2W10",
    "z_density_T2W10"
  ]
}