{
  "best_trial_number": 137,
  "best_value_internal_minimized": 1.0007398868709076,
  "best_params": {
    "regressor": "QuantileRegressor",
    "use_scaler": false,
    "quantile_alpha": 0.00047161752866657245,
    "rfe_n_features": 3
  },
  "best_metadata": {
    "regressor": "QuantileRegressor",
    "use_scaler": false,
    "rfe_estimator": {
      "mode": "original",
      "type": "QuantileRegressor"
    },
    "n_candidate_features": 22,
    "rfe_n_features": 3,
    "rfe_selected_features": [
      "nodes_T2W10",
      "edges_T2W10",
      "lcc_T2W10"
    ]
  },
  "validation_summary": {
    "n_splits_val": 400,
    "mae_mean_val": 1.005053227347114,
    "mae_std_val": 0.05779099548239769,
    "mae_ci_lower_val": 0.9993725825732497,
    "mae_ci_upper_val": 1.0107338721209782,
    "mae_samperror_val": 0.0056806447738643,
    "mae_t_critical_val": 1.965927295920882,
    "mae_df_val": 399,
    "d2mae_mean_val": 0.017274965082559313,
    "d2mae_std_val": 0.03342898795167916,
    "d2mae_ci_lower_val": 0.013989017088098497,
    "d2mae_ci_upper_val": 0.02056091307702013,
    "d2mae_samperror_val": 0.0032859479944608175,
    "d2mae_t_critical_val": 1.965927295920882,
    "d2mae_df_val": 399,
    "rmse_mean_val": 1.3132531916618466,
    "rmse_std_val": 0.07527264053562513,
    "rmse_ci_lower_val": 1.3058541647285953,
    "rmse_ci_upper_val": 1.320652218595098,
    "rmse_samperror_val": 0.007399026933251304,
    "rmse_t_critical_val": 1.965927295920882,
    "rmse_df_val": 399,
    "mape_mean_val": 292491823238735.2,
    "mape_std_val": 219806864967136.72,
    "mape_ci_lower_val": 270885607455250.72,
    "mape_ci_upper_val": 314098039022219.7,
    "mape_samperror_val": 21606215783484.477,
    "mape_t_critical_val": 1.965927295920882,
    "mape_df_val": 399,
    "r2_mean_val": 0.04530193312207949,
    "r2_std_val": 0.05147224689453932,
    "r2_ci_lower_val": 0.04024239836446181,
    "r2_ci_upper_val": 0.05036146787969717,
    "r2_samperror_val": 0.005059534757617685,
    "r2_t_critical_val": 1.965927295920882,
    "r2_df_val": 399,
    "median_ae_mean_val": 0.9976787116954557,
    "median_ae_std_val": 0.013030678754073557,
    "median_ae_ci_lower_val": 0.9963978433431052,
    "median_ae_ci_upper_val": 0.9989595800478063,
    "median_ae_samperror_val": 0.0012808683523504757,
    "median_ae_t_critical_val": 1.965927295920882,
    "median_ae_df_val": 399,
    "max_error_mean_val": 3.1634846556524305,
    "max_error_std_val": 0.34396064826873635,
    "max_error_ci_lower_val": 3.129674574294723,
    "max_error_ci_upper_val": 3.197294737010138,
    "max_error_samperror_val": 0.03381008135770752,
    "max_error_t_critical_val": 1.965927295920882,
    "max_error_df_val": 399,
    "rho_mean_val": 0.23127918942622755,
    "rho_std_val": 0.12399083778237008,
    "rho_ci_lower_val": 0.21909134080420456,
    "rho_ci_upper_val": 0.24346703804825054,
    "rho_samperror_val": 0.012187848622022978,
    "rho_t_critical_val": 1.965927295920882,
    "rho_df_val": 399,
    "r2_below_zero_val": 0.1675
  },
  "test_summary": {
    "n_splits_test": 400,
    "mae_mean_test": 1.024639460743031,
    "mae_std_test": 0.08900759292464935,
    "mae_ci_lower_test": 1.0158903379192918,
    "mae_ci_upper_test": 1.03338858356677,
    "mae_samperror_test": 0.008749122823739127,
    "mae_t_critical_test": 1.965927295920882,
    "mae_df_test": 399,
    "d2mae_mean_test": 0.014137813542937604,
    "d2mae_std_test": 0.04921930606888457,
    "d2mae_ci_lower_test": 0.009299734678582378,
    "d2mae_ci_upper_test": 0.01897589240729283,
    "d2mae_samperror_test": 0.0048380788643552245,
    "d2mae_t_critical_test": 1.965927295920882,
    "d2mae_df_test": 399,
    "rmse_mean_test": 1.3235032820019188,
    "rmse_std_test": 0.11059122976330209,
    "rmse_ci_lower_test": 1.3126325661378622,
    "rmse_ci_upper_test": 1.3343739978659754,
    "rmse_samperror_test": 0.010870715864056671,
    "rmse_t_critical_test": 1.965927295920882,
    "rmse_df_test": 399,
    "mape_mean_test": 279126398974736.62,
    "mape_std_test": 336403720910896.9,
    "mape_ci_lower_test": 246059136105332.5,
    "mape_ci_upper_test": 312193661844140.75,
    "mape_samperror_test": 33067262869404.13,
    "mape_t_critical_test": 1.965927295920882,
    "mape_df_test": 399,
    "r2_mean_test": 0.04217320183920378,
    "r2_std_test": 0.0745956177482347,
    "r2_ci_lower_test": 0.03484072378483705,
    "r2_ci_upper_test": 0.04950567989357052,
    "r2_samperror_test": 0.00733247805436674,
    "r2_t_critical_test": 1.965927295920882,
    "r2_df_test": 399,
    "median_ae_mean_test": 0.9962085332518122,
    "median_ae_std_test": 0.020306962581399357,
    "median_ae_ci_lower_test": 0.9942124326500114,
    "median_ae_ci_upper_test": 0.9982046338536131,
    "median_ae_samperror_test": 0.001996100601800849,
    "median_ae_t_critical_test": 1.965927295920882,
    "median_ae_df_test": 399,
    "max_error_mean_test": 2.968101000391066,
    "max_error_std_test": 0.37368822580381006,
    "max_error_ci_lower_test": 2.9313688062274683,
    "max_error_ci_upper_test": 3.004833194554664,
    "max_error_samperror_test": 0.03673219416359781,
    "max_error_t_critical_test": 1.965927295920882,
    "max_error_df_test": 399,
    "rho_mean_test": 0.2321280420679191,
    "rho_std_test": 0.20127576236079361,
    "rho_ci_lower_test": 0.21234336630630063,
    "rho_ci_upper_test": 0.25191271782953756,
    "rho_samperror_test": 0.019784675761618454,
    "rho_t_critical_test": 1.965927295920882,
    "rho_df_test": 399,
    "r2_below_zero_test": 0.2475
  },
  "selected_features": [
    "nodes_T2W10",
    "edges_T2W10",
    "lcc_T2W10"
  ]
}