{
  "best_trial_number": 82,
  "best_value_internal_minimized": 1.0101811529015714,
  "best_params": {
    "regressor": "QuantileRegressor",
    "use_scaler": true,
    "quantile_alpha": 0.00020033665584113386,
    "rfe_n_features": 7
  },
  "best_metadata": {
    "regressor": "QuantileRegressor",
    "use_scaler": true,
    "rfe_estimator": {
      "mode": "original",
      "type": "QuantileRegressor"
    },
    "n_candidate_features": 22,
    "rfe_n_features": 7,
    "rfe_selected_features": [
      "nodes_T2W10",
      "lcc_T2W10",
      "lsc_T2W10",
      "atd_T2W10",
      "z_lsc_T2W10",
      "z_diameter_T2W10",
      "z_asp_T2W10"
    ]
  },
  "validation_summary": {
    "n_splits_val": 400,
    "mae_mean_val": 1.0155843983234343,
    "mae_std_val": 0.06370444996360733,
    "mae_ci_lower_val": 1.0093224824706801,
    "mae_ci_upper_val": 1.0218463141761884,
    "mae_samperror_val": 0.006261915852754084,
    "mae_t_critical_val": 1.965927295920882,
    "mae_df_val": 399,
    "d2mae_mean_val": 0.00691242118403488,
    "d2mae_std_val": 0.04330582742054611,
    "d2mae_ci_lower_val": 0.0026556157741103505,
    "d2mae_ci_upper_val": 0.01116922659395941,
    "d2mae_samperror_val": 0.00425680540992453,
    "d2mae_t_critical_val": 1.965927295920882,
    "d2mae_df_val": 399,
    "rmse_mean_val": 1.3072713234490516,
    "rmse_std_val": 0.08170259743294761,
    "rmse_ci_lower_val": 1.2992402551269984,
    "rmse_ci_upper_val": 1.3153023917711049,
    "rmse_samperror_val": 0.008031068322053355,
    "rmse_t_critical_val": 1.965927295920882,
    "rmse_df_val": 399,
    "mape_mean_val": 287283326797605.6,
    "mape_std_val": 219284424271142.38,
    "mape_ci_lower_val": 265728465035358.9,
    "mape_ci_upper_val": 308838188559852.4,
    "mape_samperror_val": 21554861762246.72,
    "mape_t_critical_val": 1.965927295920882,
    "mape_df_val": 399,
    "r2_mean_val": 0.053449729855122335,
    "r2_std_val": 0.06909725774215139,
    "r2_ci_lower_val": 0.04665772060169354,
    "r2_ci_upper_val": 0.06024173910855113,
    "r2_samperror_val": 0.006792009253428796,
    "r2_t_critical_val": 1.965927295920882,
    "r2_df_val": 399,
    "median_ae_mean_val": 0.9382339094557363,
    "median_ae_std_val": 0.06568719357674195,
    "median_ae_ci_lower_val": 0.9317770971134884,
    "median_ae_ci_upper_val": 0.9446907217979841,
    "median_ae_samperror_val": 0.006456812342247791,
    "median_ae_t_critical_val": 1.965927295920882,
    "median_ae_df_val": 399,
    "max_error_mean_val": 3.191744370797743,
    "max_error_std_val": 0.3447183545008694,
    "max_error_ci_lower_val": 3.1578598096718338,
    "max_error_ci_upper_val": 3.2256289319236524,
    "max_error_samperror_val": 0.033884561125909506,
    "max_error_t_critical_val": 1.965927295920882,
    "max_error_df_val": 399,
    "rho_mean_val": 0.23415606820928564,
    "rho_std_val": 0.12775914557957194,
    "rho_ci_lower_val": 0.22159780862936512,
    "rho_ci_upper_val": 0.24671432778920616,
    "rho_samperror_val": 0.012558259579920508,
    "rho_t_critical_val": 1.965927295920882,
    "rho_df_val": 399,
    "r2_below_zero_val": 0.19
  },
  "test_summary": {
    "n_splits_test": 400,
    "mae_mean_test": 1.0329060204704086,
    "mae_std_test": 0.0945929728362871,
    "mae_ci_lower_test": 1.0236078751053506,
    "mae_ci_upper_test": 1.0422041658354666,
    "mae_samperror_test": 0.009298145365057969,
    "mae_t_critical_test": 1.965927295920882,
    "mae_df_test": 399,
    "d2mae_mean_test": 0.005760222231044467,
    "d2mae_std_test": 0.064994292040668,
    "d2mae_ci_lower_test": -0.0006284804090456609,
    "d2mae_ci_upper_test": 0.012148924871134595,
    "d2mae_samperror_test": 0.006388702640090128,
    "d2mae_t_critical_test": 1.965927295920882,
    "d2mae_df_test": 399,
    "rmse_mean_test": 1.315332049425976,
    "rmse_std_test": 0.11661355754523821,
    "rmse_ci_lower_test": 1.3038693606333447,
    "rmse_ci_upper_test": 1.3267947382186072,
    "rmse_samperror_test": 0.011462688792631215,
    "rmse_t_critical_test": 1.965927295920882,
    "rmse_df_test": 399,
    "mape_mean_test": 272530809089716.4,
    "mape_std_test": 330818879992918.6,
    "mape_ci_lower_test": 240012515780513.75,
    "mape_ci_upper_test": 305049102398919.06,
    "mape_samperror_test": 32518293309202.664,
    "mape_t_critical_test": 1.965927295920882,
    "mape_df_test": 399,
    "r2_mean_test": 0.05263824663546052,
    "r2_std_test": 0.09950560038126813,
    "r2_ci_lower_test": 0.042857207841134004,
    "r2_ci_upper_test": 0.06241928542978703,
    "r2_samperror_test": 0.009781038794326517,
    "r2_t_critical_test": 1.965927295920882,
    "r2_df_test": 399,
    "median_ae_mean_test": 0.9530931133266484,
    "median_ae_std_test": 0.08315789799667817,
    "median_ae_ci_lower_test": 0.9449189942494947,
    "median_ae_ci_upper_test": 0.9612672324038021,
    "median_ae_samperror_test": 0.008174119077153702,
    "median_ae_t_critical_test": 1.965927295920882,
    "median_ae_df_test": 399,
    "max_error_mean_test": 2.983194047844023,
    "max_error_std_test": 0.37576326198552507,
    "max_error_ci_lower_test": 2.9462578851669425,
    "max_error_ci_upper_test": 3.0201302105211036,
    "max_error_samperror_test": 0.036936162677080664,
    "max_error_t_critical_test": 1.965927295920882,
    "max_error_df_test": 399,
    "rho_mean_test": 0.24501375896214622,
    "rho_std_test": 0.20012417839290889,
    "rho_ci_lower_test": 0.22534227971832824,
    "rho_ci_upper_test": 0.2646852382059642,
    "rho_samperror_test": 0.01967147924381798,
    "rho_t_critical_test": 1.965927295920882,
    "rho_df_test": 399,
    "r2_below_zero_test": 0.265
  },
  "selected_features": [
    "nodes_T2W10",
    "lcc_T2W10",
    "lsc_T2W10",
    "atd_T2W10",
    "z_lsc_T2W10",
    "z_diameter_T2W10",
    "z_asp_T2W10"
  ]
}