{
  "mean_abs_shap": {
    "nodes_T2W10": 1.4894205809622847,
    "lcc_T2W10": 0.23932751948039194,
    "lsc_T2W10": 0.4784894313295903,
    "atd_T2W10": 0.7838646784380534,
    "z_lsc_T2W10": 0.27825030920073895,
    "z_diameter_T2W10": 0.8144490546059053,
    "z_asp_T2W10": 0.6238095363245677
  },
  "mean_shap": {
    "nodes_T2W10": 0.23645358000390432,
    "lcc_T2W10": -0.06223978185882816,
    "lsc_T2W10": -0.09326650037064654,
    "atd_T2W10": -0.03886492481035811,
    "z_lsc_T2W10": 0.009256561545394006,
    "z_diameter_T2W10": 0.030023268240196292,
    "z_asp_T2W10": -0.014446115349561025
  },
  "regressor": "QuantileRegressor",
  "n_subjects": 240,
  "n_features": 7
}