{
  "best_trial_number": 251,
  "best_value_internal_minimized": 2.7774387111241703,
  "best_params": {
    "regressor": "ExtraTreesRegressor",
    "use_scaler": true,
    "et_n_estimators": 430,
    "et_max_depth": 5,
    "et_min_samples_split": 4,
    "et_min_samples_leaf": 2,
    "et_max_features": "sqrt",
    "rfe_n_features": 5
  },
  "best_metadata": {
    "regressor": "ExtraTreesRegressor",
    "use_scaler": true,
    "rfe_estimator": {
      "mode": "original",
      "type": "ExtraTreesRegressor"
    },
    "n_candidate_features": 22,
    "rfe_n_features": 5,
    "rfe_selected_features": [
      "l2_T2W20",
      "lsc_T2W20",
      "z_re_T2W20",
      "z_pe_T2W20",
      "z_l2_T2W20"
    ]
  },
  "validation_summary": {
    "n_splits_val": 400,
    "mae_mean_val": 2.795108012703564,
    "mae_std_val": 0.11614821539331241,
    "mae_ci_lower_val": 2.7836910653528535,
    "mae_ci_upper_val": 2.8065249600542743,
    "mae_samperror_val": 0.01141694735071054,
    "mae_t_critical_val": 1.965927295920882,
    "mae_df_val": 399,
    "d2mae_mean_val": 0.001724742424141507,
    "d2mae_std_val": 0.02608997472394631,
    "d2mae_ci_lower_val": -0.0008398072488430895,
    "d2mae_ci_upper_val": 0.004289292097126104,
    "d2mae_samperror_val": 0.0025645496729845966,
    "d2mae_t_critical_val": 1.965927295920882,
    "d2mae_df_val": 399,
    "rmse_mean_val": 3.3979306244309386,
    "rmse_std_val": 0.1587328769703985,
    "rmse_ci_lower_val": 3.382327759651131,
    "rmse_ci_upper_val": 3.4135334892107463,
    "rmse_samperror_val": 0.015602864779807877,
    "rmse_t_critical_val": 1.965927295920882,
    "rmse_df_val": 399,
    "mape_mean_val": 961169083521690.5,
    "mape_std_val": 578529588689686.1,
    "mape_ci_lower_val": 904301728026543.8,
    "mape_ci_upper_val": 1018036439016837.2,
    "mape_samperror_val": 56867355495146.734,
    "mape_t_critical_val": 1.965927295920882,
    "mape_df_val": 399,
    "r2_mean_val": 0.02726047214912434,
    "r2_std_val": 0.04156709043029515,
    "r2_ci_lower_val": 0.023174578264677892,
    "r2_ci_upper_val": 0.031346366033570786,
    "r2_samperror_val": 0.004085893884446445,
    "r2_t_critical_val": 1.965927295920882,
    "r2_df_val": 399,
    "median_ae_mean_val": 2.47469953894925,
    "median_ae_std_val": 0.210358282923162,
    "median_ae_ci_lower_val": 2.4540220844331655,
    "median_ae_ci_upper_val": 2.4953769934653343,
    "median_ae_samperror_val": 0.020677454516084586,
    "median_ae_t_critical_val": 1.965927295920882,
    "median_ae_df_val": 399,
    "max_error_mean_val": 8.038463427635902,
    "max_error_std_val": 0.8092914613510047,
    "max_error_ci_lower_val": 7.95891301892462,
    "max_error_ci_upper_val": 8.118013836347185,
    "max_error_samperror_val": 0.07955040871128198,
    "max_error_t_critical_val": 1.965927295920882,
    "max_error_df_val": 399,
    "rho_mean_val": 0.13565710429547004,
    "rho_std_val": 0.12665151915153033,
    "rho_ci_lower_val": 0.12320772036697805,
    "rho_ci_upper_val": 0.14810648822396202,
    "rho_samperror_val": 0.012449383928491991,
    "rho_t_critical_val": 1.965927295920882,
    "rho_df_val": 399,
    "r2_below_zero_val": 0.24
  },
  "test_summary": {
    "n_splits_test": 400,
    "mae_mean_test": 2.8609872255832043,
    "mae_std_test": 0.19785392107391891,
    "mae_ci_lower_test": 2.8415389043809944,
    "mae_ci_upper_test": 2.880435546785414,
    "mae_samperror_test": 0.019448321202209653,
    "mae_t_critical_test": 1.965927295920882,
    "mae_df_test": 399,
    "d2mae_mean_test": 0.0006741734191920274,
    "d2mae_std_test": 0.038629507172879336,
    "d2mae_ci_lower_test": -0.0031229667097647223,
    "d2mae_ci_upper_test": 0.0044713135481487766,
    "d2mae_samperror_test": 0.0037971401289567494,
    "d2mae_t_critical_test": 1.965927295920882,
    "d2mae_df_test": 399,
    "rmse_mean_test": 3.4714365217615124,
    "rmse_std_test": 0.2606999838678025,
    "rmse_ci_lower_test": 3.44581066104492,
    "rmse_ci_upper_test": 3.497062382478105,
    "rmse_samperror_test": 0.025625860716592327,
    "rmse_t_critical_test": 1.965927295920882,
    "rmse_df_test": 399,
    "mape_mean_test": 863873135541440.8,
    "mape_std_test": 849783122970734.9,
    "mape_ci_lower_test": 780342543688387.8,
    "mape_ci_upper_test": 947403727394493.8,
    "mape_samperror_test": 83530591853052.95,
    "mape_t_critical_test": 1.965927295920882,
    "mape_df_test": 399,
    "r2_mean_test": 0.027086796653458155,
    "r2_std_test": 0.06090758765922071,
    "r2_ci_lower_test": 0.02109980219806036,
    "r2_ci_upper_test": 0.03307379110885595,
    "r2_samperror_test": 0.005986994455397793,
    "r2_t_critical_test": 1.965927295920882,
    "r2_df_test": 399,
    "median_ae_mean_test": 2.5669927846088183,
    "median_ae_std_test": 0.3403246067696028,
    "median_ae_ci_lower_test": 2.533540112912723,
    "median_ae_ci_upper_test": 2.6004454563049135,
    "median_ae_samperror_test": 0.033452671696095136,
    "median_ae_t_critical_test": 1.965927295920882,
    "median_ae_df_test": 399,
    "max_error_mean_test": 7.484581409715946,
    "max_error_std_test": 1.0962074314534773,
    "max_error_ci_lower_test": 7.376828204141661,
    "max_error_ci_upper_test": 7.592334615290231,
    "max_error_samperror_test": 0.10775320557428551,
    "max_error_t_critical_test": 1.965927295920882,
    "max_error_df_test": 399,
    "rho_mean_test": 0.13266859100849365,
    "rho_std_test": 0.19463347772893752,
    "rho_ci_lower_test": 0.11353682768012728,
    "rho_ci_upper_test": 0.15180035433686,
    "rho_samperror_test": 0.01913176332836637,
    "rho_t_critical_test": 1.965927295920882,
    "rho_df_test": 399,
    "r2_below_zero_test": 0.32
  },
  "selected_features": [
    "l2_T2W20",
    "lsc_T2W20",
    "z_re_T2W20",
    "z_pe_T2W20",
    "z_l2_T2W20"
  ]
}