{
  "best_trial_number": 44,
  "best_value_internal_minimized": 2.7864089927606694,
  "best_params": {
    "regressor": "ExtraTreesRegressor",
    "use_scaler": true,
    "et_n_estimators": 418,
    "et_max_depth": 10,
    "et_min_samples_split": 6,
    "et_min_samples_leaf": 3,
    "et_max_features": "log2",
    "rfe_n_features": 6
  },
  "best_metadata": {
    "regressor": "ExtraTreesRegressor",
    "use_scaler": true,
    "rfe_estimator": {
      "mode": "original",
      "type": "ExtraTreesRegressor"
    },
    "n_candidate_features": 22,
    "rfe_n_features": 6,
    "rfe_selected_features": [
      "l2_T2W20",
      "l3_T2W20",
      "lsc_T2W20",
      "z_re_T2W20",
      "z_pe_T2W20",
      "z_l2_T2W20"
    ]
  },
  "validation_summary": {
    "n_splits_val": 400,
    "mae_mean_val": 2.8033975810252634,
    "mae_std_val": 0.11354685383618841,
    "mae_ci_lower_val": 2.7922363380591384,
    "mae_ci_upper_val": 2.8145588239913883,
    "mae_samperror_val": 0.011161242966125076,
    "mae_t_critical_val": 1.965927295920882,
    "mae_df_val": 399,
    "d2mae_mean_val": -0.0012409546314034914,
    "d2mae_std_val": 0.024679663159428617,
    "d2mae_ci_lower_val": -0.003666875804366177,
    "d2mae_ci_upper_val": 0.0011849665415591942,
    "d2mae_samperror_val": 0.0024259211729626856,
    "d2mae_t_critical_val": 1.965927295920882,
    "d2mae_df_val": 399,
    "rmse_mean_val": 3.4185216935908667,
    "rmse_std_val": 0.15850656850095773,
    "rmse_ci_lower_val": 3.4029410741109274,
    "rmse_ci_upper_val": 3.434102313070806,
    "rmse_samperror_val": 0.015580619479939294,
    "rmse_t_critical_val": 1.965927295920882,
    "rmse_df_val": 399,
    "mape_mean_val": 981902614252338.5,
    "mape_std_val": 593373091637852.5,
    "mape_ci_lower_val": 923576196376547.6,
    "mape_ci_upper_val": 1040229032128129.4,
    "mape_samperror_val": 58326417875790.85,
    "mape_t_critical_val": 1.965927295920882,
    "mape_df_val": 399,
    "r2_mean_val": 0.015546159293016054,
    "r2_std_val": 0.03847794516894373,
    "r2_ci_lower_val": 0.011763917158087379,
    "r2_ci_upper_val": 0.01932840142794473,
    "r2_samperror_val": 0.0037822421349286753,
    "r2_t_critical_val": 1.965927295920882,
    "r2_df_val": 399,
    "median_ae_mean_val": 2.5136438980198217,
    "median_ae_std_val": 0.20659271838216517,
    "median_ae_ci_lower_val": 2.493336584809522,
    "median_ae_ci_upper_val": 2.5339512112301215,
    "median_ae_samperror_val": 0.020307313210299712,
    "median_ae_t_critical_val": 1.965927295920882,
    "median_ae_df_val": 399,
    "max_error_mean_val": 8.08769544468671,
    "max_error_std_val": 0.8186076776572199,
    "max_error_ci_lower_val": 8.007229285778875,
    "max_error_ci_upper_val": 8.168161603594546,
    "max_error_samperror_val": 0.08046615890783657,
    "max_error_t_critical_val": 1.965927295920882,
    "max_error_df_val": 399,
    "rho_mean_val": 0.11537365869033281,
    "rho_std_val": 0.12189706496947214,
    "rho_ci_lower_val": 0.10339162032452649,
    "rho_ci_upper_val": 0.12735569705613914,
    "rho_samperror_val": 0.011982038365806321,
    "rho_t_critical_val": 1.965927295920882,
    "rho_df_val": 399,
    "r2_below_zero_val": 0.3
  },
  "test_summary": {
    "n_splits_test": 400,
    "mae_mean_test": 2.8673035469663546,
    "mae_std_test": 0.19519638212267432,
    "mae_ci_lower_test": 2.848116452182356,
    "mae_ci_upper_test": 2.886490641750353,
    "mae_samperror_test": 0.019187094783998417,
    "mae_t_critical_test": 1.965927295920882,
    "mae_df_test": 399,
    "d2mae_mean_test": -0.0014856648713839169,
    "d2mae_std_test": 0.035503267121356756,
    "d2mae_ci_lower_test": -0.004975506967796199,
    "d2mae_ci_upper_test": 0.002004177225028365,
    "d2mae_samperror_test": 0.003489842096412282,
    "d2mae_t_critical_test": 1.965927295920882,
    "d2mae_df_test": 399,
    "rmse_mean_test": 3.4901897067381755,
    "rmse_std_test": 0.26106185171103075,
    "rmse_ci_lower_test": 3.4645282757280573,
    "rmse_ci_upper_test": 3.5158511377482937,
    "rmse_samperror_test": 0.025661431010118245,
    "rmse_t_critical_test": 1.965927295920882,
    "rmse_df_test": 399,
    "mape_mean_test": 880838496905686.8,
    "mape_std_test": 871699108349605.0,
    "mape_ci_lower_test": 795153643358967.6,
    "mape_ci_upper_test": 966523350452405.9,
    "mape_samperror_test": 85684853546719.14,
    "mape_t_critical_test": 1.965927295920882,
    "mape_df_test": 399,
    "r2_mean_test": 0.01676001495538709,
    "r2_std_test": 0.057417431459331036,
    "r2_ci_lower_test": 0.011116090167008826,
    "r2_ci_upper_test": 0.022403939743765353,
    "r2_samperror_test": 0.005643924788378263,
    "r2_t_critical_test": 1.965927295920882,
    "r2_df_test": 399,
    "median_ae_mean_test": 2.5894424288168945,
    "median_ae_std_test": 0.3323076141468349,
    "median_ae_ci_lower_test": 2.556777798352214,
    "median_ae_ci_upper_test": 2.622107059281575,
    "median_ae_samperror_test": 0.03266463046468035,
    "median_ae_t_critical_test": 1.965927295920882,
    "median_ae_df_test": 399,
    "max_error_mean_test": 7.528748455254158,
    "max_error_std_test": 1.1042860198098625,
    "max_error_ci_lower_test": 7.420201153811757,
    "max_error_ci_upper_test": 7.63729575669656,
    "max_error_samperror_test": 0.10854730144240182,
    "max_error_t_critical_test": 1.965927295920882,
    "max_error_df_test": 399,
    "rho_mean_test": 0.11885461330514842,
    "rho_std_test": 0.1909338497394285,
    "rho_ci_lower_test": 0.10008650995924848,
    "rho_ci_upper_test": 0.13762271665104836,
    "rho_samperror_test": 0.018768103345899935,
    "rho_t_critical_test": 1.965927295920882,
    "rho_df_test": 399,
    "r2_below_zero_test": 0.3725
  },
  "selected_features": [
    "l2_T2W20",
    "l3_T2W20",
    "lsc_T2W20",
    "z_re_T2W20",
    "z_pe_T2W20",
    "z_l2_T2W20"
  ]
}