{
  "mean_abs_shap": {
    "l2_T2W20": 0.13299778504456106,
    "l3_T2W20": 0.06814472246943683,
    "lsc_T2W20": 0.1000012115214907,
    "z_re_T2W20": 0.12600251683724453,
    "z_pe_T2W20": 0.11382908642459719,
    "z_l2_T2W20": 0.12094882603549252
  },
  "mean_shap": {
    "l2_T2W20": 0.001709003284747815,
    "l3_T2W20": 0.0028280577171632846,
    "lsc_T2W20": -0.002881693819098942,
    "z_re_T2W20": -0.0011920489943811816,
    "z_pe_T2W20": 0.0020124777574853513,
    "z_l2_T2W20": -0.002475795945916379
  },
  "regressor": "ExtraTreesRegressor",
  "n_subjects": 237,
  "n_features": 6
}