{
  "mean_abs_shap": {
    "l2_T2W20": 0.12165539962204569,
    "lsc_T2W20": 0.10508302943776268,
    "z_re_T2W20": 0.124958542630277,
    "z_pe_T2W20": 0.14865011899168284,
    "z_l2_T2W20": 0.12280229636775976
  },
  "mean_shap": {
    "l2_T2W20": 0.0028727807271526273,
    "lsc_T2W20": 0.000487112509091175,
    "z_re_T2W20": -0.0016692981489800696,
    "z_pe_T2W20": -0.001776475822945297,
    "z_l2_T2W20": 8.588073568202489e-05
  },
  "regressor": "ExtraTreesRegressor",
  "n_subjects": 237,
  "n_features": 5
}