set,r2_mean,r2_std,r2_ci_lower,r2_ci_upper,rmse_mean,rmse_std,rmse_ci_lower,rmse_ci_upper,mae_mean,mae_std,mae_ci_lower,mae_ci_upper,rho_mean,rho_std,rho_ci_lower,rho_ci_upper,r2_below_zero
VALIDATION,-0.012706718859573952,0.05025211594751208,-0.017646319180523704,-0.0077671185386242,1.3895630207842036,0.0797334894541525,1.3817255086183566,1.3974005329500505,1.0802402707082925,0.05923244529515861,1.074417936657798,1.0860626047587871,0.12146804962461683,0.13316075555428938,0.10837883142013555,0.1345572678290981,0.4275
