set,r2_mean,r2_std,r2_ci_lower,r2_ci_upper,rmse_mean,rmse_std,rmse_ci_lower,rmse_ci_upper,mae_mean,mae_std,mae_ci_lower,mae_ci_upper,rho_mean,rho_std,rho_ci_lower,rho_ci_upper,r2_below_zero
TEST,-0.020694170181081613,0.07291468698898262,-0.027861418852340017,-0.013526921509823207,1.3479737743814217,0.1184030407730508,1.3363351858926331,1.3596123628702104,1.040625994525714,0.08330791586352311,1.032437129237595,1.048814859813833,0.11212187511876116,0.19409398802397834,0.09304314166723718,0.13120060857028515,0.5025
