{
  "best_trial_number": 100,
  "best_value_internal_minimized": 1.7253625746316867,
  "best_params": {
    "regressor": "ExtraTreesRegressor",
    "use_scaler": true,
    "et_n_estimators": 85,
    "et_max_depth": 3,
    "et_min_samples_split": 11,
    "et_min_samples_leaf": 1,
    "et_max_features": null,
    "rfe_n_features": 3
  },
  "best_metadata": {
    "regressor": "ExtraTreesRegressor",
    "use_scaler": true,
    "rfe_estimator": {
      "mode": "original",
      "type": "ExtraTreesRegressor"
    },
    "n_candidate_features": 22,
    "rfe_n_features": 3,
    "rfe_selected_features": [
      "re_T6W50",
      "pe_T6W50",
      "l3_T6W50"
    ]
  },
  "validation_summary": {
    "n_splits_val": 400,
    "mae_mean_val": 1.7191392500128007,
    "mae_std_val": 0.12322012558993661,
    "mae_ci_lower_val": 1.7070271595975979,
    "mae_ci_upper_val": 1.7312513404280034,
    "mae_samperror_val": 0.012112090415202777,
    "mae_t_critical_val": 1.965927295920882,
    "mae_df_val": 399,
    "d2mae_mean_val": 0.0062888572755554996,
    "d2mae_std_val": 0.0325995476044033,
    "d2mae_ci_lower_val": 0.003084440252047067,
    "d2mae_ci_upper_val": 0.009493274299063933,
    "d2mae_samperror_val": 0.0032044170235084324,
    "d2mae_t_critical_val": 1.965927295920882,
    "d2mae_df_val": 399,
    "rmse_mean_val": 2.1841329506813647,
    "rmse_std_val": 0.18331507456617546,
    "rmse_ci_lower_val": 2.166113745239194,
    "rmse_ci_upper_val": 2.2021521561235353,
    "rmse_samperror_val": 0.01801920544217081,
    "rmse_t_critical_val": 1.965927295920882,
    "rmse_df_val": 399,
    "mape_mean_val": 0.26768248973259207,
    "mape_std_val": 0.04781609869244778,
    "mape_ci_lower_val": 0.2629823410523956,
    "mape_ci_upper_val": 0.27238263841278854,
    "mape_samperror_val": 0.004700148680196494,
    "mape_t_critical_val": 1.965927295920882,
    "mape_df_val": 399,
    "r2_mean_val": 0.04991386455203317,
    "r2_std_val": 0.05103712669914363,
    "r2_ci_lower_val": 0.04489710052787223,
    "r2_ci_upper_val": 0.054930628576194115,
    "r2_samperror_val": 0.005016764024160944,
    "r2_t_critical_val": 1.965927295920882,
    "r2_df_val": 399,
    "median_ae_mean_val": 1.4115171392919543,
    "median_ae_std_val": 0.11570119879350507,
    "median_ae_ci_lower_val": 1.4001441320480084,
    "median_ae_ci_upper_val": 1.4228901465359003,
    "median_ae_samperror_val": 0.011373007243945993,
    "median_ae_t_critical_val": 1.965927295920882,
    "median_ae_df_val": 399,
    "max_error_mean_val": 5.77661098205059,
    "max_error_std_val": 0.7128550585230088,
    "max_error_ci_lower_val": 5.706539921171307,
    "max_error_ci_upper_val": 5.846682042929873,
    "max_error_samperror_val": 0.07007106087928304,
    "max_error_t_critical_val": 1.965927295920882,
    "max_error_df_val": 399,
    "rho_mean_val": 0.2261189453715471,
    "rho_std_val": 0.12562159833762868,
    "rho_ci_lower_val": 0.2137707989150894,
    "rho_ci_upper_val": 0.23846709182800477,
    "rho_samperror_val": 0.012348146456457676,
    "rho_t_critical_val": 1.965927295920882,
    "rho_df_val": 399,
    "r2_below_zero_val": 0.1575
  },
  "test_summary": {
    "n_splits_test": 400,
    "mae_mean_test": 1.6624253886826934,
    "mae_std_test": 0.1842994028922346,
    "mae_ci_lower_test": 1.6443094273443053,
    "mae_ci_upper_test": 1.6805413500210815,
    "mae_samperror_test": 0.018115961338388196,
    "mae_t_critical_test": 1.965927295920882,
    "mae_df_test": 399,
    "d2mae_mean_test": -0.0031409550348839316,
    "d2mae_std_test": 0.048290932099991225,
    "d2mae_ci_lower_test": -0.007887778112925665,
    "d2mae_ci_upper_test": 0.0016058680431578019,
    "d2mae_samperror_test": 0.0047468230780417335,
    "d2mae_t_critical_test": 1.965927295920882,
    "d2mae_df_test": 399,
    "rmse_mean_test": 2.1150189327544315,
    "rmse_std_test": 0.26518665359348154,
    "rmse_ci_lower_test": 2.0889520487137645,
    "rmse_ci_upper_test": 2.1410858167950986,
    "rmse_samperror_test": 0.026066884040667038,
    "rmse_t_critical_test": 1.965927295920882,
    "rmse_df_test": 399,
    "mape_mean_test": 0.26522994743604705,
    "mape_std_test": 0.06762427781487548,
    "mape_ci_lower_test": 0.258582726754887,
    "mape_ci_upper_test": 0.2718771681172071,
    "mape_samperror_test": 0.006647220681160032,
    "mape_t_critical_test": 1.965927295920882,
    "mape_df_test": 399,
    "r2_mean_test": 0.04299054532303525,
    "r2_std_test": 0.07703451163001035,
    "r2_ci_lower_test": 0.03541833286596665,
    "r2_ci_upper_test": 0.05056275778010385,
    "r2_samperror_test": 0.007572212457068599,
    "r2_t_critical_test": 1.965927295920882,
    "r2_df_test": 399,
    "median_ae_mean_test": 1.3780675253351555,
    "median_ae_std_test": 0.17082703518980902,
    "median_ae_ci_lower_test": 1.3612758487671115,
    "median_ae_ci_upper_test": 1.3948592019031996,
    "median_ae_samperror_test": 0.016791676568044128,
    "median_ae_t_critical_test": 1.965927295920882,
    "median_ae_df_test": 399,
    "max_error_mean_test": 5.185678246729525,
    "max_error_std_test": 0.9262810166345885,
    "max_error_ci_lower_test": 5.0946281900147605,
    "max_error_ci_upper_test": 5.27672830344429,
    "max_error_samperror_test": 0.0910500567147641,
    "max_error_t_critical_test": 1.965927295920882,
    "max_error_df_test": 399,
    "rho_mean_test": 0.21167899608230242,
    "rho_std_test": 0.1746031994843513,
    "rho_ci_lower_test": 0.19451613629123216,
    "rho_ci_upper_test": 0.2288418558733727,
    "rho_samperror_test": 0.017162859791070257,
    "rho_t_critical_test": 1.965927295920882,
    "rho_df_test": 399,
    "r2_below_zero_test": 0.245
  },
  "selected_features": [
    "re_T6W50",
    "pe_T6W50",
    "l3_T6W50"
  ]
}