{
  "mean_abs_shap": {
    "re_T6W50": 0.17994577635055883,
    "pe_T6W50": 0.08396512021547708,
    "l3_T6W50": 0.16913003461790085
  },
  "mean_shap": {
    "re_T6W50": 0.0008972965524480175,
    "pe_T6W50": 0.0008851830139039584,
    "l3_T6W50": -0.0017824795663516015
  },
  "regressor": "ExtraTreesRegressor",
  "n_subjects": 252,
  "n_features": 3
}