{
  "best_trial_number": 101,
  "best_value_internal_minimized": 2.8263569379779434,
  "best_params": {
    "regressor": "ExtraTreesRegressor",
    "use_scaler": false,
    "et_n_estimators": 475,
    "et_max_depth": 2,
    "et_min_samples_split": 9,
    "et_min_samples_leaf": 5,
    "et_max_features": null,
    "rfe_n_features": 2
  },
  "best_metadata": {
    "regressor": "ExtraTreesRegressor",
    "use_scaler": false,
    "rfe_estimator": {
      "mode": "original",
      "type": "ExtraTreesRegressor"
    },
    "n_candidate_features": 13,
    "rfe_n_features": 2,
    "rfe_selected_features": [
      "nodes_T6W30",
      "density_T6W30"
    ]
  },
  "validation_summary": {
    "n_splits_val": 500,
    "mae_mean_val": 2.826347232670446,
    "mae_std_val": 0.11779888689633289,
    "mae_ci_lower_val": 2.815996789945103,
    "mae_ci_upper_val": 2.8366976753957895,
    "mae_samperror_val": 0.010350442725343375,
    "mae_t_critical_val": 1.9647293909876886,
    "mae_df_val": 499,
    "d2mae_mean_val": -0.0032202667471338737,
    "d2mae_std_val": 0.01904315830343167,
    "d2mae_ci_lower_val": -0.004893500888155732,
    "d2mae_ci_upper_val": -0.0015470326061120152,
    "d2mae_samperror_val": 0.0016732341410218585,
    "d2mae_t_critical_val": 1.9647293909876886,
    "d2mae_df_val": 499,
    "rmse_mean_val": 3.4349882634667623,
    "rmse_std_val": 0.17693063972322856,
    "rmse_ci_lower_val": 3.419442187429344,
    "rmse_ci_upper_val": 3.4505343395041805,
    "rmse_samperror_val": 0.015546076037418395,
    "rmse_t_critical_val": 1.9647293909876886,
    "rmse_df_val": 499,
    "mape_mean_val": 974296543591123.0,
    "mape_std_val": 558804060663927.6,
    "mape_ci_lower_val": 925197018315631.2,
    "mape_ci_upper_val": 1023396068866614.8,
    "mape_samperror_val": 49099525275491.73,
    "mape_t_critical_val": 1.9647293909876886,
    "mape_df_val": 499,
    "r2_mean_val": 0.007378598840630713,
    "r2_std_val": 0.030278137948951376,
    "r2_ci_lower_val": 0.004718199061586426,
    "r2_ci_upper_val": 0.010038998619675,
    "r2_samperror_val": 0.002660399779044287,
    "r2_t_critical_val": 1.9647293909876886,
    "r2_df_val": 499,
    "median_ae_mean_val": 2.544699335286121,
    "median_ae_std_val": 0.1771943123012476,
    "median_ae_ci_lower_val": 2.5291300915602046,
    "median_ae_ci_upper_val": 2.5602685790120376,
    "median_ae_samperror_val": 0.015569243725916435,
    "median_ae_t_critical_val": 1.9647293909876886,
    "median_ae_df_val": 499,
    "max_error_mean_val": 8.311847829955244,
    "max_error_std_val": 1.0795931936652865,
    "max_error_ci_lower_val": 8.216988975070334,
    "max_error_ci_upper_val": 8.406706684840154,
    "max_error_samperror_val": 0.0948588548849093,
    "max_error_t_critical_val": 1.9647293909876886,
    "max_error_df_val": 499,
    "rho_mean_val": 0.1436803222732999,
    "rho_std_val": 0.1209511732729391,
    "rho_ci_lower_val": 0.13305290274066583,
    "rho_ci_upper_val": 0.15430774180593398,
    "rho_samperror_val": 0.010627419532634061,
    "rho_t_critical_val": 1.9647293909876886,
    "rho_df_val": 499,
    "r2_below_zero_val": 0.326
  },
  "test_summary": {
    "n_splits_test": 500,
    "mae_mean_test": 2.8517469061852383,
    "mae_std_test": 0.18680761906058038,
    "mae_ci_lower_test": 2.835332985708673,
    "mae_ci_upper_test": 2.8681608266618035,
    "mae_samperror_test": 0.01641392047656515,
    "mae_t_critical_test": 1.9647293909876886,
    "mae_df_test": 499,
    "d2mae_mean_test": -0.013409161427058737,
    "d2mae_std_test": 0.03289953288038155,
    "d2mae_ci_lower_test": -0.016299891040392128,
    "d2mae_ci_upper_test": -0.010518431813725346,
    "d2mae_samperror_test": 0.0028907296133333918,
    "d2mae_t_critical_test": 1.9647293909876886,
    "d2mae_df_test": 499,
    "rmse_mean_test": 3.4469563196629918,
    "rmse_std_test": 0.27344995542387207,
    "rmse_ci_lower_test": 3.422929538286413,
    "rmse_ci_upper_test": 3.4709831010395704,
    "rmse_samperror_test": 0.02402678137657849,
    "rmse_t_critical_test": 1.9647293909876886,
    "rmse_df_test": 499,
    "mape_mean_test": 1040709654302208.0,
    "mape_std_test": 845007403505259.9,
    "mape_ci_lower_test": 966462766552162.8,
    "mape_ci_upper_test": 1114956542052253.2,
    "mape_samperror_test": 74246887750045.31,
    "mape_t_critical_test": 1.9647293909876886,
    "mape_df_test": 499,
    "r2_mean_test": 0.0010002507971668426,
    "r2_std_test": 0.052933735802601405,
    "r2_ci_lower_test": -0.003650791458821909,
    "r2_ci_upper_test": 0.005651293053155594,
    "r2_samperror_test": 0.004651042255988751,
    "r2_t_critical_test": 1.9647293909876886,
    "r2_df_test": 499,
    "median_ae_mean_test": 2.5769398510970247,
    "median_ae_std_test": 0.23855837382516687,
    "median_ae_ci_lower_test": 2.5559788314305028,
    "median_ae_ci_upper_test": 2.5979008707635467,
    "median_ae_samperror_test": 0.020961019666522078,
    "median_ae_t_critical_test": 1.9647293909876886,
    "median_ae_df_test": 499,
    "max_error_mean_test": 7.573971924646219,
    "max_error_std_test": 1.259028576654548,
    "max_error_ci_lower_test": 7.463346913531287,
    "max_error_ci_upper_test": 7.684596935761152,
    "max_error_samperror_test": 0.11062501111493239,
    "max_error_t_critical_test": 1.9647293909876886,
    "max_error_df_test": 499,
    "rho_mean_test": 0.14029649005079448,
    "rho_std_test": 0.20074397700719437,
    "rho_ci_lower_test": 0.12265804633358737,
    "rho_ci_upper_test": 0.15793493376800158,
    "rho_samperror_test": 0.0176384437172071,
    "rho_t_critical_test": 1.9647293909876886,
    "rho_df_test": 499,
    "r2_below_zero_test": 0.41
  },
  "selected_features": [
    "nodes_T6W30",
    "density_T6W30"
  ]
}