{
  "best_trial_number": 82,
  "best_value_internal_minimized": 6.321092143076321,
  "best_params": {
    "regressor": "QuantileRegressor",
    "use_scaler": false,
    "quantile_alpha": 0.05767073378399781,
    "rfe_n_features": 5
  },
  "best_metadata": {
    "regressor": "QuantileRegressor",
    "use_scaler": false,
    "rfe_estimator": {
      "mode": "original",
      "type": "QuantileRegressor"
    },
    "n_candidate_features": 13,
    "rfe_n_features": 5,
    "rfe_selected_features": [
      "lsc_T6W50",
      "atd_T6W50",
      "density_T6W50",
      "diameter_T6W50",
      "asp_T6W50"
    ]
  },
  "validation_summary": {
    "n_splits_val": 400,
    "mae_mean_val": 6.35351775656239,
    "mae_std_val": 0.2594128856233727,
    "mae_ci_lower_val": 6.328018412924361,
    "mae_ci_upper_val": 6.379017100200419,
    "mae_samperror_val": 0.025499343638029512,
    "mae_t_critical_val": 1.965927295920882,
    "mae_df_val": 399,
    "d2mae_mean_val": 0.010476333362114662,
    "d2mae_std_val": 0.018998664810499017,
    "d2mae_ci_lower_val": 0.008608833675264084,
    "d2mae_ci_upper_val": 0.01234383304896524,
    "d2mae_samperror_val": 0.0018674996868505776,
    "d2mae_t_critical_val": 1.965927295920882,
    "d2mae_df_val": 399,
    "rmse_mean_val": 7.652985805005459,
    "rmse_std_val": 0.3351353724705585,
    "rmse_ci_lower_val": 7.620043216177034,
    "rmse_ci_upper_val": 7.685928393833883,
    "rmse_samperror_val": 0.03294258882842414,
    "rmse_t_critical_val": 1.965927295920882,
    "rmse_df_val": 399,
    "mape_mean_val": 228357389123637.6,
    "mape_std_val": 457312834549164.9,
    "mape_ci_lower_val": 183405199912879.94,
    "mape_ci_upper_val": 273309578334395.25,
    "mape_samperror_val": 44952189210757.664,
    "mape_t_critical_val": 1.965927295920882,
    "mape_df_val": 399,
    "r2_mean_val": -0.014795233536384391,
    "r2_std_val": 0.03452873078478305,
    "r2_ci_lower_val": -0.018189282253549825,
    "r2_ci_upper_val": -0.011401184819218958,
    "r2_samperror_val": 0.0033940487171654327,
    "r2_t_critical_val": 1.965927295920882,
    "r2_df_val": 399,
    "median_ae_mean_val": 5.910205812900349,
    "median_ae_std_val": 0.4401699474534377,
    "median_ae_ci_lower_val": 5.866938707173211,
    "median_ae_ci_upper_val": 5.9534729186274875,
    "median_ae_samperror_val": 0.043267105727138676,
    "median_ae_t_critical_val": 1.965927295920882,
    "median_ae_df_val": 399,
    "max_error_mean_val": 17.492802175225567,
    "max_error_std_val": 1.3888893493293888,
    "max_error_ci_lower_val": 17.356279401082546,
    "max_error_ci_upper_val": 17.629324949368588,
    "max_error_samperror_val": 0.13652277414302194,
    "max_error_t_critical_val": 1.965927295920882,
    "max_error_df_val": 399,
    "rho_mean_val": 0.09091009943422215,
    "rho_std_val": 0.11888507892498189,
    "rho_ci_lower_val": 0.07916489472577706,
    "rho_ci_upper_val": 0.10265530414266724,
    "rho_samperror_val": 0.011745204708445096,
    "rho_t_critical_val": 1.9659878660673014,
    "rho_df_val": 395,
    "r2_below_zero_val": 0.645
  },
  "test_summary": {
    "n_splits_test": 400,
    "mae_mean_test": 6.509799214529966,
    "mae_std_test": 0.43502309957466173,
    "mae_ci_lower_test": 6.46703802523947,
    "mae_ci_upper_test": 6.552560403820463,
    "mae_samperror_test": 0.042761189290496764,
    "mae_t_critical_test": 1.965927295920882,
    "mae_df_test": 399,
    "d2mae_mean_test": 0.010691697148871018,
    "d2mae_std_test": 0.031187431327855807,
    "d2mae_ci_lower_test": 0.00762608602201653,
    "d2mae_ci_upper_test": 0.013757308275725506,
    "d2mae_samperror_test": 0.003065611126854488,
    "d2mae_t_critical_test": 1.965927295920882,
    "d2mae_df_test": 399,
    "rmse_mean_test": 7.79862999158089,
    "rmse_std_test": 0.5352860807909777,
    "rmse_ci_lower_test": 7.746013315713216,
    "rmse_ci_upper_test": 7.851246667448565,
    "rmse_samperror_test": 0.052616675867674684,
    "rmse_t_critical_test": 1.965927295920882,
    "rmse_df_test": 399,
    "mape_mean_test": 241273593580428.38,
    "mape_std_test": 696102008684136.5,
    "mape_ci_lower_test": 172849296599553.44,
    "mape_ci_upper_test": 309697890561303.3,
    "mape_samperror_test": 68424296980874.94,
    "mape_t_critical_test": 1.965927295920882,
    "mape_df_test": 399,
    "r2_mean_test": -0.004818491967851399,
    "r2_std_test": 0.05039837070641197,
    "r2_ci_lower_test": -0.009772468599935132,
    "r2_ci_upper_test": 0.00013548466423233489,
    "r2_samperror_test": 0.004953976632083734,
    "r2_t_critical_test": 1.965927295920882,
    "r2_df_test": 399,
    "median_ae_mean_test": 6.164616729899849,
    "median_ae_std_test": 0.6747467297188857,
    "median_ae_ci_lower_test": 6.098291579210463,
    "median_ae_ci_upper_test": 6.230941880589234,
    "median_ae_samperror_test": 0.06632515068938535,
    "median_ae_t_critical_test": 1.965927295920882,
    "median_ae_df_test": 399,
    "max_error_mean_test": 16.33331337876529,
    "max_error_std_test": 2.079976587395373,
    "max_error_ci_lower_test": 16.128859241363443,
    "max_error_ci_upper_test": 16.537767516167136,
    "max_error_samperror_test": 0.20445413740184648,
    "max_error_t_critical_test": 1.965927295920882,
    "max_error_df_test": 399,
    "rho_mean_test": 0.12319284410355906,
    "rho_std_test": 0.18490406245411095,
    "rho_ci_lower_test": 0.10492531983066822,
    "rho_ci_upper_test": 0.1414603683764499,
    "rho_samperror_test": 0.018267524272890842,
    "rho_t_critical_test": 1.9659878660673014,
    "rho_df_test": 395,
    "r2_below_zero_test": 0.5375
  },
  "selected_features": [
    "lsc_T6W50",
    "atd_T6W50",
    "density_T6W50",
    "diameter_T6W50",
    "asp_T6W50"
  ]
}