{
  "best_trial_number": 8,
  "best_value_internal_minimized": 6.3354398312435505,
  "best_params": {
    "regressor": "QuantileRegressor",
    "use_scaler": false,
    "quantile_alpha": 0.03261332783906558,
    "rfe_n_features": 2
  },
  "best_metadata": {
    "regressor": "QuantileRegressor",
    "use_scaler": false,
    "rfe_estimator": {
      "mode": "original",
      "type": "QuantileRegressor"
    },
    "n_candidate_features": 13,
    "rfe_n_features": 2,
    "rfe_selected_features": [
      "lcc_T6W50",
      "lsc_T6W50"
    ]
  },
  "validation_summary": {
    "n_splits_val": 400,
    "mae_mean_val": 6.359339325209653,
    "mae_std_val": 0.27619233141750565,
    "mae_ci_lower_val": 6.332190623046769,
    "mae_ci_upper_val": 6.386488027372538,
    "mae_samperror_val": 0.02714870216288505,
    "mae_t_critical_val": 1.965927295920882,
    "mae_df_val": 399,
    "d2mae_mean_val": 0.009597348900256153,
    "d2mae_std_val": 0.022809011624657354,
    "d2mae_ci_lower_val": 0.007355305972961623,
    "d2mae_ci_upper_val": 0.011839391827550682,
    "d2mae_samperror_val": 0.00224204292729453,
    "d2mae_t_critical_val": 1.965927295920882,
    "d2mae_df_val": 399,
    "rmse_mean_val": 7.659430082780782,
    "rmse_std_val": 0.34561574084429375,
    "rmse_ci_lower_val": 7.625457311839496,
    "rmse_ci_upper_val": 7.693402853722067,
    "rmse_samperror_val": 0.03397277094128574,
    "rmse_t_critical_val": 1.965927295920882,
    "rmse_df_val": 399,
    "mape_mean_val": 225524340885030.75,
    "mape_std_val": 451708183791315.2,
    "mape_ci_lower_val": 181123068469721.1,
    "mape_ci_upper_val": 269925613300340.4,
    "mape_samperror_val": 44401272415309.65,
    "mape_t_critical_val": 1.965927295920882,
    "mape_df_val": 399,
    "r2_mean_val": -0.016609445483805465,
    "r2_std_val": 0.04084388352438563,
    "r2_ci_lower_val": -0.02062425075840561,
    "r2_ci_upper_val": -0.01259464020920532,
    "r2_samperror_val": 0.004014805274600145,
    "r2_t_critical_val": 1.965927295920882,
    "r2_df_val": 399,
    "median_ae_mean_val": 5.923771673044042,
    "median_ae_std_val": 0.461012654327955,
    "median_ae_ci_lower_val": 5.878455804998629,
    "median_ae_ci_upper_val": 5.969087541089455,
    "median_ae_samperror_val": 0.045315868045413245,
    "median_ae_t_critical_val": 1.965927295920882,
    "median_ae_df_val": 399,
    "max_error_mean_val": 17.43086800671802,
    "max_error_std_val": 1.4978367839524425,
    "max_error_ci_lower_val": 17.283636095797696,
    "max_error_ci_upper_val": 17.57809991763834,
    "max_error_samperror_val": 0.14723191092032278,
    "max_error_t_critical_val": 1.965927295920882,
    "max_error_df_val": 399,
    "rho_mean_val": 0.08160935243028178,
    "rho_std_val": 0.12106129165953565,
    "rho_ci_lower_val": 0.06970946754263577,
    "rho_ci_upper_val": 0.09350923731792779,
    "rho_samperror_val": 0.011899884887646008,
    "rho_t_critical_val": 1.965927295920882,
    "rho_df_val": 399,
    "r2_below_zero_val": 0.5875
  },
  "test_summary": {
    "n_splits_test": 400,
    "mae_mean_test": 6.509316609115265,
    "mae_std_test": 0.4415814913854909,
    "mae_ci_lower_test": 6.4659107537508556,
    "mae_ci_upper_test": 6.552722464479674,
    "mae_samperror_test": 0.04340585536440942,
    "mae_t_critical_test": 1.965927295920882,
    "mae_df_test": 399,
    "d2mae_mean_test": 0.010681942535170786,
    "d2mae_std_test": 0.03560122882620621,
    "d2mae_ci_lower_test": 0.0071824711592825795,
    "d2mae_ci_upper_test": 0.014181413911058992,
    "d2mae_samperror_test": 0.003499471375888207,
    "d2mae_t_critical_test": 1.965927295920882,
    "d2mae_df_test": 399,
    "rmse_mean_test": 7.798256256284019,
    "rmse_std_test": 0.5372500199210304,
    "rmse_ci_lower_test": 7.745446532339179,
    "rmse_ci_upper_test": 7.851065980228859,
    "rmse_samperror_test": 0.052809723944839564,
    "rmse_t_critical_test": 1.965927295920882,
    "rmse_df_test": 399,
    "mape_mean_test": 237734879915725.53,
    "mape_std_test": 685983969632041.6,
    "mape_ci_lower_test": 170305149392535.94,
    "mape_ci_upper_test": 305164610438915.1,
    "mape_samperror_test": 67429730523189.6,
    "mape_t_critical_test": 1.965927295920882,
    "mape_df_test": 399,
    "r2_mean_test": -0.005088336276903433,
    "r2_std_test": 0.05805460468199783,
    "r2_ci_lower_test": -0.010794892876815221,
    "r2_ci_upper_test": 0.0006182203230083554,
    "r2_samperror_test": 0.005706556599911788,
    "r2_t_critical_test": 1.965927295920882,
    "r2_df_test": 399,
    "median_ae_mean_test": 6.179888701017019,
    "median_ae_std_test": 0.671919725164625,
    "median_ae_ci_lower_test": 6.113841434598579,
    "median_ae_ci_upper_test": 6.245935967435458,
    "median_ae_samperror_test": 0.06604726641843968,
    "median_ae_t_critical_test": 1.965927295920882,
    "median_ae_df_test": 399,
    "max_error_mean_test": 16.282788949710426,
    "max_error_std_test": 2.075220539934036,
    "max_error_ci_lower_test": 16.078802314484825,
    "max_error_ci_upper_test": 16.486775584936026,
    "max_error_samperror_test": 0.2039866352255996,
    "max_error_t_critical_test": 1.965927295920882,
    "max_error_df_test": 399,
    "rho_mean_test": 0.11740014964211194,
    "rho_std_test": 0.1857227833898038,
    "rho_ci_lower_test": 0.09914427517509111,
    "rho_ci_upper_test": 0.13565602410913277,
    "rho_samperror_test": 0.018255874467020834,
    "rho_t_critical_test": 1.965927295920882,
    "rho_df_test": 399,
    "r2_below_zero_test": 0.515
  },
  "selected_features": [
    "lcc_T6W50",
    "lsc_T6W50"
  ]
}