{
  "best_trial_number": 19,
  "best_value_internal_minimized": 6.352169246639427,
  "best_params": {
    "regressor": "LinearRegression",
    "use_scaler": true,
    "rfe_n_features": 2
  },
  "best_metadata": {
    "regressor": "LinearRegression",
    "use_scaler": true,
    "rfe_estimator": {
      "mode": "original",
      "type": "LinearRegression"
    },
    "n_candidate_features": 13,
    "rfe_n_features": 2,
    "rfe_selected_features": [
      "nodes_T6W50",
      "lcc_T6W50"
    ]
  },
  "validation_summary": {
    "n_splits_val": 400,
    "mae_mean_val": 6.350636577766239,
    "mae_std_val": 0.2815627270740685,
    "mae_ci_lower_val": 6.322959985232798,
    "mae_ci_upper_val": 6.3783131702996805,
    "mae_samperror_val": 0.027676592533441638,
    "mae_t_critical_val": 1.965927295920882,
    "mae_df_val": 399,
    "d2mae_mean_val": 0.009789645396287875,
    "d2mae_std_val": 0.02369811790422472,
    "d2mae_ci_lower_val": 0.0074602065537945385,
    "d2mae_ci_upper_val": 0.012119084238781212,
    "d2mae_samperror_val": 0.0023294388424933373,
    "d2mae_t_critical_val": 1.965927295920882,
    "d2mae_df_val": 399,
    "rmse_mean_val": 7.554307579324854,
    "rmse_std_val": 0.35196059896597576,
    "rmse_ci_lower_val": 7.51971113189506,
    "rmse_ci_upper_val": 7.588904026754649,
    "rmse_samperror_val": 0.03459644742979374,
    "rmse_t_critical_val": 1.965927295920882,
    "rmse_df_val": 399,
    "mape_mean_val": 220574870769621.38,
    "mape_std_val": 460021492177784.7,
    "mape_ci_lower_val": 175356430360493.3,
    "mape_ci_upper_val": 265793311178749.44,
    "mape_samperror_val": 45218440409128.07,
    "mape_t_critical_val": 1.965927295920882,
    "mape_df_val": 399,
    "r2_mean_val": 0.009494325357170425,
    "r2_std_val": 0.04367544470033345,
    "r2_ci_lower_val": 0.005201187912276997,
    "r2_ci_upper_val": 0.013787462802063853,
    "r2_samperror_val": 0.0042931374448934275,
    "r2_t_critical_val": 1.965927295920882,
    "r2_df_val": 399,
    "median_ae_mean_val": 5.979099737409525,
    "median_ae_std_val": 0.37833495625283653,
    "median_ae_ci_lower_val": 5.941910786534601,
    "median_ae_ci_upper_val": 6.016288688284449,
    "median_ae_samperror_val": 0.03718895087492421,
    "median_ae_t_critical_val": 1.965927295920882,
    "median_ae_df_val": 399,
    "max_error_mean_val": 16.72248877342342,
    "max_error_std_val": 1.3813730733331533,
    "max_error_ci_lower_val": 16.586704821887633,
    "max_error_ci_upper_val": 16.85827272495921,
    "max_error_samperror_val": 0.13578395153578823,
    "max_error_t_critical_val": 1.965927295920882,
    "max_error_df_val": 399,
    "rho_mean_val": 0.11841644671401863,
    "rho_std_val": 0.13043663769030314,
    "rho_ci_lower_val": 0.10559499939284316,
    "rho_ci_upper_val": 0.1312378940351941,
    "rho_samperror_val": 0.012821447321175473,
    "rho_t_critical_val": 1.965927295920882,
    "rho_df_val": 399,
    "r2_below_zero_val": 0.3725
  },
  "test_summary": {
    "n_splits_test": 400,
    "mae_mean_test": 6.584765224671207,
    "mae_std_test": 0.38375538359777134,
    "mae_ci_lower_test": 6.547043465492634,
    "mae_ci_upper_test": 6.62248698384978,
    "mae_samperror_test": 0.037721759178572366,
    "mae_t_critical_test": 1.965927295920882,
    "mae_df_test": 399,
    "d2mae_mean_test": 0.0023385115055279543,
    "d2mae_std_test": 0.0339972907971365,
    "d2mae_ci_lower_test": -0.0010032985927445684,
    "d2mae_ci_upper_test": 0.005680321603800477,
    "d2mae_samperror_test": 0.0033418100982725227,
    "d2mae_t_critical_test": 1.965927295920882,
    "d2mae_df_test": 399,
    "rmse_mean_test": 7.806262546031739,
    "rmse_std_test": 0.48556096954018557,
    "rmse_ci_lower_test": 7.758533667839096,
    "rmse_ci_upper_test": 7.8539914242243825,
    "rmse_samperror_test": 0.04772887819264294,
    "rmse_t_critical_test": 1.965927295920882,
    "rmse_df_test": 399,
    "mape_mean_test": 322292495311287.1,
    "mape_std_test": 800339453654936.2,
    "mape_ci_lower_test": 243622036414154.88,
    "mape_ci_upper_test": 400962954208419.4,
    "mape_samperror_test": 78670458897132.25,
    "mape_t_critical_test": 1.965927295920882,
    "mape_df_test": 399,
    "r2_mean_test": 0.004608623503833943,
    "r2_std_test": 0.06002104038950771,
    "r2_ci_lower_test": -0.0012912265777312035,
    "r2_ci_upper_test": 0.010508473585399091,
    "r2_samperror_test": 0.005899850081565147,
    "r2_t_critical_test": 1.965927295920882,
    "r2_df_test": 399,
    "median_ae_mean_test": 6.2222380432294635,
    "median_ae_std_test": 0.5625195104258451,
    "median_ae_ci_lower_test": 6.166944420227752,
    "median_ae_ci_upper_test": 6.277531666231175,
    "median_ae_samperror_test": 0.055293623001711006,
    "median_ae_t_critical_test": 1.965927295920882,
    "median_ae_df_test": 399,
    "max_error_mean_test": 16.026538966996885,
    "max_error_std_test": 1.7068713546680898,
    "max_error_ci_lower_test": 15.858759717658511,
    "max_error_ci_upper_test": 16.194318216335258,
    "max_error_samperror_test": 0.16777924933837252,
    "max_error_t_critical_test": 1.965927295920882,
    "max_error_df_test": 399,
    "rho_mean_test": 0.09956585243977072,
    "rho_std_test": 0.19098790491592382,
    "rho_ci_lower_test": 0.08079243566652289,
    "rho_ci_upper_test": 0.11833926921301854,
    "rho_samperror_test": 0.01877341677324783,
    "rho_t_critical_test": 1.965927295920882,
    "rho_df_test": 399,
    "r2_below_zero_test": 0.4425
  },
  "selected_features": [
    "nodes_T6W50",
    "lcc_T6W50"
  ]
}