set,r2_mean,r2_std,r2_ci_lower,r2_ci_upper,rmse_mean,rmse_std,rmse_ci_lower,rmse_ci_upper,mae_mean,mae_std,mae_ci_lower,mae_ci_upper,rho_mean,rho_std,rho_ci_lower,rho_ci_upper,r2_below_zero
TEST,-0.011349259162258993,0.0378297811876458,-0.015067789134034351,-0.007630729190483635,7.725212554941005,0.5041258984486271,7.675658811723966,7.7747662981580445,6.582996583071257,0.3643669901634986,6.5471806324865085,6.618812533656005,0.05972578835366182,0.18300408126592949,0.041737152422381116,0.07771442428494252,0.5725
