set,r2_mean,r2_std,r2_ci_lower,r2_ci_upper,rmse_mean,rmse_std,rmse_ci_lower,rmse_ci_upper,mae_mean,mae_std,mae_ci_lower,mae_ci_upper,rho_mean,rho_std,rho_ci_lower,rho_ci_upper,r2_below_zero
VALIDATION,-0.01127755708524049,0.028496074548926782,-0.014078617624357064,-0.008476496546123917,7.774313633645875,0.35090730223741323,7.73982072145555,7.808806545836199,6.659295358227219,0.2570918464588082,6.634024164301615,6.684566552152822,0.054690836249029894,0.12818767430086503,0.04209045385359558,0.0672912186444642,0.6
