target,window,set,metric,mean,std,ci_lower,ci_upper,t_critical,df,significant
MOT,T6W50,VALIDATION,R2,-0.005952,0.021844,-0.0081,-0.003805,1.9659,399,True
MOT,T6W50,VALIDATION,RMSE,7.62011,0.315135,7.589134,7.651087,1.9659,399,True
MOT,T6W50,VALIDATION,MAE,6.464682,0.245383,6.440562,6.488802,1.9659,399,True
MOT,T6W50,VALIDATION,rho,0.04617,0.11156,0.035204,0.057136,1.9659,399,True
MOT,T6W50,TEST,R2,-0.00431,0.031529,-0.007409,-0.001211,1.9659,399,True
MOT,T6W50,TEST,RMSE,7.796952,0.494331,7.748361,7.845543,1.9659,399,True
MOT,T6W50,TEST,MAE,6.654948,0.38986,6.616626,6.69327,1.9659,399,True
MOT,T6W50,TEST,rho,0.070513,0.188086,0.052024,0.089001,1.9659,399,True
