set,r2_mean,r2_std,r2_ci_lower,r2_ci_upper,rmse_mean,rmse_std,rmse_ci_lower,rmse_ci_upper,mae_mean,mae_std,mae_ci_lower,mae_ci_upper,rho_mean,rho_std,rho_ci_lower,rho_ci_upper,r2_below_zero
VALIDATION,-0.00595249280253386,0.021844469782220686,-0.008099724773023186,-0.0038052608320445335,7.620110294513259,0.3151354798633674,7.589133622424432,7.651086966602085,6.464681914873995,0.24538271162508732,6.440561686337452,6.488802143410537,0.04616979757178113,0.11155965038246114,0.03520388948126758,0.05713570566229467,0.485
