set,r2_mean,r2_std,r2_ci_lower,r2_ci_upper,rmse_mean,rmse_std,rmse_ci_lower,rmse_ci_upper,mae_mean,mae_std,mae_ci_lower,mae_ci_upper,rho_mean,rho_std,rho_ci_lower,rho_ci_upper,r2_below_zero
TEST,-0.0043101791313855786,0.03152943184425894,-0.007409407665760865,-0.001210950597010293,7.79695158601055,0.49433112404697344,7.74836063351119,7.8455425385099105,6.654947801608555,0.38986003485681453,6.616625977402871,6.693269625814239,0.07051250526348031,0.18808626631386915,0.05202430901676633,0.08900070151019429,0.4625
