set,r2_mean,r2_std,r2_ci_lower,r2_ci_upper,rmse_mean,rmse_std,rmse_ci_lower,rmse_ci_upper,mae_mean,mae_std,mae_ci_lower,mae_ci_upper,rho_mean,rho_std,rho_ci_lower,rho_ci_upper,r2_below_zero
TEST,-0.007320170004610181,0.038603248184688674,-0.011114728970484565,-0.0035256110387357964,7.588023665658011,0.4869284732345661,7.540160366823366,7.635886964492657,6.406172131392898,0.37851560565398673,6.368965423338539,6.4433788394472575,0.045630969434737614,0.18790095535874185,0.02716098858126953,0.0641009502882057,0.5325
