set,r2_mean,r2_std,r2_ci_lower,r2_ci_upper,rmse_mean,rmse_std,rmse_ci_lower,rmse_ci_upper,mae_mean,mae_std,mae_ci_lower,mae_ci_upper,rho_mean,rho_std,rho_ci_lower,rho_ci_upper,r2_below_zero
VALIDATION,-0.005805515428988828,0.029065718347993034,-0.008662569882782224,-0.002948460975195432,7.637245440689249,0.34613614563189804,7.603221515849119,7.671269365529378,6.512826113646813,0.25845212750481666,6.487421209039286,6.538231018254341,0.04805651251708468,0.1332460557710203,0.034958909611382434,0.06115411542278693,0.475
