{
  "best_trial_number": 25,
  "best_value_internal_minimized": 6.212782226303051,
  "best_params": {
    "regressor": "LinearRegression",
    "use_scaler": true,
    "rfe_n_features": 5
  },
  "best_metadata": {
    "regressor": "LinearRegression",
    "use_scaler": true,
    "rfe_estimator": {
      "mode": "original",
      "type": "LinearRegression"
    },
    "n_candidate_features": 22,
    "rfe_n_features": 5,
    "rfe_selected_features": [
      "l1_T2W40",
      "l2_T2W40",
      "l3_T2W40",
      "z_l1_T2W40",
      "z_l3_T2W40"
    ]
  },
  "validation_summary": {
    "n_splits_val": 400,
    "mae_mean_val": 6.2693848066904545,
    "mae_std_val": 0.3613342207987423,
    "mae_ci_lower_val": 6.233866966309527,
    "mae_ci_upper_val": 6.304902647071382,
    "mae_samperror_val": 0.03551784038092752,
    "mae_t_critical_val": 1.965927295920882,
    "mae_df_val": 399,
    "d2mae_mean_val": 0.0198809089638907,
    "d2mae_std_val": 0.04391371199793055,
    "d2mae_ci_lower_val": 0.015564350709793699,
    "d2mae_ci_upper_val": 0.024197467217987698,
    "d2mae_samperror_val": 0.004316558254097,
    "d2mae_t_critical_val": 1.965927295920882,
    "d2mae_df_val": 399,
    "rmse_mean_val": 7.486072376948532,
    "rmse_std_val": 0.4261912579897911,
    "rmse_ci_lower_val": 7.444179325580283,
    "rmse_ci_upper_val": 7.527965428316781,
    "rmse_samperror_val": 0.041893051368249445,
    "rmse_t_critical_val": 1.965927295920882,
    "rmse_df_val": 399,
    "mape_mean_val": 317413364970342.06,
    "mape_std_val": 577624163712640.0,
    "mape_ci_lower_val": 260635009459034.5,
    "mape_ci_upper_val": 374191720481649.6,
    "mape_samperror_val": 56778355511307.56,
    "mape_t_critical_val": 1.965927295920882,
    "mape_df_val": 399,
    "r2_mean_val": 0.031739415508466776,
    "r2_std_val": 0.0831359048536535,
    "r2_ci_lower_val": 0.023567458277322838,
    "r2_ci_upper_val": 0.03991137273961071,
    "r2_samperror_val": 0.00817195723114394,
    "r2_t_critical_val": 1.965927295920882,
    "r2_df_val": 399,
    "median_ae_mean_val": 5.935771425985397,
    "median_ae_std_val": 0.5764742727378558,
    "median_ae_ci_lower_val": 5.879106100576823,
    "median_ae_ci_upper_val": 5.992436751393972,
    "median_ae_samperror_val": 0.05666532540857449,
    "median_ae_t_critical_val": 1.965927295920882,
    "median_ae_df_val": 399,
    "max_error_mean_val": 16.27571603888246,
    "max_error_std_val": 1.5049328194467526,
    "max_error_ci_lower_val": 16.127786613468583,
    "max_error_ci_upper_val": 16.42364546429634,
    "max_error_samperror_val": 0.14792942541387716,
    "max_error_t_critical_val": 1.965927295920882,
    "max_error_df_val": 399,
    "rho_mean_val": 0.1943291156308127,
    "rho_std_val": 0.12973468991457268,
    "rho_ci_lower_val": 0.1815766672242682,
    "rho_ci_upper_val": 0.2070815640373572,
    "rho_samperror_val": 0.0127524484065445,
    "rho_t_critical_val": 1.965927295920882,
    "rho_df_val": 399,
    "r2_below_zero_val": 0.3075
  },
  "test_summary": {
    "n_splits_test": 400,
    "mae_mean_test": 6.221162191651303,
    "mae_std_test": 0.5265251891994641,
    "mae_ci_lower_test": 6.169406679579446,
    "mae_ci_upper_test": 6.27291770372316,
    "mae_samperror_test": 0.05175551207185666,
    "mae_t_critical_test": 1.965927295920882,
    "mae_df_test": 399,
    "d2mae_mean_test": 0.007348017530107478,
    "d2mae_std_test": 0.07007092487025732,
    "d2mae_ci_lower_test": 0.0004603003374644655,
    "d2mae_ci_upper_test": 0.014235734722750491,
    "d2mae_samperror_test": 0.0068877171926430125,
    "d2mae_t_critical_test": 1.965927295920882,
    "d2mae_df_test": 399,
    "rmse_mean_test": 7.489746336139635,
    "rmse_std_test": 0.6013192929742649,
    "rmse_ci_lower_test": 7.430638835558537,
    "rmse_ci_upper_test": 7.548853836720732,
    "rmse_samperror_test": 0.059107500581097656,
    "rmse_t_critical_test": 1.965927295920882,
    "rmse_df_test": 399,
    "mape_mean_test": 271751999798494.88,
    "mape_std_test": 805499631852731.8,
    "mape_ci_lower_test": 192574314142819.53,
    "mape_ci_upper_test": 350929685454170.25,
    "mape_samperror_test": 79177685655675.34,
    "mape_t_critical_test": 1.965927295920882,
    "mape_df_test": 399,
    "r2_mean_test": 0.014024645096111803,
    "r2_std_test": 0.12339374610055695,
    "r2_ci_lower_test": 0.001895488415861013,
    "r2_ci_upper_test": 0.026153801776362593,
    "r2_samperror_test": 0.01212915668025079,
    "r2_t_critical_test": 1.965927295920882,
    "r2_df_test": 399,
    "median_ae_mean_test": 5.790426679353385,
    "median_ae_std_test": 0.8366539818461217,
    "median_ae_ci_lower_test": 5.708186634345776,
    "median_ae_ci_upper_test": 5.872666724360994,
    "median_ae_samperror_test": 0.08224004500760924,
    "median_ae_t_critical_test": 1.965927295920882,
    "median_ae_df_test": 399,
    "max_error_mean_test": 15.395881743421782,
    "max_error_std_test": 1.7984595413180844,
    "max_error_ci_lower_test": 15.219099708277454,
    "max_error_ci_upper_test": 15.57266377856611,
    "max_error_samperror_test": 0.17678203514432855,
    "max_error_t_critical_test": 1.965927295920882,
    "max_error_df_test": 399,
    "rho_mean_test": 0.16610538647244677,
    "rho_std_test": 0.1952703776932832,
    "rho_ci_lower_test": 0.1469110181928465,
    "rho_ci_upper_test": 0.18529975475204705,
    "rho_samperror_test": 0.019194368279600277,
    "rho_t_critical_test": 1.965927295920882,
    "rho_df_test": 399,
    "r2_below_zero_test": 0.4275
  },
  "selected_features": [
    "l1_T2W40",
    "l2_T2W40",
    "l3_T2W40",
    "z_l1_T2W40",
    "z_l3_T2W40"
  ]
}