{
  "mean_abs_shap": {
    "l1_T2W40": 4.558167302001064,
    "l2_T2W40": 1.1039539737666848,
    "l3_T2W40": 2.5588363351062338,
    "z_l1_T2W40": 3.9386899684207917,
    "z_l3_T2W40": 2.6189975868701736
  },
  "mean_shap": {
    "l1_T2W40": -0.07375339366840661,
    "l2_T2W40": 0.08252491401536306,
    "l3_T2W40": -0.23478015368348099,
    "z_l1_T2W40": -0.10490630255408177,
    "z_l3_T2W40": 0.3577640805066226
  },
  "regressor": "LinearRegression",
  "n_subjects": 222,
  "n_features": 5
}