feature,mean_coef,std_coef,frac_nonzero
z_l3_T2W10,-2.1939524158849735,0.6293335071083926,1.0
z_cc_T2W10,1.5723106639781514,0.8074843052118253,1.0
