set,r2_mean,r2_std,r2_ci_lower,r2_ci_upper,rmse_mean,rmse_std,rmse_ci_lower,rmse_ci_upper,mae_mean,mae_std,mae_ci_lower,mae_ci_upper,rho_mean,rho_std,rho_ci_lower,rho_ci_upper,r2_below_zero
TEST,-0.009829585258307854,0.057436213621784214,-0.015475356264978273,-0.004183814251637436,3.537472092844461,0.26658110807948227,3.5112681389969467,3.5636760466919757,2.932414553207588,0.19753522731159007,2.9129975584436982,2.9518315479714774,0.04416058072424782,0.2058726407353161,0.02392404852900426,0.06439711291949138,0.495
