set,r2_mean,r2_std,r2_ci_lower,r2_ci_upper,rmse_mean,rmse_std,rmse_ci_lower,rmse_ci_upper,mae_mean,mae_std,mae_ci_lower,mae_ci_upper,rho_mean,rho_std,rho_ci_lower,rho_ci_upper,r2_below_zero
VALIDATION,-0.007227986967905811,0.038059742886033726,-0.010969121338675026,-0.0034868525971365957,3.4580279084020855,0.1619064048391823,3.442113097369197,3.473942719434974,2.8594179518433145,0.11802129609910017,2.8478168874682552,2.8710190162183737,0.05653391603779271,0.12756351848023484,0.04399488589059264,0.06907294618499278,0.4725
