set,r2_mean,r2_std,r2_ci_lower,r2_ci_upper,rmse_mean,rmse_std,rmse_ci_lower,rmse_ci_upper,mae_mean,mae_std,mae_ci_lower,mae_ci_upper,rho_mean,rho_std,rho_ci_lower,rho_ci_upper,r2_below_zero
VALIDATION,-0.013606878423010574,0.019296882931671373,-0.0155036918670887,-0.011710064978932448,2.254033968029408,0.19067245792464318,2.2352915585486888,2.272776377510127,1.7749020328501228,0.12962703280572932,1.762160166746022,1.7876438989542236,-0.018283819352854933,0.1304325709974792,-0.03110486693290907,-0.0054627717728007955,0.8225
