set,r2_mean,r2_std,r2_ci_lower,r2_ci_upper,rmse_mean,rmse_std,rmse_ci_lower,rmse_ci_upper,mae_mean,mae_std,mae_ci_lower,mae_ci_upper,rho_mean,rho_std,rho_ci_lower,rho_ci_upper,r2_below_zero
TEST,-0.018512455052273512,0.031849483480916686,-0.021643143499079278,-0.015381766605467745,2.1726440041003316,0.28957372215459587,2.144179959872075,2.2011080483285883,1.6765512326308782,0.18199443166459733,1.6586618415851262,1.6944406236766303,-0.04103905167521637,0.19017610873412916,-0.05973267183483848,-0.022345431515594264,0.7675
