target,window,set,metric,mean,std,ci_lower,ci_upper,t_critical,df,significant
COG,T2W10,VALIDATION,R2,-0.02555,0.051563,-0.030618,-0.020481,1.9659,399,True
COG,T2W10,VALIDATION,RMSE,2.283991,0.18311,2.265992,2.30199,1.9659,399,True
COG,T2W10,VALIDATION,MAE,1.787871,0.126337,1.775453,1.80029,1.9659,399,True
COG,T2W10,VALIDATION,rho,0.072051,0.121398,0.060118,0.083984,1.9659,399,True
COG,T2W10,TEST,R2,-0.027541,0.079483,-0.035353,-0.019728,1.9659,399,True
COG,T2W10,TEST,RMSE,2.231424,0.300369,2.201899,2.260949,1.9659,399,True
COG,T2W10,TEST,MAE,1.753728,0.198694,1.734197,1.773259,1.9659,399,True
COG,T2W10,TEST,rho,0.093061,0.190574,0.074328,0.111794,1.9659,399,True
