set,r2_mean,r2_std,r2_ci_lower,r2_ci_upper,rmse_mean,rmse_std,rmse_ci_lower,rmse_ci_upper,mae_mean,mae_std,mae_ci_lower,mae_ci_upper,rho_mean,rho_std,rho_ci_lower,rho_ci_upper,r2_below_zero
TEST,-0.02754056039725126,0.07948312059825005,-0.03535346221470481,-0.019727658579797705,2.2314241680059244,0.30036855020091313,2.2018990314221165,2.260949304589732,1.7537277998602057,0.19869392298801328,1.7341969095234189,1.7732586901969924,0.09306110420527042,0.19057439929198983,0.07432833353167802,0.11179387487886282,0.665
