set,r2_mean,r2_std,r2_ci_lower,r2_ci_upper,rmse_mean,rmse_std,rmse_ci_lower,rmse_ci_upper,mae_mean,mae_std,mae_ci_lower,mae_ci_upper,rho_mean,rho_std,rho_ci_lower,rho_ci_upper,r2_below_zero
VALIDATION,-0.025549750182796826,0.051563205098418385,-0.0306182258012042,-0.020481274564389453,2.28399092127903,0.18310999927283078,2.2659918739927045,2.3019899685653558,1.787871343978844,0.12633658266143977,1.7754529171624696,1.8002897707952186,0.07205125473140506,0.12139802238119819,0.06011827043790448,0.08398423902490564,0.6775
