{
  "best_trial_number": 82,
  "best_value_internal_minimized": 1.0656661951409676,
  "best_params": {
    "regressor": "QuantileRegressor",
    "use_scaler": true,
    "quantile_alpha": 0.00020033665584113386,
    "rfe_n_features": 4
  },
  "best_metadata": {
    "regressor": "QuantileRegressor",
    "use_scaler": true,
    "rfe_estimator": {
      "mode": "original",
      "type": "QuantileRegressor"
    },
    "n_candidate_features": 13,
    "rfe_n_features": 4,
    "rfe_selected_features": [
      "edges_T6W50",
      "lsc_T6W50",
      "density_T6W50",
      "diameter_T6W50"
    ]
  },
  "validation_summary": {
    "n_splits_val": 400,
    "mae_mean_val": 1.05939424555173,
    "mae_std_val": 0.0580832617544062,
    "mae_ci_lower_val": 1.0536848720657748,
    "mae_ci_upper_val": 1.0651036190376852,
    "mae_samperror_val": 0.0057093734859552285,
    "mae_t_critical_val": 1.965927295920882,
    "mae_df_val": 399,
    "d2mae_mean_val": 0.0001969051480450168,
    "d2mae_std_val": 0.025308774707531893,
    "d2mae_ci_lower_val": -0.0022908554031474326,
    "d2mae_ci_upper_val": 0.002684665699237466,
    "d2mae_samperror_val": 0.002487760551192449,
    "d2mae_t_critical_val": 1.965927295920882,
    "d2mae_df_val": 399,
    "rmse_mean_val": 1.3878433366785061,
    "rmse_std_val": 0.0828492272316657,
    "rmse_ci_lower_val": 1.379699558815472,
    "rmse_ci_upper_val": 1.3959871145415403,
    "rmse_samperror_val": 0.008143777863034163,
    "rmse_t_critical_val": 1.965927295920882,
    "rmse_df_val": 399,
    "mape_mean_val": 365822776617285.75,
    "mape_std_val": 266137415198012.88,
    "mape_ci_lower_val": 339662436167105.6,
    "mape_ci_upper_val": 391983117067465.9,
    "mape_samperror_val": 26160340450180.125,
    "mape_t_critical_val": 1.965927295920882,
    "mape_df_val": 399,
    "r2_mean_val": -0.011081087056754969,
    "r2_std_val": 0.07229492926492023,
    "r2_ci_lower_val": -0.018187415796683773,
    "r2_ci_upper_val": -0.003974758316826165,
    "r2_samperror_val": 0.007106328739928803,
    "r2_t_critical_val": 1.965927295920882,
    "r2_df_val": 399,
    "median_ae_mean_val": 0.9999941153707632,
    "median_ae_std_val": 0.006704868002906283,
    "median_ae_ci_lower_val": 0.9993350512196402,
    "median_ae_ci_upper_val": 1.0006531795218863,
    "median_ae_samperror_val": 0.0006590641511229998,
    "median_ae_t_critical_val": 1.965927295920882,
    "median_ae_df_val": 399,
    "max_error_mean_val": 3.2879665394250925,
    "max_error_std_val": 0.5485229803826183,
    "max_error_ci_lower_val": 3.2340487244463896,
    "max_error_ci_upper_val": 3.3418843544037955,
    "max_error_samperror_val": 0.05391781497870318,
    "max_error_t_critical_val": 1.965927295920882,
    "max_error_df_val": 399,
    "rho_mean_val": 0.09416452779860868,
    "rho_std_val": 0.1278136926216094,
    "rho_ci_lower_val": 0.08048945531995463,
    "rho_ci_upper_val": 0.10783960027726272,
    "rho_samperror_val": 0.01367507247865405,
    "rho_t_critical_val": 1.9670282846691862,
    "rho_df_val": 337,
    "r2_below_zero_val": 0.4375
  },
  "test_summary": {
    "n_splits_test": 400,
    "mae_mean_test": 1.021552436714662,
    "mae_std_test": 0.08485015948238053,
    "mae_ci_lower_test": 1.0132119744851793,
    "mae_ci_upper_test": 1.0298928989441447,
    "mae_samperror_test": 0.008340462229482596,
    "mae_t_critical_test": 1.965927295920882,
    "mae_df_test": 399,
    "d2mae_mean_test": -0.00507734805782741,
    "d2mae_std_test": 0.036916922542645246,
    "d2mae_ci_lower_test": -0.008706147343226571,
    "d2mae_ci_upper_test": -0.001448548772428249,
    "d2mae_samperror_test": 0.003628799285399161,
    "d2mae_t_critical_test": 1.965927295920882,
    "d2mae_df_test": 399,
    "rmse_mean_test": 1.3502893746827471,
    "rmse_std_test": 0.12944874379363694,
    "rmse_ci_lower_test": 1.3375650337404181,
    "rmse_ci_upper_test": 1.3630137156250761,
    "rmse_samperror_test": 0.012724340942328986,
    "rmse_t_critical_test": 1.965927295920882,
    "rmse_df_test": 399,
    "mape_mean_test": 376630630380541.6,
    "mape_std_test": 401517565123813.06,
    "mape_ci_lower_test": 337162913327111.9,
    "mape_ci_upper_test": 416098347433971.4,
    "mape_samperror_test": 39467717053429.72,
    "mape_t_critical_test": 1.965927295920882,
    "mape_df_test": 399,
    "r2_mean_test": -0.026006343382951037,
    "r2_std_test": 0.11788689164689026,
    "r2_ci_lower_test": -0.03759419628894549,
    "r2_ci_upper_test": -0.014418490476956588,
    "r2_samperror_test": 0.011587852905994449,
    "r2_t_critical_test": 1.965927295920882,
    "r2_df_test": 399,
    "median_ae_mean_test": 0.9972033217352713,
    "median_ae_std_test": 0.014592506645856774,
    "median_ae_ci_lower_test": 0.9957689313787215,
    "median_ae_ci_upper_test": 0.9986377120918211,
    "median_ae_samperror_test": 0.0014343903565498352,
    "median_ae_t_critical_test": 1.965927295920882,
    "median_ae_df_test": 399,
    "max_error_mean_test": 3.097165455852736,
    "max_error_std_test": 0.5610463674991711,
    "max_error_ci_lower_test": 3.042016637445542,
    "max_error_ci_upper_test": 3.15231427425993,
    "max_error_samperror_test": 0.05514881840719395,
    "max_error_t_critical_test": 1.965927295920882,
    "max_error_df_test": 399,
    "rho_mean_test": 0.09077949464003886,
    "rho_std_test": 0.1895466524804828,
    "rho_ci_lower_test": 0.07049947488948974,
    "rho_ci_upper_test": 0.11105951439058798,
    "rho_samperror_test": 0.020280019750549126,
    "rho_t_critical_test": 1.9670282846691862,
    "rho_df_test": 337,
    "r2_below_zero_test": 0.515
  },
  "selected_features": [
    "edges_T6W50",
    "lsc_T6W50",
    "density_T6W50",
    "diameter_T6W50"
  ]
}