{
  "best_trial_number": 223,
  "best_value_internal_minimized": 1.0648257253806375,
  "best_params": {
    "regressor": "QuantileRegressor",
    "use_scaler": false,
    "quantile_alpha": 0.0005850489464034839,
    "rfe_n_features": 2
  },
  "best_metadata": {
    "regressor": "QuantileRegressor",
    "use_scaler": false,
    "rfe_estimator": {
      "mode": "original",
      "type": "QuantileRegressor"
    },
    "n_candidate_features": 13,
    "rfe_n_features": 2,
    "rfe_selected_features": [
      "edges_T6W50",
      "l2_T6W50"
    ]
  },
  "validation_summary": {
    "n_splits_val": 400,
    "mae_mean_val": 1.0579693791912723,
    "mae_std_val": 0.05711436722822977,
    "mae_ci_lower_val": 1.052355244515111,
    "mae_ci_upper_val": 1.0635835138674337,
    "mae_samperror_val": 0.0056141346761612995,
    "mae_t_critical_val": 1.965927295920882,
    "mae_df_val": 399,
    "d2mae_mean_val": 0.0015449086799786457,
    "d2mae_std_val": 0.0231395938516318,
    "d2mae_ci_lower_val": -0.0007296292784936529,
    "d2mae_ci_upper_val": 0.0038194466384509442,
    "d2mae_samperror_val": 0.0022745379584722986,
    "d2mae_t_critical_val": 1.965927295920882,
    "d2mae_df_val": 399,
    "rmse_mean_val": 1.3867864767372882,
    "rmse_std_val": 0.08187376114492337,
    "rmse_ci_lower_val": 1.3787385836445627,
    "rmse_ci_upper_val": 1.3948343698300136,
    "rmse_samperror_val": 0.008047893092725569,
    "rmse_t_critical_val": 1.965927295920882,
    "rmse_df_val": 399,
    "mape_mean_val": 365683210913424.3,
    "mape_std_val": 265930350970477.6,
    "mape_ci_lower_val": 339543224124090.2,
    "mape_ci_upper_val": 391823197702758.44,
    "mape_samperror_val": 26139986789334.105,
    "mape_t_critical_val": 1.965927295920882,
    "mape_df_val": 399,
    "r2_mean_val": -0.009448839485677011,
    "r2_std_val": 0.06941485432571705,
    "r2_ci_lower_val": -0.016272067328741955,
    "r2_ci_upper_val": -0.0026256116426120685,
    "r2_samperror_val": 0.006823227843064943,
    "r2_t_critical_val": 1.965927295920882,
    "r2_df_val": 399,
    "median_ae_mean_val": 0.9999999999999994,
    "median_ae_std_val": 3.629039001228805e-15,
    "median_ae_ci_lower_val": 0.9999999999999991,
    "median_ae_ci_upper_val": 0.9999999999999998,
    "median_ae_samperror_val": 3.5672134152385815e-16,
    "median_ae_t_critical_val": 1.965927295920882,
    "median_ae_df_val": 399,
    "max_error_mean_val": 3.2793344349715148,
    "max_error_std_val": 0.5338863345734106,
    "max_error_ci_lower_val": 3.226855349068664,
    "max_error_ci_upper_val": 3.3318135208743658,
    "max_error_samperror_val": 0.05247908590285082,
    "max_error_t_critical_val": 1.965927295920882,
    "max_error_df_val": 399,
    "rho_mean_val": 0.08512506881751422,
    "rho_std_val": 0.14359522421322157,
    "rho_ci_lower_val": 0.0706603155369098,
    "rho_ci_upper_val": 0.09958982209811865,
    "rho_samperror_val": 0.014464753280604422,
    "rho_t_critical_val": 1.9662263966111804,
    "rho_df_val": 380,
    "r2_below_zero_val": 0.43
  },
  "test_summary": {
    "n_splits_test": 400,
    "mae_mean_test": 1.0205162765576545,
    "mae_std_test": 0.08419933038207937,
    "mae_ci_lower_test": 1.012239788462835,
    "mae_ci_upper_test": 1.0287927646524742,
    "mae_samperror_test": 0.008276488094819514,
    "mae_t_critical_test": 1.965927295920882,
    "mae_df_test": 399,
    "d2mae_mean_test": -0.004099290569341828,
    "d2mae_std_test": 0.03679462345250602,
    "d2mae_ci_lower_test": -0.00771606829876244,
    "d2mae_ci_upper_test": -0.00048251283992121726,
    "d2mae_samperror_test": 0.003616777729420611,
    "d2mae_t_critical_test": 1.965927295920882,
    "d2mae_df_test": 399,
    "rmse_mean_test": 1.350090902329815,
    "rmse_std_test": 0.12926442191781048,
    "rmse_ci_lower_test": 1.3373846795578321,
    "rmse_ci_upper_test": 1.362797125101798,
    "rmse_samperror_test": 0.01270622277198286,
    "rmse_t_critical_test": 1.965927295920882,
    "rmse_df_test": 399,
    "mape_mean_test": 376466835461685.94,
    "mape_std_test": 401284625700241.94,
    "mape_ci_lower_test": 337022015506810.94,
    "mape_ci_upper_test": 415911655416560.94,
    "mape_samperror_test": 39444819954875.0,
    "mape_t_critical_test": 1.965927295920882,
    "mape_df_test": 399,
    "r2_mean_test": -0.025728655757427946,
    "r2_std_test": 0.11787306228338208,
    "r2_ci_lower_test": -0.037315149287262095,
    "r2_ci_upper_test": -0.014142162227593794,
    "r2_samperror_test": 0.011586493529834152,
    "r2_t_critical_test": 1.965927295920882,
    "r2_df_test": 399,
    "median_ae_mean_test": 0.9979971830560902,
    "median_ae_std_test": 0.009603477237378316,
    "median_ae_ci_lower_test": 0.9970531961542544,
    "median_ae_ci_upper_test": 0.998941169957926,
    "median_ae_samperror_test": 0.0009439869018358447,
    "median_ae_t_critical_test": 1.965927295920882,
    "median_ae_df_test": 399,
    "max_error_mean_test": 3.0948923041352323,
    "max_error_std_test": 0.561159558345866,
    "max_error_ci_lower_test": 3.03973235947928,
    "max_error_ci_upper_test": 3.1500522487911846,
    "max_error_samperror_test": 0.05515994465595223,
    "max_error_t_critical_test": 1.965927295920882,
    "max_error_df_test": 399,
    "rho_mean_test": 0.08199918345459706,
    "rho_std_test": 0.20443458497850842,
    "rho_ci_lower_test": 0.06137865675913205,
    "rho_ci_upper_test": 0.10261971015006206,
    "rho_samperror_test": 0.020620526695465,
    "rho_t_critical_test": 1.966242972082922,
    "rho_df_test": 379,
    "r2_below_zero_test": 0.525
  },
  "selected_features": [
    "edges_T6W50",
    "l2_T6W50"
  ]
}