set,r2_mean,r2_std,r2_ci_lower,r2_ci_upper,rmse_mean,rmse_std,rmse_ci_lower,rmse_ci_upper,mae_mean,mae_std,mae_ci_lower,mae_ci_upper,rho_mean,rho_std,rho_ci_lower,rho_ci_upper,r2_below_zero
TEST,-0.0054300756916717385,0.03747169000406966,-0.009113406601836049,-0.001746744781507428,3.5145997387880605,0.27510143287646316,3.4875582679861212,3.54164120959,2.9227312874382028,0.1868810705243198,2.904361557556469,2.9411010173199363,0.09946284037947599,0.18854650240131463,0.08092940459841816,0.11799627616053382,0.4925
