set,r2_mean,r2_std,r2_ci_lower,r2_ci_upper,rmse_mean,rmse_std,rmse_ci_lower,rmse_ci_upper,mae_mean,mae_std,mae_ci_lower,mae_ci_upper,rho_mean,rho_std,rho_ci_lower,rho_ci_upper,r2_below_zero
VALIDATION,-0.003744229952189483,0.02665583127420111,-0.006364401267060156,-0.00112405863731881,3.481374338125992,0.17757230745462999,3.463919625814756,3.4988290504372275,2.881784674446684,0.11816299150204897,2.8701696819286067,2.8933996669647613,0.08746925110158534,0.11675196528236087,0.07599295733153531,0.09894554487163536,0.4425
