set,r2_mean,r2_std,r2_ci_lower,r2_ci_upper,rmse_mean,rmse_std,rmse_ci_lower,rmse_ci_upper,mae_mean,mae_std,mae_ci_lower,mae_ci_upper,rho_mean,rho_std,rho_ci_lower,rho_ci_upper,r2_below_zero
TEST,-0.015211075251878646,0.0255182613135636,-0.01771942757491747,-0.012702722928839819,1.3247347116078338,0.11166796107164906,1.3137581569703045,1.3357112662453632,1.017895508144679,0.07782456200206726,1.0102456366080315,1.0255453796813265,-0.05524436690645633,0.19717133791516542,-0.07462559266548952,-0.03586314114742315,0.74
