set,r2_mean,r2_std,r2_ci_lower,r2_ci_upper,rmse_mean,rmse_std,rmse_ci_lower,rmse_ci_upper,mae_mean,mae_std,mae_ci_lower,mae_ci_upper,rho_mean,rho_std,rho_ci_lower,rho_ci_upper,r2_below_zero
VALIDATION,-0.011234753675319932,0.029552350432819265,-0.014139642294044866,-0.008329865056594998,1.3436207977291756,0.07369890661917002,1.3363764631190682,1.350865132339283,1.0252122642521386,0.052025981721407794,1.020098299373979,1.0303262291302984,-0.024252425388436083,0.13762650883753702,-0.03778061090673661,-0.010724239870135559,0.6575
