set,r2_mean,r2_std,r2_ci_lower,r2_ci_upper,rmse_mean,rmse_std,rmse_ci_lower,rmse_ci_upper,mae_mean,mae_std,mae_ci_lower,mae_ci_upper,rho_mean,rho_std,rho_ci_lower,rho_ci_upper,r2_below_zero
VALIDATION,-0.003810977338575415,0.032122054299127095,-0.006968458505960749,-0.0006534961711900816,3.4523335966760986,0.15828959883559976,3.4367743045255352,3.467892888826662,2.8444063347436526,0.11488908054277032,2.8331131557715383,2.855699513715767,0.0834795550495844,0.1293899202334418,0.07076099624938696,0.09619811384978184,0.445
