set,r2_mean,r2_std,r2_ci_lower,r2_ci_upper,rmse_mean,rmse_std,rmse_ci_lower,rmse_ci_upper,mae_mean,mae_std,mae_ci_lower,mae_ci_upper,rho_mean,rho_std,rho_ci_lower,rho_ci_upper,r2_below_zero
TEST,-0.004800606972012188,0.05029337971846794,-0.009744263371644678,0.00014304942762030128,3.5289767003566306,0.2616701142802589,3.5032554793471156,3.5546979213661456,2.91380416840336,0.19399526626030653,2.8947351389423313,2.9328731978643887,0.08386175785659972,0.20240415797655154,0.06396616490790047,0.10375735080529896,0.47
