set,r2_mean,r2_std,r2_ci_lower,r2_ci_upper,rmse_mean,rmse_std,rmse_ci_lower,rmse_ci_upper,mae_mean,mae_std,mae_ci_lower,mae_ci_upper,rho_mean,rho_std,rho_ci_lower,rho_ci_upper,r2_below_zero
VALIDATION,-0.013632609685682563,0.035100860940631924,-0.017082896717358135,-0.010182322654006992,2.1867157095136935,0.18786849633197059,2.168248919264562,2.205182499762825,1.6969425220123129,0.12520853547753183,1.6846349781334349,1.7092500658911909,0.021004398606213212,0.12101194851038975,0.009109363970755837,0.032899433241670585,0.6325
