set,r2_mean,r2_std,r2_ci_lower,r2_ci_upper,rmse_mean,rmse_std,rmse_ci_lower,rmse_ci_upper,mae_mean,mae_std,mae_ci_lower,mae_ci_upper,rho_mean,rho_std,rho_ci_lower,rho_ci_upper,r2_below_zero
TEST,-0.015800959310982247,0.04310541064368489,-0.02003806448029718,-0.011563854141667315,2.158962836638054,0.253115416922401,2.134082511280747,2.1838431619953615,1.6692217150174564,0.16637434108180835,1.6528677220937775,1.6855757079411353,0.039768031587837885,0.20173862519523222,0.019937858092194925,0.05959820508348085,0.62
