feature,mean_coef,std_coef,frac_nonzero
edges_T2W10,1.6995465171449209,0.32818522148269674,1.0
l3_T6W30,-0.6612647944451596,0.10163186584092611,1.0
