set,r2_mean,r2_std,r2_ci_lower,r2_ci_upper,rmse_mean,rmse_std,rmse_ci_lower,rmse_ci_upper,mae_mean,mae_std,mae_ci_lower,mae_ci_upper,rho_mean,rho_std,rho_ci_lower,rho_ci_upper,r2_below_zero
VALIDATION,-0.003981245995563531,0.03554574434310884,-0.007475263448460678,-0.0004872285426663846,7.630034128974244,0.35611695594871734,7.595029126762252,7.665039131186236,6.483040763775813,0.2684933329615881,6.456648845173715,6.509432682377911,0.0721752521587241,0.13354931667661446,0.05904783980841719,0.08530266450903101,0.3925
