set,r2_mean,r2_std,r2_ci_lower,r2_ci_upper,rmse_mean,rmse_std,rmse_ci_lower,rmse_ci_upper,mae_mean,mae_std,mae_ci_lower,mae_ci_upper,rho_mean,rho_std,rho_ci_lower,rho_ci_upper,r2_below_zero
TEST,-0.011174773856799197,0.05261260005974107,-0.016346401185139876,-0.006003146528458517,7.601340294135971,0.5042947115586456,7.551769957203887,7.650910631068055,6.396705628850596,0.3940531918671623,6.3579716325537765,6.435439625147416,0.05124143895498832,0.19223314180394768,0.03234561992233781,0.07013725798763883,0.5225
