set,r2_mean,r2_std,r2_ci_lower,r2_ci_upper,rmse_mean,rmse_std,rmse_ci_lower,rmse_ci_upper,mae_mean,mae_std,mae_ci_lower,mae_ci_upper,rho_mean,rho_std,rho_ci_lower,rho_ci_upper,r2_below_zero
TEST,-0.004220420899572947,0.04965007379872475,-0.009100842665842906,0.000660000866697011,3.4648598344328807,0.2717445493428758,3.438148333079337,3.4915713357864244,2.8722806537709227,0.1830223056112685,2.8542902264527443,2.890271081089101,0.11939075684362,0.19099080559941195,0.10061705494372986,0.13816445874351013,0.465
