set,r2_mean,r2_std,r2_ci_lower,r2_ci_upper,rmse_mean,rmse_std,rmse_ci_lower,rmse_ci_upper,mae_mean,mae_std,mae_ci_lower,mae_ci_upper,rho_mean,rho_std,rho_ci_lower,rho_ci_upper,r2_below_zero
VALIDATION,0.0007520208939985237,0.03183008139551527,-0.0023767603983428213,0.0038808021863398685,3.4470572384676927,0.17569702404844925,3.4297868596982473,3.4643276172371382,2.844646555319969,0.11954392951440532,2.8328958216152684,2.85639728902467,0.11603726161833106,0.11980796165925857,0.10426057451360211,0.12781394872306,0.3675
