{
  "best_trial_number": 183,
  "best_value_internal_minimized": 6.327186683014901,
  "best_params": {
    "regressor": "ExtraTreesRegressor",
    "use_scaler": true,
    "et_n_estimators": 476,
    "et_max_depth": 20,
    "et_min_samples_split": 2,
    "et_min_samples_leaf": 2,
    "et_max_features": "log2",
    "rfe_n_features": 5
  },
  "best_metadata": {
    "regressor": "ExtraTreesRegressor",
    "use_scaler": true,
    "rfe_estimator": {
      "mode": "original",
      "type": "ExtraTreesRegressor"
    },
    "n_candidate_features": 13,
    "rfe_n_features": 5,
    "rfe_selected_features": [
      "pe_T2W10",
      "l2_T2W10",
      "l3_T2W10",
      "diameter_T2W10",
      "asp_T2W10"
    ]
  },
  "validation_summary": {
    "n_splits_val": 400,
    "mae_mean_val": 6.36775384840268,
    "mae_std_val": 0.34313279368342103,
    "mae_ci_lower_val": 6.3340251421412885,
    "mae_ci_upper_val": 6.401482554664072,
    "mae_samperror_val": 0.03372870626139129,
    "mae_t_critical_val": 1.965927295920882,
    "mae_df_val": 399,
    "d2mae_mean_val": 0.02627528188893715,
    "d2mae_std_val": 0.04046592264086059,
    "d2mae_ci_lower_val": 0.022297628795222617,
    "d2mae_ci_upper_val": 0.030252934982651684,
    "d2mae_samperror_val": 0.003977653093714532,
    "d2mae_t_critical_val": 1.965927295920882,
    "d2mae_df_val": 399,
    "rmse_mean_val": 7.540013934864794,
    "rmse_std_val": 0.3877793318636855,
    "rmse_ci_lower_val": 7.501896636199555,
    "rmse_ci_upper_val": 7.578131233530033,
    "rmse_samperror_val": 0.03811729866523908,
    "rmse_t_critical_val": 1.965927295920882,
    "rmse_df_val": 399,
    "mape_mean_val": 211692761916148.44,
    "mape_std_val": 438714838291761.4,
    "mape_ci_lower_val": 168568688129983.97,
    "mape_ci_upper_val": 254816835702312.9,
    "mape_samperror_val": 43124073786164.48,
    "mape_t_critical_val": 1.965927295920882,
    "mape_df_val": 399,
    "r2_mean_val": 0.04746296620144903,
    "r2_std_val": 0.06965218746494829,
    "r2_ci_lower_val": 0.04061640937355203,
    "r2_ci_upper_val": 0.05430952302934604,
    "r2_samperror_val": 0.006846556827897007,
    "r2_t_critical_val": 1.965927295920882,
    "r2_df_val": 399,
    "median_ae_mean_val": 5.875957215696924,
    "median_ae_std_val": 0.5773936624072282,
    "median_ae_ci_lower_val": 5.819201517626019,
    "median_ae_ci_upper_val": 5.932712913767829,
    "median_ae_samperror_val": 0.056755698070904845,
    "median_ae_t_critical_val": 1.965927295920882,
    "median_ae_df_val": 399,
    "max_error_mean_val": 16.70731090997032,
    "max_error_std_val": 1.636244042461128,
    "max_error_ci_lower_val": 16.54647406867721,
    "max_error_ci_upper_val": 16.868147751263432,
    "max_error_samperror_val": 0.1608368412931129,
    "max_error_t_critical_val": 1.965927295920882,
    "max_error_df_val": 399,
    "rho_mean_val": 0.23029028961064488,
    "rho_std_val": 0.11475165230421949,
    "rho_ci_lower_val": 0.2190106193348005,
    "rho_ci_upper_val": 0.24156995988648924,
    "rho_samperror_val": 0.011279670275844374,
    "rho_t_critical_val": 1.965927295920882,
    "rho_df_val": 399,
    "r2_below_zero_val": 0.2275
  },
  "test_summary": {
    "n_splits_test": 400,
    "mae_mean_test": 6.335759763147024,
    "mae_std_test": 0.5150900315933286,
    "mae_ci_lower_test": 6.28512828549872,
    "mae_ci_upper_test": 6.386391240795328,
    "mae_samperror_test": 0.050631477648303704,
    "mae_t_critical_test": 1.965927295920882,
    "mae_df_test": 399,
    "d2mae_mean_test": 0.02272160896100852,
    "d2mae_std_test": 0.06417984945676196,
    "d2mae_ci_lower_test": 0.016412963066251455,
    "d2mae_ci_upper_test": 0.029030254855765585,
    "d2mae_samperror_test": 0.006308645894757066,
    "d2mae_t_critical_test": 1.965927295920882,
    "d2mae_df_test": 399,
    "rmse_mean_test": 7.473044283585568,
    "rmse_std_test": 0.5827166093375836,
    "rmse_ci_lower_test": 7.415765359181407,
    "rmse_ci_upper_test": 7.5303232079897295,
    "rmse_samperror_test": 0.05727892440416104,
    "rmse_t_critical_test": 1.965927295920882,
    "rmse_df_test": 399,
    "mape_mean_test": 223990247610218.4,
    "mape_std_test": 683923383175687.0,
    "mape_ci_lower_test": 156763065245036.44,
    "mape_ci_upper_test": 291217429975400.4,
    "mape_samperror_test": 67227182365181.984,
    "mape_t_critical_test": 1.965927295920882,
    "mape_df_test": 399,
    "r2_mean_test": 0.043359274988984786,
    "r2_std_test": 0.11010156322263372,
    "r2_ci_lower_test": 0.03253669156583807,
    "r2_ci_upper_test": 0.0541818584121315,
    "r2_samperror_test": 0.010822583423146718,
    "r2_t_critical_test": 1.965927295920882,
    "r2_df_test": 399,
    "median_ae_mean_test": 5.925686957835094,
    "median_ae_std_test": 0.8380722497323796,
    "median_ae_ci_lower_test": 5.843307502249958,
    "median_ae_ci_upper_test": 6.008066413420229,
    "median_ae_samperror_test": 0.08237945558513536,
    "median_ae_t_critical_test": 1.965927295920882,
    "median_ae_df_test": 399,
    "max_error_mean_test": 15.248535614831033,
    "max_error_std_test": 2.186139024569998,
    "max_error_ci_lower_test": 15.033646095777032,
    "max_error_ci_upper_test": 15.463425133885034,
    "max_error_samperror_test": 0.21488951905400053,
    "max_error_t_critical_test": 1.965927295920882,
    "max_error_df_test": 399,
    "rho_mean_test": 0.22990521166998718,
    "rho_std_test": 0.1904964460524884,
    "rho_ci_lower_test": 0.21118010351646185,
    "rho_ci_upper_test": 0.2486303198235125,
    "rho_samperror_test": 0.018725108153525332,
    "rho_t_critical_test": 1.965927295920882,
    "rho_df_test": 399,
    "r2_below_zero_test": 0.3275
  },
  "selected_features": [
    "pe_T2W10",
    "l2_T2W10",
    "l3_T2W10",
    "diameter_T2W10",
    "asp_T2W10"
  ]
}