set,r2_mean,r2_std,r2_ci_lower,r2_ci_upper,rmse_mean,rmse_std,rmse_ci_lower,rmse_ci_upper,mae_mean,mae_std,mae_ci_lower,mae_ci_upper,rho_mean,rho_std,rho_ci_lower,rho_ci_upper,r2_below_zero
VALIDATION,0.0013228954192452164,0.03338407745950802,-0.0019586380370939767,0.0046044288755844095,3.446064418882525,0.17661590700595964,3.4287037172586827,3.463425120506367,2.8465602267205354,0.1183831074441933,2.8349235976055116,2.8581968558355593,0.10767206539175186,0.12295052894375666,0.09558647534682978,0.11975765543667395,0.35
