set,r2_mean,r2_std,r2_ci_lower,r2_ci_upper,rmse_mean,rmse_std,rmse_ci_lower,rmse_ci_upper,mae_mean,mae_std,mae_ci_lower,mae_ci_upper,rho_mean,rho_std,rho_ci_lower,rho_ci_upper,r2_below_zero
TEST,-0.0029678231776652376,0.04433118902316614,-0.007325417905728762,0.001389771550398287,3.4627510998699815,0.26675755835533693,3.4365298016017833,3.4889723981381797,2.873579684840405,0.17793371189554255,2.8560894477864065,2.891069921894404,0.11489603393212967,0.19182619793864572,0.09604021600211439,0.13375185186214494,0.4325
