target,window,set,metric,mean,std,ci_lower,ci_upper,t_critical,df,significant
MOT,T2W10,VALIDATION,R2,0.011317,0.039534,0.007431,0.015203,1.9659,399,True
MOT,T2W10,VALIDATION,RMSE,7.686391,0.344362,7.652541,7.72024,1.9659,399,True
MOT,T2W10,VALIDATION,MAE,6.544997,0.283932,6.517088,6.572907,1.9659,399,True
MOT,T2W10,VALIDATION,rho,0.105049,0.118699,0.093381,0.116716,1.9659,399,True
MOT,T2W10,TEST,R2,0.009386,0.058215,0.003663,0.015108,1.9659,399,True
MOT,T2W10,TEST,RMSE,7.617977,0.521348,7.56673,7.669224,1.9659,399,True
MOT,T2W10,TEST,MAE,6.509256,0.435719,6.466426,6.552085,1.9659,399,True
MOT,T2W10,TEST,rho,0.104413,0.200933,0.084663,0.124164,1.9659,399,True
