set,r2_mean,r2_std,r2_ci_lower,r2_ci_upper,rmse_mean,rmse_std,rmse_ci_lower,rmse_ci_upper,mae_mean,mae_std,mae_ci_lower,mae_ci_upper,rho_mean,rho_std,rho_ci_lower,rho_ci_upper,r2_below_zero
VALIDATION,0.01131741024976323,0.039533632808144356,0.007431397857541015,0.015203422641985443,7.686390513262492,0.34436175337886904,7.6525410047305575,7.720240021794427,6.544997471406694,0.283931814033252,6.5170880062372785,6.572906936576109,0.10504853322339941,0.1186990063203806,0.09338085239720334,0.11671621404959548,0.3225
