set,r2_mean,r2_std,r2_ci_lower,r2_ci_upper,rmse_mean,rmse_std,rmse_ci_lower,rmse_ci_upper,mae_mean,mae_std,mae_ci_lower,mae_ci_upper,rho_mean,rho_std,rho_ci_lower,rho_ci_upper,r2_below_zero
TEST,0.009385646193311973,0.05821514862217641,0.0036633087076905976,0.015107983678933349,7.617976974937052,0.5213482243285615,7.566730339692682,7.6692236101814215,6.509255785430508,0.4357185613844339,6.466426234772256,6.552085336088759,0.10441344986951716,0.20093262605692597,0.08466250315919845,0.12416439657983587,0.3675
