set,r2_mean,r2_std,r2_ci_lower,r2_ci_upper,rmse_mean,rmse_std,rmse_ci_lower,rmse_ci_upper,mae_mean,mae_std,mae_ci_lower,mae_ci_upper,rho_mean,rho_std,rho_ci_lower,rho_ci_upper,r2_below_zero
TEST,-0.009480945016746224,0.03594283286229515,-0.01301399482758163,-0.005947895205910818,7.749321600638982,0.4972370354621781,7.700445007611089,7.798198193666876,6.565014814579041,0.3768233016968377,6.527974453851799,6.602055175306283,0.08279505780257677,0.19676235228112868,0.06345403384462321,0.10213608176053034,0.565
