set,r2_mean,r2_std,r2_ci_lower,r2_ci_upper,rmse_mean,rmse_std,rmse_ci_lower,rmse_ci_upper,mae_mean,mae_std,mae_ci_lower,mae_ci_upper,rho_mean,rho_std,rho_ci_lower,rho_ci_upper,r2_below_zero
VALIDATION,-0.008182673847065136,0.0253814387309214,-0.010677577007608229,-0.005687770686522044,7.625509120293136,0.3189108633489181,7.5941613417319696,7.656856898854303,6.482081651631281,0.23122131660897594,6.459353436745264,6.504809866517299,0.056636188986122354,0.11726638615794328,0.04510932951402739,0.06816304845821733,0.5525
