target,window,set,metric,mean,std,ci_lower,ci_upper,t_critical,df,significant
COG_V1,T6W50,VALIDATION,R2,-0.009345,0.045809,-0.013848,-0.004842,1.9659,399,True
COG_V1,T6W50,VALIDATION,RMSE,1.387422,0.080402,1.379519,1.395325,1.9659,399,True
COG_V1,T6W50,VALIDATION,MAE,1.07858,0.059876,1.072694,1.084466,1.9659,399,True
COG_V1,T6W50,VALIDATION,rho,0.123891,0.131135,0.111001,0.136781,1.9659,399,True
COG_V1,T6W50,TEST,R2,-0.017132,0.0724,-0.024249,-0.010015,1.9659,399,True
COG_V1,T6W50,TEST,RMSE,1.345731,0.118848,1.334048,1.357413,1.9659,399,True
COG_V1,T6W50,TEST,MAE,1.037952,0.082469,1.029846,1.046059,1.9659,399,True
COG_V1,T6W50,TEST,rho,0.11353,0.19212,0.094646,0.132415,1.9659,399,True
