set,r2_mean,r2_std,r2_ci_lower,r2_ci_upper,rmse_mean,rmse_std,rmse_ci_lower,rmse_ci_upper,mae_mean,mae_std,mae_ci_lower,mae_ci_upper,rho_mean,rho_std,rho_ci_lower,rho_ci_upper,r2_below_zero
TEST,-0.017132114881067424,0.07239987313067586,-0.02424875922150765,-0.010015470540627198,1.345730559968922,0.11884821210890952,1.334048212756107,1.357412907181737,1.0379522836980974,0.08246901232727945,1.0298458795780057,1.0460586878181892,0.11353044515412297,0.1921198490784689,0.09464576238454486,0.13241512792370108,0.48
