set,r2_mean,r2_std,r2_ci_lower,r2_ci_upper,rmse_mean,rmse_std,rmse_ci_lower,rmse_ci_upper,mae_mean,mae_std,mae_ci_lower,mae_ci_upper,rho_mean,rho_std,rho_ci_lower,rho_ci_upper,r2_below_zero
VALIDATION,-0.009344817392608217,0.04580887298089497,-0.013847663082033917,-0.004841971703182517,1.3874222720485363,0.08040163414998189,1.3795190836879316,1.395325460409141,1.0785800794068894,0.05987630491155459,1.072694456296664,1.0844657025171147,0.12389069767179199,0.13113494068702328,0.11100060970451274,0.13678078563907123,0.405
