{
  "best_trial_number": 273,
  "best_value_internal_minimized": 6.307281429366509,
  "best_params": {
    "regressor": "QuantileRegressor",
    "use_scaler": true,
    "quantile_alpha": 0.005904409651803697,
    "rfe_n_features": 3
  },
  "best_metadata": {
    "regressor": "QuantileRegressor",
    "use_scaler": true,
    "rfe_estimator": {
      "mode": "original",
      "type": "QuantileRegressor"
    },
    "n_candidate_features": 22,
    "rfe_n_features": 3,
    "rfe_selected_features": [
      "diameter_T6W50",
      "z_lsc_T6W50",
      "z_density_T6W50"
    ]
  },
  "validation_summary": {
    "n_splits_val": 400,
    "mae_mean_val": 6.354972957542474,
    "mae_std_val": 0.31903254918388524,
    "mae_ci_lower_val": 6.323613217706082,
    "mae_ci_upper_val": 6.386332697378865,
    "mae_samperror_val": 0.031359739836391065,
    "mae_t_critical_val": 1.965927295920882,
    "mae_df_val": 399,
    "d2mae_mean_val": 0.010260692244092644,
    "d2mae_std_val": 0.034275053417522204,
    "d2mae_ci_lower_val": 0.006891579089959983,
    "d2mae_ci_upper_val": 0.013629805398225305,
    "d2mae_samperror_val": 0.0033691131541326606,
    "d2mae_t_critical_val": 1.965927295920882,
    "d2mae_df_val": 399,
    "rmse_mean_val": 7.730830168239972,
    "rmse_std_val": 0.403032828282824,
    "rmse_ci_lower_val": 7.691213506326302,
    "rmse_ci_upper_val": 7.7704468301536425,
    "rmse_samperror_val": 0.039616661913669866,
    "rmse_t_critical_val": 1.965927295920882,
    "rmse_df_val": 399,
    "mape_mean_val": 187258543218994.16,
    "mape_std_val": 375498592085912.75,
    "mape_ci_lower_val": 150348396630916.3,
    "mape_ci_upper_val": 224168689807072.0,
    "mape_samperror_val": 36910146588077.836,
    "mape_t_critical_val": 1.965927295920882,
    "mape_df_val": 399,
    "r2_mean_val": -0.0363839561382703,
    "r2_std_val": 0.06901788785095946,
    "r2_ci_lower_val": -0.04316816361992067,
    "r2_ci_upper_val": -0.029599748656619927,
    "r2_samperror_val": 0.006784207481650371,
    "r2_t_critical_val": 1.965927295920882,
    "r2_df_val": 399,
    "median_ae_mean_val": 5.812548048408052,
    "median_ae_std_val": 0.5441127299486591,
    "median_ae_ci_lower_val": 5.759063745014847,
    "median_ae_ci_upper_val": 5.866032351801257,
    "median_ae_samperror_val": 0.05348430339320482,
    "median_ae_t_critical_val": 1.965927295920882,
    "median_ae_df_val": 399,
    "max_error_mean_val": 18.063519642724092,
    "max_error_std_val": 1.469164022620889,
    "max_error_ci_lower_val": 17.919106160011324,
    "max_error_ci_upper_val": 18.20793312543686,
    "max_error_samperror_val": 0.1444134827127665,
    "max_error_t_critical_val": 1.965927295920882,
    "max_error_df_val": 399,
    "rho_mean_val": 0.09422915946974499,
    "rho_std_val": 0.12156892921091343,
    "rho_ci_lower_val": 0.08227937565616458,
    "rho_ci_upper_val": 0.10617894328332539,
    "rho_samperror_val": 0.011949783813580408,
    "rho_t_critical_val": 1.965927295920882,
    "rho_df_val": 399,
    "r2_below_zero_val": 0.6975
  },
  "test_summary": {
    "n_splits_test": 400,
    "mae_mean_test": 6.521246065838697,
    "mae_std_test": 0.5064753268702726,
    "mae_ci_lower_test": 6.471461382348461,
    "mae_ci_upper_test": 6.571030749328933,
    "mae_samperror_test": 0.049784683490235994,
    "mae_t_critical_test": 1.965927295920882,
    "mae_df_test": 399,
    "d2mae_mean_test": 0.008851829896522603,
    "d2mae_std_test": 0.051813075856988834,
    "d2mae_ci_lower_test": 0.003758792890878924,
    "d2mae_ci_upper_test": 0.013944866902166283,
    "d2mae_samperror_test": 0.005093037005643679,
    "d2mae_t_critical_test": 1.965927295920882,
    "d2mae_df_test": 399,
    "rmse_mean_test": 7.875149862064365,
    "rmse_std_test": 0.616416630383476,
    "rmse_ci_lower_test": 7.814558348097843,
    "rmse_ci_upper_test": 7.9357413760308875,
    "rmse_samperror_test": 0.06059151396652244,
    "rmse_t_critical_test": 1.965927295920882,
    "rmse_df_test": 399,
    "mape_mean_test": 198450794614639.38,
    "mape_std_test": 573264637959189.5,
    "mape_ci_lower_test": 142100964637130.75,
    "mape_ci_upper_test": 254800624592148.0,
    "mape_samperror_test": 56349829977508.64,
    "mape_t_critical_test": 1.965927295920882,
    "mape_df_test": 399,
    "r2_mean_test": -0.026480957441002147,
    "r2_std_test": 0.09767866011614511,
    "r2_ci_lower_test": -0.036082414648567554,
    "r2_ci_upper_test": -0.016879500233436744,
    "r2_samperror_test": 0.009601457207565403,
    "r2_t_critical_test": 1.965927295920882,
    "r2_df_test": 399,
    "median_ae_mean_test": 6.005689231051133,
    "median_ae_std_test": 0.7588859471601517,
    "median_ae_ci_lower_test": 5.931093501150487,
    "median_ae_ci_upper_test": 6.080284960951779,
    "median_ae_samperror_test": 0.07459572990064571,
    "median_ae_t_critical_test": 1.965927295920882,
    "median_ae_df_test": 399,
    "max_error_mean_test": 16.790486453890864,
    "max_error_std_test": 2.1849722624450836,
    "max_error_ci_lower_test": 16.575711623312323,
    "max_error_ci_upper_test": 17.005261284469405,
    "max_error_samperror_test": 0.21477483057853974,
    "max_error_t_critical_test": 1.965927295920882,
    "max_error_df_test": 399,
    "rho_mean_test": 0.11049310418986545,
    "rho_std_test": 0.20219627822247552,
    "rho_ci_lower_test": 0.09061794506530657,
    "rho_ci_upper_test": 0.13036826331442433,
    "rho_samperror_test": 0.01987515912455888,
    "rho_t_critical_test": 1.965927295920882,
    "rho_df_test": 399,
    "r2_below_zero_test": 0.58
  },
  "selected_features": [
    "diameter_T6W50",
    "z_lsc_T6W50",
    "z_density_T6W50"
  ]
}