{
  "best_trial_number": 201,
  "best_value_internal_minimized": 6.322417348289178,
  "best_params": {
    "regressor": "QuantileRegressor",
    "use_scaler": false,
    "quantile_alpha": 0.05845961471326635,
    "rfe_n_features": 12
  },
  "best_metadata": {
    "regressor": "QuantileRegressor",
    "use_scaler": false,
    "rfe_estimator": {
      "mode": "original",
      "type": "QuantileRegressor"
    },
    "n_candidate_features": 22,
    "rfe_n_features": 12,
    "rfe_selected_features": [
      "lsc_T6W50",
      "diameter_T6W50",
      "asp_T6W50",
      "z_re_T6W50",
      "z_pe_T6W50",
      "z_l1_T6W50",
      "z_l2_T6W50",
      "z_l3_T6W50",
      "z_lsc_T6W50",
      "z_density_T6W50",
      "z_diameter_T6W50",
      "z_asp_T6W50"
    ]
  },
  "validation_summary": {
    "n_splits_val": 400,
    "mae_mean_val": 6.3552032332284485,
    "mae_std_val": 0.25978212679761664,
    "mae_ci_lower_val": 6.329667594525258,
    "mae_ci_upper_val": 6.380738871931639,
    "mae_samperror_val": 0.02553563870319071,
    "mae_t_critical_val": 1.965927295920882,
    "mae_df_val": 399,
    "d2mae_mean_val": 0.010219531940396714,
    "d2mae_std_val": 0.018802222064059224,
    "d2mae_ci_lower_val": 0.008371341861411719,
    "d2mae_ci_upper_val": 0.01206772201938171,
    "d2mae_samperror_val": 0.0018481900789849945,
    "d2mae_t_critical_val": 1.965927295920882,
    "d2mae_df_val": 399,
    "rmse_mean_val": 7.654371455309597,
    "rmse_std_val": 0.33553714610082036,
    "rmse_ci_lower_val": 7.621389373593848,
    "rmse_ci_upper_val": 7.687353537025347,
    "rmse_samperror_val": 0.03298208171574979,
    "rmse_t_critical_val": 1.965927295920882,
    "rmse_df_val": 399,
    "mape_mean_val": 228323670854688.44,
    "mape_std_val": 457246358994903.1,
    "mape_ci_lower_val": 183378015949262.5,
    "mape_ci_upper_val": 273269325760114.38,
    "mape_samperror_val": 44945654905425.94,
    "mape_t_critical_val": 1.965927295920882,
    "mape_df_val": 399,
    "r2_mean_val": -0.015148782338425794,
    "r2_std_val": 0.03424045592137326,
    "r2_ci_lower_val": -0.018514494684455967,
    "r2_ci_upper_val": -0.01178306999239562,
    "r2_samperror_val": 0.003365712346030174,
    "r2_t_critical_val": 1.965927295920882,
    "r2_df_val": 399,
    "median_ae_mean_val": 5.912057578242827,
    "median_ae_std_val": 0.4392018666580872,
    "median_ae_ci_lower_val": 5.8688856313387,
    "median_ae_ci_upper_val": 5.955229525146954,
    "median_ae_samperror_val": 0.04317194690412686,
    "median_ae_t_critical_val": 1.965927295920882,
    "median_ae_df_val": 399,
    "max_error_mean_val": 17.495473994611153,
    "max_error_std_val": 1.3862943110524413,
    "max_error_ci_lower_val": 17.359206303297263,
    "max_error_ci_upper_val": 17.631741685925043,
    "max_error_samperror_val": 0.13626769131389138,
    "max_error_t_critical_val": 1.965927295920882,
    "max_error_df_val": 399,
    "rho_mean_val": 0.09051737293498974,
    "rho_std_val": 0.11865603674296847,
    "rho_ci_lower_val": 0.0787947963590146,
    "rho_ci_upper_val": 0.10223994951096488,
    "rho_samperror_val": 0.011722576575975134,
    "rho_t_critical_val": 1.9659878660673014,
    "rho_df_val": 395,
    "r2_below_zero_val": 0.6525
  },
  "test_summary": {
    "n_splits_test": 400,
    "mae_mean_test": 6.511622504304646,
    "mae_std_test": 0.43357311400604504,
    "mae_ci_lower_test": 6.469003843324551,
    "mae_ci_upper_test": 6.554241165284741,
    "mae_samperror_test": 0.04261866098009502,
    "mae_t_critical_test": 1.965927295920882,
    "mae_df_test": 399,
    "d2mae_mean_test": 0.010408254810908273,
    "d2mae_std_test": 0.030880741346376788,
    "d2mae_ci_lower_test": 0.007372790194352538,
    "d2mae_ci_upper_test": 0.013443719427464008,
    "d2mae_samperror_test": 0.0030354646165557347,
    "d2mae_t_critical_test": 1.965927295920882,
    "d2mae_df_test": 399,
    "rmse_mean_test": 7.800052433727953,
    "rmse_std_test": 0.5346647682328105,
    "rmse_ci_lower_test": 7.747496830626148,
    "rmse_ci_upper_test": 7.852608036829758,
    "rmse_samperror_test": 0.05255560310180472,
    "rmse_t_critical_test": 1.965927295920882,
    "rmse_df_test": 399,
    "mape_mean_test": 241335752376654.47,
    "mape_std_test": 696279340409341.9,
    "mape_ci_lower_test": 172894024331828.8,
    "mape_ci_upper_test": 309777480421480.1,
    "mape_samperror_test": 68441728044825.64,
    "mape_t_critical_test": 1.965927295920882,
    "mape_df_test": 399,
    "r2_mean_test": -0.005186934560073571,
    "r2_std_test": 0.05019920274477706,
    "r2_ci_lower_test": -0.010121333705544754,
    "r2_ci_upper_test": -0.0002525354146023862,
    "r2_samperror_test": 0.0049343991454711845,
    "r2_t_critical_test": 1.965927295920882,
    "r2_df_test": 399,
    "median_ae_mean_test": 6.167265761910109,
    "median_ae_std_test": 0.6722978553775423,
    "median_ae_ci_lower_test": 6.10118132666632,
    "median_ae_ci_upper_test": 6.233350197153897,
    "median_ae_samperror_test": 0.066084435243789,
    "median_ae_t_critical_test": 1.965927295920882,
    "median_ae_df_test": 399,
    "max_error_mean_test": 16.33548817348115,
    "max_error_std_test": 2.080024853081584,
    "max_error_ci_lower_test": 16.131029291737804,
    "max_error_ci_upper_test": 16.539947055224495,
    "max_error_samperror_test": 0.20445888174334542,
    "max_error_t_critical_test": 1.965927295920882,
    "max_error_df_test": 399,
    "rho_mean_test": 0.1223367873363067,
    "rho_std_test": 0.18390562891758666,
    "rho_ci_lower_test": 0.10416790291275854,
    "rho_ci_upper_test": 0.14050567175985484,
    "rho_samperror_test": 0.018168884423548148,
    "rho_t_critical_test": 1.9659878660673014,
    "rho_df_test": 395,
    "r2_below_zero_test": 0.5425
  },
  "selected_features": [
    "lsc_T6W50",
    "diameter_T6W50",
    "asp_T6W50",
    "z_re_T6W50",
    "z_pe_T6W50",
    "z_l1_T6W50",
    "z_l2_T6W50",
    "z_l3_T6W50",
    "z_lsc_T6W50",
    "z_density_T6W50",
    "z_diameter_T6W50",
    "z_asp_T6W50"
  ]
}