set,r2_mean,r2_std,r2_ci_lower,r2_ci_upper,rmse_mean,rmse_std,rmse_ci_lower,rmse_ci_upper,mae_mean,mae_std,mae_ci_lower,mae_ci_upper,rho_mean,rho_std,rho_ci_lower,rho_ci_upper,r2_below_zero
VALIDATION,-0.011224606917631353,0.031696450544627455,-0.014340252783105823,-0.008108961052156883,3.4651125605564586,0.1593422062389637,3.449449800924587,3.48077532018833,2.856134248598116,0.11370016092423835,2.844957936102538,2.8673105610936935,0.0617430311815181,0.12550864475034193,0.04940598765208139,0.07408007471095482,0.54
