set,r2_mean,r2_std,r2_ci_lower,r2_ci_upper,rmse_mean,rmse_std,rmse_ci_lower,rmse_ci_upper,mae_mean,mae_std,mae_ci_lower,mae_ci_upper,rho_mean,rho_std,rho_ci_lower,rho_ci_upper,r2_below_zero
TEST,-0.011866084159712829,0.05085091440254299,-0.016864544192037607,-0.006867624127388051,3.5412836387442472,0.26151504897621325,3.515577660090426,3.5669896173980686,2.9244631329253705,0.19446312277080038,2.905348114870114,2.943578150980627,0.06276822278462438,0.2017636575123718,0.04293558870320418,0.08260085686604457,0.51
