set,r2_mean,r2_std,r2_ci_lower,r2_ci_upper,rmse_mean,rmse_std,rmse_ci_lower,rmse_ci_upper,mae_mean,mae_std,mae_ci_lower,mae_ci_upper,rho_mean,rho_std,rho_ci_lower,rho_ci_upper,r2_below_zero
VALIDATION,-0.014930109177094728,0.02519200613912571,-0.01740639180249041,-0.012453826551699045,3.473978886549474,0.16949729066132843,3.457317919034687,3.490639854064261,2.886926663304298,0.11315807179613441,2.875803636199408,2.898049690409188,-0.05506862388462391,0.11667766967486909,-0.06653761466653718,-0.04359963310271065,0.805
