set,r2_mean,r2_std,r2_ci_lower,r2_ci_upper,rmse_mean,rmse_std,rmse_ci_lower,rmse_ci_upper,mae_mean,mae_std,mae_ci_lower,mae_ci_upper,rho_mean,rho_std,rho_ci_lower,rho_ci_upper,r2_below_zero
TEST,-0.020085622993445032,0.031185838816003366,-0.02315107758217353,-0.017020168404716533,3.492587109514015,0.2635449715449391,3.466681596850871,3.5184926221771593,2.9190458190884,0.1727367219893444,2.9020664272500625,2.9360252109267373,-0.05742574729925495,0.1936635710993115,-0.0764621723317375,-0.038389322266772406,0.8175
