target,window,set,metric,mean,std,ci_lower,ci_upper,t_critical,df,significant
MOT,T7W50,VALIDATION,R2,-0.009994,0.026863,-0.012634,-0.007353,1.9659,399,True
MOT,T7W50,VALIDATION,RMSE,7.769347,0.345661,7.73537,7.803324,1.9659,399,True
MOT,T7W50,VALIDATION,MAE,6.658882,0.253855,6.633929,6.683835,1.9659,399,True
MOT,T7W50,VALIDATION,rho,0.031582,0.120349,0.019752,0.043412,1.9659,399,True
MOT,T7W50,TEST,R2,-0.010144,0.028957,-0.01299,-0.007297,1.9659,399,True
MOT,T7W50,TEST,RMSE,7.720869,0.490829,7.672623,7.769116,1.9659,399,True
MOT,T7W50,TEST,MAE,6.579978,0.357361,6.54485,6.615105,1.9659,399,True
MOT,T7W50,TEST,rho,0.03849,0.179034,0.020891,0.056088,1.9659,399,True
