set,r2_mean,r2_std,r2_ci_lower,r2_ci_upper,rmse_mean,rmse_std,rmse_ci_lower,rmse_ci_upper,mae_mean,mae_std,mae_ci_lower,mae_ci_upper,rho_mean,rho_std,rho_ci_lower,rho_ci_upper,r2_below_zero
TEST,-0.01014357268846414,0.028956856000674505,-0.012989926369252959,-0.007297219007675321,7.720869497814123,0.49082899001166785,7.672622792359462,7.7691162032687835,6.579977630707558,0.35736088815422373,6.544850354481712,6.615104906933404,0.03848973636353877,0.17903405774720685,0.020891339312303307,0.05608813341477424,0.605
