set,r2_mean,r2_std,r2_ci_lower,r2_ci_upper,rmse_mean,rmse_std,rmse_ci_lower,rmse_ci_upper,mae_mean,mae_std,mae_ci_lower,mae_ci_upper,rho_mean,rho_std,rho_ci_lower,rho_ci_upper,r2_below_zero
VALIDATION,-0.009993666745965236,0.026862551478145508,-0.01263415790541354,-0.007353175586516932,7.769346914099707,0.3456614995674713,7.735369645242275,7.803324182957138,6.658882345525786,0.25385523384560044,6.633929298854314,6.683835392197258,0.031582095764158255,0.12034897622967375,0.019752228893855805,0.043411962634460705,0.67
