{
  "best_trial_number": 259,
  "best_value_internal_minimized": 1.0589139070967286,
  "best_params": {
    "regressor": "QuantileRegressor",
    "use_scaler": false,
    "quantile_alpha": 0.00010165588902908347,
    "rfe_n_features": 2
  },
  "best_metadata": {
    "regressor": "QuantileRegressor",
    "use_scaler": false,
    "rfe_estimator": {
      "mode": "original",
      "type": "QuantileRegressor"
    },
    "n_candidate_features": 22,
    "rfe_n_features": 2,
    "rfe_selected_features": [
      "nodes_T6W40",
      "lcc_T6W40"
    ]
  },
  "validation_summary": {
    "n_splits_val": 400,
    "mae_mean_val": 1.0529773278652792,
    "mae_std_val": 0.05767135099491928,
    "mae_ci_lower_val": 1.0473084437096019,
    "mae_ci_upper_val": 1.0586462120209565,
    "mae_samperror_val": 0.005668884155677287,
    "mae_t_critical_val": 1.965927295920882,
    "mae_df_val": 399,
    "d2mae_mean_val": 0.006319897025518666,
    "d2mae_std_val": 0.021998759776972434,
    "d2mae_ci_lower_val": 0.0041574989094208415,
    "d2mae_ci_upper_val": 0.00848229514161649,
    "d2mae_samperror_val": 0.0021623981160978243,
    "d2mae_t_critical_val": 1.965927295920882,
    "d2mae_df_val": 399,
    "rmse_mean_val": 1.375523933810743,
    "rmse_std_val": 0.07729843169479446,
    "rmse_ci_lower_val": 1.3679257789707093,
    "rmse_ci_upper_val": 1.3831220886507767,
    "rmse_samperror_val": 0.007598154840033614,
    "rmse_t_critical_val": 1.965927295920882,
    "rmse_df_val": 399,
    "mape_mean_val": 359484945987971.6,
    "mape_std_val": 262051482703215.56,
    "mape_ci_lower_val": 333726237848832.1,
    "mape_ci_upper_val": 385243654127111.1,
    "mape_samperror_val": 25758708139139.516,
    "mape_t_critical_val": 1.965927295920882,
    "mape_df_val": 399,
    "r2_mean_val": 0.00778193561115723,
    "r2_std_val": 0.04228629982671572,
    "r2_ci_lower_val": 0.003625346057515485,
    "r2_ci_upper_val": 0.011938525164798975,
    "r2_samperror_val": 0.004156589553641745,
    "r2_t_critical_val": 1.965927295920882,
    "r2_df_val": 399,
    "median_ae_mean_val": 1.0002832650051368,
    "median_ae_std_val": 0.006245584331489189,
    "median_ae_ci_lower_val": 0.9996693467693243,
    "median_ae_ci_upper_val": 1.0008971832409492,
    "median_ae_samperror_val": 0.0006139182358125185,
    "median_ae_t_critical_val": 1.965927295920882,
    "median_ae_df_val": 399,
    "max_error_mean_val": 3.1550542203411713,
    "max_error_std_val": 0.2700863843364666,
    "max_error_ci_lower_val": 3.1285057105799896,
    "max_error_ci_upper_val": 3.181602730102353,
    "max_error_samperror_val": 0.02654850976118189,
    "max_error_t_critical_val": 1.965927295920882,
    "max_error_df_val": 399,
    "rho_mean_val": 0.06962485719028129,
    "rho_std_val": 0.1327076917848407,
    "rho_ci_lower_val": 0.056095043710597314,
    "rho_ci_upper_val": 0.08315467066996526,
    "rho_samperror_val": 0.013529813479683975,
    "rho_t_critical_val": 1.9663788029858804,
    "rho_df_val": 371,
    "r2_below_zero_val": 0.3475
  },
  "test_summary": {
    "n_splits_test": 400,
    "mae_mean_test": 1.0117747334776177,
    "mae_std_test": 0.08122442292839482,
    "mae_ci_lower_test": 1.0037906679711,
    "mae_ci_upper_test": 1.0197587989841355,
    "mae_samperror_test": 0.007984065506517667,
    "mae_t_critical_test": 1.965927295920882,
    "mae_df_test": 399,
    "d2mae_mean_test": 0.00447869182552673,
    "d2mae_std_test": 0.03203688063888705,
    "d2mae_ci_lower_test": 0.001329582919319366,
    "d2mae_ci_upper_test": 0.007627800731734094,
    "d2mae_samperror_test": 0.003149108906207364,
    "d2mae_t_critical_test": 1.965927295920882,
    "d2mae_df_test": 399,
    "rmse_mean_test": 1.3338540053194807,
    "rmse_std_test": 0.11434380169602627,
    "rmse_ci_lower_test": 1.3226144252758016,
    "rmse_ci_upper_test": 1.3450935853631598,
    "rmse_samperror_test": 0.011239580043679125,
    "rmse_t_critical_test": 1.965927295920882,
    "rmse_df_test": 399,
    "mape_mean_test": 368756825997939.06,
    "mape_std_test": 392151545498499.25,
    "mape_ci_lower_test": 330209754626286.1,
    "mape_ci_upper_test": 407303897369592.0,
    "mape_samperror_test": 38547071371652.96,
    "mape_t_critical_test": 1.965927295920882,
    "mape_df_test": 399,
    "r2_mean_test": 0.0005024712742413792,
    "r2_std_test": 0.06669414394690236,
    "r2_ci_lower_test": -0.006053320628923211,
    "r2_ci_upper_test": 0.007058263177405969,
    "r2_samperror_test": 0.00655579190316459,
    "r2_t_critical_test": 1.965927295920882,
    "r2_df_test": 399,
    "median_ae_mean_test": 0.9987935137383086,
    "median_ae_std_test": 0.013958668355364587,
    "median_ae_ci_lower_test": 0.9974214273815827,
    "median_ae_ci_upper_test": 1.0001656000950345,
    "median_ae_samperror_test": 0.0013720863567259144,
    "median_ae_t_critical_test": 1.965927295920882,
    "median_ae_df_test": 399,
    "max_error_mean_test": 2.9879998930707505,
    "max_error_std_test": 0.3626824737344368,
    "max_error_ci_lower_test": 2.9523495243274187,
    "max_error_ci_upper_test": 3.0236502618140824,
    "max_error_samperror_test": 0.035650368743331884,
    "max_error_t_critical_test": 1.965927295920882,
    "max_error_df_test": 399,
    "rho_mean_test": 0.0753459275670307,
    "rho_std_test": 0.187223614911554,
    "rho_ci_lower_test": 0.05625810715001653,
    "rho_ci_upper_test": 0.09443374798404486,
    "rho_samperror_test": 0.019087820417014165,
    "rho_t_critical_test": 1.9663788029858804,
    "rho_df_test": 371,
    "r2_below_zero_test": 0.41
  },
  "selected_features": [
    "nodes_T6W40",
    "lcc_T6W40"
  ]
}