{
  "mean_abs_shap": {
    "nodes_T6W40": 3.4602455367784892,
    "lcc_T6W40": 3.4772174948378867
  },
  "mean_shap": {
    "nodes_T6W40": -0.27263407604817425,
    "lcc_T6W40": 0.2557342091116016
  },
  "regressor": "QuantileRegressor",
  "n_subjects": 252,
  "n_features": 2
}