target,window,set,metric,mean,std,ci_lower,ci_upper,t_critical,df,significant
COG,T6W150,VALIDATION,R2,-0.00566,0.063701,-0.011921,0.000602,1.9659,399,False
COG,T6W150,VALIDATION,RMSE,2.247216,0.190919,2.228449,2.265982,1.9659,399,True
COG,T6W150,VALIDATION,MAE,1.750045,0.126804,1.737581,1.762509,1.9659,399,True
COG,T6W150,VALIDATION,rho,0.130919,0.124138,0.118716,0.143121,1.9659,399,True
COG,T6W150,TEST,R2,-0.007202,0.05444,-0.012553,-0.001851,1.9659,399,True
COG,T6W150,TEST,RMSE,2.171734,0.272695,2.144929,2.198539,1.9659,399,True
COG,T6W150,TEST,MAE,1.686969,0.187055,1.668582,1.705356,1.9659,399,True
COG,T6W150,TEST,rho,0.121971,0.193332,0.102967,0.140975,1.9659,399,True
