set,r2_mean,r2_std,r2_ci_lower,r2_ci_upper,rmse_mean,rmse_std,rmse_ci_lower,rmse_ci_upper,mae_mean,mae_std,mae_ci_lower,mae_ci_upper,rho_mean,rho_std,rho_ci_lower,rho_ci_upper,r2_below_zero
TEST,-0.0072021450701015895,0.054440063233035234,-0.012553405385175728,-0.0018508847550274508,2.171734388953054,0.27269535155184155,2.1449294271987287,2.1985393507073794,1.686969173351396,0.1870552188923228,1.6685823253181524,1.7053560213846397,0.12197088922900452,0.19333207149060652,0.102967049402989,0.14097472905502006,0.4525
