set,r2_mean,r2_std,r2_ci_lower,r2_ci_upper,rmse_mean,rmse_std,rmse_ci_lower,rmse_ci_upper,mae_mean,mae_std,mae_ci_lower,mae_ci_upper,rho_mean,rho_std,rho_ci_lower,rho_ci_upper,r2_below_zero
VALIDATION,-0.005659621841095543,0.06370059484413,-0.011921158749619151,0.0006019150674280646,2.2472157001445057,0.19091946278238578,2.2284490109841837,2.2659823893048276,1.7500450790487303,0.12680413035003935,1.7375806939941978,1.7625094641032628,0.1309187272569471,0.12413825497059464,0.11871638806121318,0.143121066452681,0.3775
