target,window,set,metric,mean,std,ci_lower,ci_upper,t_critical,df,significant
MOT_V4,T6W150,VALIDATION,R2,-0.002724,0.032184,-0.005888,0.000439,1.9659,399,False
MOT_V4,T6W150,VALIDATION,RMSE,3.452922,0.173856,3.435832,3.470011,1.9659,399,True
MOT_V4,T6W150,VALIDATION,MAE,2.856507,0.116894,2.845017,2.867997,1.9659,399,True
MOT_V4,T6W150,VALIDATION,rho,0.10376,0.124184,0.091553,0.115967,1.9659,399,True
MOT_V4,T6W150,TEST,R2,-0.00802,0.043475,-0.012294,-0.003747,1.9659,399,True
MOT_V4,T6W150,TEST,RMSE,3.471226,0.26386,3.445289,3.497162,1.9659,399,True
MOT_V4,T6W150,TEST,MAE,2.883818,0.175681,2.866549,2.901086,1.9659,399,True
MOT_V4,T6W150,TEST,rho,0.110027,0.197931,0.090571,0.129483,1.9659,399,True
