set,r2_mean,r2_std,r2_ci_lower,r2_ci_upper,rmse_mean,rmse_std,rmse_ci_lower,rmse_ci_upper,mae_mean,mae_std,mae_ci_lower,mae_ci_upper,rho_mean,rho_std,rho_ci_lower,rho_ci_upper,r2_below_zero
TEST,-0.00802025589129805,0.04347455326463334,-0.012293646438343499,-0.0037468653442526015,3.471225944478814,0.263860231613372,3.445289442896977,3.4971624460606505,2.8838176869759438,0.17568085128839492,2.86654889793002,2.9010864760218675,0.11002683557273547,0.19793116836253447,0.09057092124286456,0.1294827499026064,0.485
