set,r2_mean,r2_std,r2_ci_lower,r2_ci_upper,rmse_mean,rmse_std,rmse_ci_lower,rmse_ci_upper,mae_mean,mae_std,mae_ci_lower,mae_ci_upper,rho_mean,rho_std,rho_ci_lower,rho_ci_upper,r2_below_zero
VALIDATION,-0.0027242237299047634,0.03218403029311179,-0.005887796912203413,0.0004393494523938866,3.4529216217472385,0.1738555081917024,3.4358322572922253,3.4700109862022517,2.8565071999792018,0.11689381180206682,2.8450169632119056,2.867997436746498,0.1037599652415499,0.12418366569908663,0.0915531623362825,0.1159667681468173,0.405
