target,window,set,metric,mean,std,ci_lower,ci_upper,t_critical,df,significant
COG_V1,T2W10,VALIDATION,R2,0.006139,0.043049,0.001907,0.01037,1.9659,399,True
COG_V1,T2W10,VALIDATION,RMSE,1.340231,0.076011,1.332759,1.347702,1.9659,399,True
COG_V1,T2W10,VALIDATION,MAE,1.050564,0.056187,1.045041,1.056087,1.9659,399,True
COG_V1,T2W10,VALIDATION,rho,0.125007,0.120471,0.113165,0.136849,1.9659,399,True
COG_V1,T2W10,TEST,R2,0.009486,0.061264,0.003464,0.015508,1.9659,399,True
COG_V1,T2W10,TEST,RMSE,1.346592,0.111235,1.335658,1.357526,1.9659,399,True
COG_V1,T2W10,TEST,MAE,1.063232,0.087096,1.054671,1.071793,1.9659,399,True
COG_V1,T2W10,TEST,rho,0.138919,0.196576,0.119596,0.158242,1.9659,399,True
