set,r2_mean,r2_std,r2_ci_lower,r2_ci_upper,rmse_mean,rmse_std,rmse_ci_lower,rmse_ci_upper,mae_mean,mae_std,mae_ci_lower,mae_ci_upper,rho_mean,rho_std,rho_ci_lower,rho_ci_upper,r2_below_zero
VALIDATION,0.006138521734741102,0.04304901538440445,0.0019069600144051681,0.010370083455077037,1.3402307358719077,0.07601074177494056,1.33275915626998,1.3477023154738352,1.0505642767317986,0.056187447832144966,1.0450412548627315,1.0560872986008658,0.12500688539273652,0.12047135166711831,0.11316498946179294,0.13684878132368009,0.3625
