set,r2_mean,r2_std,r2_ci_lower,r2_ci_upper,rmse_mean,rmse_std,rmse_ci_lower,rmse_ci_upper,mae_mean,mae_std,mae_ci_lower,mae_ci_upper,rho_mean,rho_std,rho_ci_lower,rho_ci_upper,r2_below_zero
TEST,0.009485947205678125,0.06126381080681764,0.00346393730981535,0.0155079571015409,1.3465915359256357,0.11123514833494373,1.335657525206762,1.3575255466445095,1.063231913751072,0.08709558806750567,1.0546707340542625,1.0717930934478814,0.13891908958700638,0.1965763174823464,0.11959635217349868,0.1582418270005141,0.39
