{
  "best_trial_number": 188,
  "best_value_internal_minimized": 1.0645655483457326,
  "best_params": {
    "regressor": "QuantileRegressor",
    "use_scaler": true,
    "quantile_alpha": 0.009610996297600935,
    "rfe_n_features": 4
  },
  "best_metadata": {
    "regressor": "QuantileRegressor",
    "use_scaler": true,
    "rfe_estimator": {
      "mode": "original",
      "type": "QuantileRegressor"
    },
    "n_candidate_features": 22,
    "rfe_n_features": 4,
    "rfe_selected_features": [
      "edges_T6W30",
      "z_density_T6W30",
      "z_diameter_T6W30",
      "z_asp_T6W30"
    ]
  },
  "validation_summary": {
    "n_splits_val": 400,
    "mae_mean_val": 1.058734739559612,
    "mae_std_val": 0.0570976290842658,
    "mae_ci_lower_val": 1.0531222501821558,
    "mae_ci_upper_val": 1.0643472289370683,
    "mae_samperror_val": 0.005612489377456209,
    "mae_t_critical_val": 1.965927295920882,
    "mae_df_val": 399,
    "d2mae_mean_val": 0.000802917234730176,
    "d2mae_std_val": 0.02384718479912618,
    "d2mae_ci_lower_val": -0.0015411743416434086,
    "d2mae_ci_upper_val": 0.0031470088111037607,
    "d2mae_samperror_val": 0.0023440915763735847,
    "d2mae_t_critical_val": 1.965927295920882,
    "d2mae_df_val": 399,
    "rmse_mean_val": 1.3893506580451116,
    "rmse_std_val": 0.08265316865366885,
    "rmse_ci_lower_val": 1.3812261520275817,
    "rmse_ci_upper_val": 1.3974751640626415,
    "rmse_samperror_val": 0.008124506017529991,
    "rmse_t_critical_val": 1.965927295920882,
    "rmse_df_val": 399,
    "mape_mean_val": 364754446850511.4,
    "mape_std_val": 265349004529237.12,
    "mape_ci_lower_val": 338671604303038.3,
    "mape_ci_upper_val": 390837289397984.44,
    "mape_samperror_val": 26082842547473.05,
    "mape_t_critical_val": 1.965927295920882,
    "mape_df_val": 399,
    "r2_mean_val": -0.013455481690275026,
    "r2_std_val": 0.07394617477355983,
    "r2_ci_lower_val": -0.020724121861088896,
    "r2_ci_upper_val": -0.006186841519461156,
    "r2_samperror_val": 0.007268640170813871,
    "r2_t_critical_val": 1.965927295920882,
    "r2_df_val": 399,
    "median_ae_mean_val": 1.0001485765152303,
    "median_ae_std_val": 0.004246606949715053,
    "median_ae_ci_lower_val": 0.9997311504893557,
    "median_ae_ci_upper_val": 1.000566002541105,
    "median_ae_samperror_val": 0.00041742602587460697,
    "median_ae_t_critical_val": 1.965927295920882,
    "median_ae_df_val": 399,
    "max_error_mean_val": 3.329057843265495,
    "max_error_std_val": 0.6187004391421476,
    "max_error_ci_lower_val": 3.2682418392001056,
    "max_error_ci_upper_val": 3.3898738473308843,
    "max_error_samperror_val": 0.06081600406538922,
    "max_error_t_critical_val": 1.965927295920882,
    "max_error_df_val": 399,
    "rho_mean_val": 0.12489079772285816,
    "rho_std_val": 0.12690899827829646,
    "rho_ci_lower_val": 0.1109330173535621,
    "rho_ci_upper_val": 0.1388485780921542,
    "rho_samperror_val": 0.01395778036929605,
    "rho_t_critical_val": 1.9674283869023719,
    "rho_df_val": 319,
    "r2_below_zero_val": 0.46
  },
  "test_summary": {
    "n_splits_test": 400,
    "mae_mean_test": 1.0222710723548933,
    "mae_std_test": 0.08505196973417904,
    "mae_ci_lower_test": 1.0139107729112804,
    "mae_ci_upper_test": 1.0306313717985063,
    "mae_samperror_test": 0.008360299443612966,
    "mae_t_critical_test": 1.965927295920882,
    "mae_df_test": 399,
    "d2mae_mean_test": -0.00585307711541136,
    "d2mae_std_test": 0.03912389904151741,
    "d2mae_ci_lower_test": -0.009698814167839956,
    "d2mae_ci_upper_test": -0.0020073400629827647,
    "d2mae_samperror_test": 0.0038457370524285954,
    "d2mae_t_critical_test": 1.965927295920882,
    "d2mae_df_test": 399,
    "rmse_mean_test": 1.354504130699946,
    "rmse_std_test": 0.13309513176053048,
    "rmse_ci_lower_test": 1.3414213630758351,
    "rmse_ci_upper_test": 1.3675868983240567,
    "rmse_samperror_test": 0.01308276762411066,
    "rmse_t_critical_test": 1.965927295920882,
    "rmse_df_test": 399,
    "mape_mean_test": 375392757189775.5,
    "mape_std_test": 399958165606545.75,
    "mape_ci_lower_test": 336078323440157.9,
    "mape_ci_upper_test": 414707190939393.1,
    "mape_samperror_test": 39314433749617.64,
    "mape_t_critical_test": 1.965927295920882,
    "mape_df_test": 399,
    "r2_mean_test": -0.033371494355146435,
    "r2_std_test": 0.13222597480952228,
    "r2_ci_lower_test": -0.046368827010535775,
    "r2_ci_upper_test": -0.020374161699757094,
    "r2_samperror_test": 0.01299733265538934,
    "r2_t_critical_test": 1.965927295920882,
    "r2_df_test": 399,
    "median_ae_mean_test": 0.9974112674360158,
    "median_ae_std_test": 0.011835016376244937,
    "median_ae_ci_lower_test": 0.9962479283489293,
    "median_ae_ci_upper_test": 0.9985746065231024,
    "median_ae_samperror_test": 0.001163339087086528,
    "median_ae_t_critical_test": 1.965927295920882,
    "median_ae_df_test": 399,
    "max_error_mean_test": 3.133932069674387,
    "max_error_std_test": 0.6344876073479778,
    "max_error_ci_lower_test": 3.071564244363941,
    "max_error_ci_upper_test": 3.1962998949848327,
    "max_error_samperror_test": 0.062367825310446025,
    "max_error_t_critical_test": 1.965927295920882,
    "max_error_df_test": 399,
    "rho_mean_test": 0.1102225802606351,
    "rho_std_test": 0.18264346049635835,
    "rho_ci_lower_test": 0.0901349793648652,
    "rho_ci_upper_test": 0.130310181156405,
    "rho_samperror_test": 0.020087600895769903,
    "rho_t_critical_test": 1.9674283869023719,
    "rho_df_test": 319,
    "r2_below_zero_test": 0.5425
  },
  "selected_features": [
    "edges_T6W30",
    "z_density_T6W30",
    "z_diameter_T6W30",
    "z_asp_T6W30"
  ]
}