{
  "mean_abs_shap": {
    "edges_T6W30": 0.08319158917592488,
    "z_density_T6W30": 0.0,
    "z_diameter_T6W30": 0.0,
    "z_asp_T6W30": 0.0
  },
  "mean_shap": {
    "edges_T6W30": -0.018447699857738937,
    "z_density_T6W30": 0.0,
    "z_diameter_T6W30": 0.0,
    "z_asp_T6W30": 0.0
  },
  "regressor": "QuantileRegressor",
  "n_subjects": 252,
  "n_features": 4
}