set,r2_mean,r2_std,r2_ci_lower,r2_ci_upper,rmse_mean,rmse_std,rmse_ci_lower,rmse_ci_upper,mae_mean,mae_std,mae_ci_lower,mae_ci_upper,rho_mean,rho_std,rho_ci_lower,rho_ci_upper,r2_below_zero
TEST,-0.020895975954081315,0.047351659183077106,-0.025550471918839014,-0.016241479989323616,2.2364230315891427,0.2809654128612687,2.2088051528714603,2.264040910306825,1.7745953589787573,0.191212065366106,1.7557999080481255,1.7933908099093891,0.0298662709830968,0.19921143154873705,0.010284511436039975,0.04944803053015362,0.64
