set,r2_mean,r2_std,r2_ci_lower,r2_ci_upper,rmse_mean,rmse_std,rmse_ci_lower,rmse_ci_upper,mae_mean,mae_std,mae_ci_lower,mae_ci_upper,rho_mean,rho_std,rho_ci_lower,rho_ci_upper,r2_below_zero
VALIDATION,-0.008690374596174267,0.030594161249952918,-0.011697669431028635,-0.005683079761319898,2.2381696623246956,0.1816569321193439,2.220313446257362,2.256025878392029,1.741690188492746,0.11753144696674742,1.7301372745066956,1.7532431024787964,0.06569811203770273,0.12023122407874405,0.053879819775783586,0.07751640429962188,0.535
