target,window,set,metric,mean,std,ci_lower,ci_upper,t_critical,df,significant
MOT,T6W40,VALIDATION,R2,-0.01327,0.024895,-0.015718,-0.010823,1.9659,399,True
MOT,T6W40,VALIDATION,RMSE,7.647769,0.321407,7.616176,7.679362,1.9659,399,True
MOT,T6W40,VALIDATION,MAE,6.521491,0.247233,6.497189,6.545793,1.9659,399,True
MOT,T6W40,VALIDATION,rho,-0.083056,0.125261,-0.095369,-0.070743,1.9659,399,True
MOT,T6W40,TEST,R2,-0.011758,0.021223,-0.013844,-0.009672,1.9659,399,True
MOT,T6W40,TEST,RMSE,7.826032,0.482521,7.778602,7.873462,1.9659,399,True
MOT,T6W40,TEST,MAE,6.708998,0.36769,6.672855,6.74514,1.9659,399,True
MOT,T6W40,TEST,rho,-0.0653,0.175262,-0.082528,-0.048073,1.9659,399,True
