set,r2_mean,r2_std,r2_ci_lower,r2_ci_upper,rmse_mean,rmse_std,rmse_ci_lower,rmse_ci_upper,mae_mean,mae_std,mae_ci_lower,mae_ci_upper,rho_mean,rho_std,rho_ci_lower,rho_ci_upper,r2_below_zero
TEST,-0.011758334134706297,0.021222687553435576,-0.013844447172411265,-0.009672221097001329,7.826032167419751,0.48252102594126933,7.778602104632066,7.873462230207435,6.708997729782028,0.36768998477287446,6.672855140906941,6.745140318657114,-0.06530014849308775,0.17526162931458045,-0.08252772954294281,-0.0480725674432327,0.7775
