set,r2_mean,r2_std,r2_ci_lower,r2_ci_upper,rmse_mean,rmse_std,rmse_ci_lower,rmse_ci_upper,mae_mean,mae_std,mae_ci_lower,mae_ci_upper,rho_mean,rho_std,rho_ci_lower,rho_ci_upper,r2_below_zero
VALIDATION,-0.013270471072365515,0.024895456314558615,-0.015717603928025348,-0.010823338216705683,7.647768977499198,0.32140685108630884,7.616175852416871,7.679362102581526,6.521490731541052,0.24723323968717145,6.497188602823054,6.545792860259049,-0.08305605371895489,0.12526132238992527,-0.09536878635942986,-0.07074332107847991,0.83
