set,r2_mean,r2_std,r2_ci_lower,r2_ci_upper,rmse_mean,rmse_std,rmse_ci_lower,rmse_ci_upper,mae_mean,mae_std,mae_ci_lower,mae_ci_upper,rho_mean,rho_std,rho_ci_lower,rho_ci_upper,r2_below_zero
VALIDATION,-0.01724182260245172,0.03516085553356651,-0.02069800688452018,-0.013785638320383261,1.3469135659126181,0.07800646104795776,1.3392458143609998,1.3545813174642365,1.0369906168722232,0.056355595447413295,1.031451066703826,1.0425301670406204,-0.09334657369559025,0.12262265991335813,-0.10539993540669496,-0.08129321198448555,0.8575
