set,r2_mean,r2_std,r2_ci_lower,r2_ci_upper,rmse_mean,rmse_std,rmse_ci_lower,rmse_ci_upper,mae_mean,mae_std,mae_ci_lower,mae_ci_upper,rho_mean,rho_std,rho_ci_lower,rho_ci_upper,r2_below_zero
TEST,-0.018216587804436517,0.03278255584141694,-0.021438993872371123,-0.01499418173650191,1.3550973708828218,0.11304765758705172,1.3439851970933068,1.3662095446723368,1.0408304548847591,0.08155807352857823,1.0328135927371314,1.0488473170323869,-0.09897671766165289,0.19611726283416567,-0.1182543316720017,-0.07969910365130409,0.8025
