target,window,set,metric,mean,std,ci_lower,ci_upper,t_critical,df,significant
COG_V1,T2W10,VALIDATION,R2,-0.010381,0.044953,-0.014799,-0.005962,1.9659,399,True
COG_V1,T2W10,VALIDATION,RMSE,1.351407,0.078406,1.3437,1.359114,1.9659,399,True
COG_V1,T2W10,VALIDATION,MAE,1.054983,0.059568,1.049128,1.060838,1.9659,399,True
COG_V1,T2W10,VALIDATION,rho,0.094635,0.115123,0.083319,0.105951,1.9659,399,True
COG_V1,T2W10,TEST,R2,-0.006739,0.058624,-0.012502,-0.000977,1.9659,399,True
COG_V1,T2W10,TEST,RMSE,1.358058,0.116232,1.346633,1.369483,1.9659,399,True
COG_V1,T2W10,TEST,MAE,1.069118,0.090365,1.060235,1.078,1.9659,399,True
COG_V1,T2W10,TEST,rho,0.108842,0.191529,0.090015,0.127669,1.9659,399,True
