set,r2_mean,r2_std,r2_ci_lower,r2_ci_upper,rmse_mean,rmse_std,rmse_ci_lower,rmse_ci_upper,mae_mean,mae_std,mae_ci_lower,mae_ci_upper,rho_mean,rho_std,rho_ci_lower,rho_ci_upper,r2_below_zero
VALIDATION,-0.010380626329462522,0.04495310513728908,-0.014799353150752413,-0.00596189950817263,1.3514071609181866,0.07840587536387233,1.3437001483912663,1.3591141734451069,1.0549828682699585,0.0595678366996142,1.049127566463622,1.060838170076295,0.09463505430054221,0.11512270808476455,0.08331891059033371,0.10595119801075072,0.54
