set,r2_mean,r2_std,r2_ci_lower,r2_ci_upper,rmse_mean,rmse_std,rmse_ci_lower,rmse_ci_upper,mae_mean,mae_std,mae_ci_lower,mae_ci_upper,rho_mean,rho_std,rho_ci_lower,rho_ci_upper,r2_below_zero
TEST,-0.0067392869048681055,0.05862401960930292,-0.012501814922194588,-0.0009767588875416238,1.3580579896019345,0.11623220573380834,1.3466327863060752,1.3694831928977937,1.0691179380685008,0.09036473623804628,1.0602354129905474,1.0780004631464541,0.10884197170429809,0.19152942088449004,0.09001532587986119,0.12766861752873498,0.55
