set,r2_mean,r2_std,r2_ci_lower,r2_ci_upper,rmse_mean,rmse_std,rmse_ci_lower,rmse_ci_upper,mae_mean,mae_std,mae_ci_lower,mae_ci_upper,rho_mean,rho_std,rho_ci_lower,rho_ci_upper,r2_below_zero
TEST,0.001146801725236954,0.049407356487007545,-0.0037097618116181353,0.0060033652620920435,7.652076475958983,0.5314575779797299,7.599836128000266,7.704316823917701,6.544944970419752,0.4382645041821208,6.5018651628395085,6.588024777999995,0.08882061556301837,0.20292557319926066,0.0688737693933775,0.10876746173265925,0.3775
