set,r2_mean,r2_std,r2_ci_lower,r2_ci_upper,rmse_mean,rmse_std,rmse_ci_lower,rmse_ci_upper,mae_mean,mae_std,mae_ci_lower,mae_ci_upper,rho_mean,rho_std,rho_ci_lower,rho_ci_upper,r2_below_zero
VALIDATION,0.0019104432948259856,0.036006064053016006,-0.0016288219121990055,0.005449708501850977,7.72352609126764,0.3467837581248823,7.689438508473653,7.757613674061627,6.5779185627827665,0.2805690246976939,6.5503396475806115,6.605497477984922,0.091550593664527,0.12921051035225006,0.0788496702034592,0.1042515171255948,0.335
