{
  "best_trial_number": 190,
  "best_value_internal_minimized": 6.306923562779037,
  "best_params": {
    "regressor": "KNeighborsRegressor",
    "knn_n_neighbors": 10,
    "knn_weights": "distance",
    "knn_metric": "euclidean",
    "rfe_proxy_type": "ExtraTrees",
    "rfe_proxy_et_n_estimators": 60,
    "rfe_proxy_et_max_depth": 3,
    "rfe_proxy_et_min_samples_split": 11,
    "rfe_proxy_et_min_samples_leaf": 1,
    "rfe_n_features": 12
  },
  "best_metadata": {
    "regressor": "KNeighborsRegressor",
    "use_scaler": true,
    "rfe_estimator": {
      "mode": "proxy",
      "type": "ExtraTrees"
    },
    "n_candidate_features": 22,
    "rfe_n_features": 12,
    "rfe_selected_features": [
      "edges_T2W20",
      "pe_T2W20",
      "l1_T2W20",
      "l2_T2W20",
      "lsc_T2W20",
      "z_re_T2W20",
      "z_pe_T2W20",
      "z_l1_T2W20",
      "z_l2_T2W20",
      "z_density_T2W20",
      "z_diameter_T2W20",
      "z_asp_T2W20"
    ]
  },
  "validation_summary": {
    "n_splits_val": 400,
    "mae_mean_val": 6.351893757310493,
    "mae_std_val": 0.38399565800071145,
    "mae_ci_lower_val": 6.314148380031558,
    "mae_ci_upper_val": 6.389639134589428,
    "mae_samperror_val": 0.03774537727893492,
    "mae_t_critical_val": 1.965927295920882,
    "mae_df_val": 399,
    "d2mae_mean_val": 0.031138080731803398,
    "d2mae_std_val": 0.04982184440734751,
    "d2mae_ci_lower_val": 0.02624077453912702,
    "d2mae_ci_upper_val": 0.03603538692447978,
    "d2mae_samperror_val": 0.00489730619267638,
    "d2mae_t_critical_val": 1.965927295920882,
    "d2mae_df_val": 399,
    "rmse_mean_val": 7.698221477638333,
    "rmse_std_val": 0.441222974650388,
    "rmse_ci_lower_val": 7.654850863165702,
    "rmse_ci_upper_val": 7.741592092110963,
    "rmse_samperror_val": 0.04337061447263026,
    "rmse_t_critical_val": 1.965927295920882,
    "rmse_df_val": 399,
    "mape_mean_val": 286550438447831.6,
    "mape_std_val": 605529807675585.6,
    "mape_ci_lower_val": 227029059577673.84,
    "mape_ci_upper_val": 346071817317989.44,
    "mape_samperror_val": 59521378870157.79,
    "mape_t_critical_val": 1.965927295920882,
    "mape_df_val": 399,
    "r2_mean_val": 0.0045762340956470885,
    "r2_std_val": 0.09234127855413152,
    "r2_ci_lower_val": -0.0045005779068429475,
    "r2_ci_upper_val": 0.013653046098137125,
    "r2_samperror_val": 0.009076812002490036,
    "r2_t_critical_val": 1.965927295920882,
    "r2_df_val": 399,
    "median_ae_mean_val": 5.815173780032325,
    "median_ae_std_val": 0.5774516545831208,
    "median_ae_ci_lower_val": 5.758412381541343,
    "median_ae_ci_upper_val": 5.871935178523306,
    "median_ae_samperror_val": 0.05676139849098169,
    "median_ae_t_critical_val": 1.965927295920882,
    "median_ae_df_val": 399,
    "max_error_mean_val": 17.653627253847205,
    "max_error_std_val": 1.6392406821454406,
    "max_error_ci_lower_val": 17.49249585376652,
    "max_error_ci_upper_val": 17.81475865392789,
    "max_error_samperror_val": 0.1611314000806844,
    "max_error_t_critical_val": 1.965927295920882,
    "max_error_df_val": 399,
    "rho_mean_val": 0.18406320701850873,
    "rho_std_val": 0.1299456477702661,
    "rho_ci_lower_val": 0.1712900222216244,
    "rho_ci_upper_val": 0.19683639181539306,
    "rho_samperror_val": 0.012773184796884331,
    "rho_t_critical_val": 1.965927295920882,
    "rho_df_val": 399,
    "r2_below_zero_val": 0.415
  },
  "test_summary": {
    "n_splits_test": 400,
    "mae_mean_test": 6.39424961591836,
    "mae_std_test": 0.5919477231873757,
    "mae_ci_lower_test": 6.336063306579746,
    "mae_ci_upper_test": 6.4524359252569745,
    "mae_samperror_test": 0.05818630933861401,
    "mae_t_critical_test": 1.965927295920882,
    "mae_df_test": 399,
    "d2mae_mean_test": 0.0186998166710037,
    "d2mae_std_test": 0.07326645286500202,
    "d2mae_ci_lower_test": 0.011497990692873293,
    "d2mae_ci_upper_test": 0.02590164264913411,
    "d2mae_samperror_test": 0.007201825978130409,
    "d2mae_t_critical_test": 1.965927295920882,
    "d2mae_df_test": 399,
    "rmse_mean_test": 7.709931218574748,
    "rmse_std_test": 0.6807472918298207,
    "rmse_ci_lower_test": 7.643016234443125,
    "rmse_ci_upper_test": 7.776846202706371,
    "rmse_samperror_test": 0.06691498413162315,
    "rmse_t_critical_test": 1.965927295920882,
    "rmse_df_test": 399,
    "mape_mean_test": 389609440486961.4,
    "mape_std_test": 1048732096674958.6,
    "mape_ci_lower_test": 286522887738879.44,
    "mape_ci_upper_test": 492695993235043.3,
    "mape_samperror_test": 103086552748081.92,
    "mape_t_critical_test": 1.965927295920882,
    "mape_df_test": 399,
    "r2_mean_test": -0.009222168953997712,
    "r2_std_test": 0.13058636011647037,
    "r2_ci_lower_test": -0.022058333445393867,
    "r2_ci_upper_test": 0.0036139955373984435,
    "r2_samperror_test": 0.012836164491396155,
    "r2_t_critical_test": 1.965927295920882,
    "r2_df_test": 399,
    "median_ae_mean_test": 5.853486906236217,
    "median_ae_std_test": 0.8584494571554654,
    "median_ae_ci_lower_test": 5.769104445236697,
    "median_ae_ci_upper_test": 5.937869367235737,
    "median_ae_samperror_test": 0.08438246099951967,
    "median_ae_t_critical_test": 1.965927295920882,
    "median_ae_df_test": 399,
    "max_error_mean_test": 16.42992916798036,
    "max_error_std_test": 2.1797212740388447,
    "max_error_ci_lower_test": 16.21567049047374,
    "max_error_ci_upper_test": 16.644187845486982,
    "max_error_samperror_test": 0.21425867750662028,
    "max_error_t_critical_test": 1.965927295920882,
    "max_error_df_test": 399,
    "rho_mean_test": 0.16488140066593815,
    "rho_std_test": 0.19781057885655434,
    "rho_ci_lower_test": 0.14543733984613763,
    "rho_ci_upper_test": 0.18432546148573867,
    "rho_samperror_test": 0.019444060819800515,
    "rho_t_critical_test": 1.965927295920882,
    "rho_df_test": 399,
    "r2_below_zero_test": 0.4875
  },
  "selected_features": [
    "edges_T2W20",
    "pe_T2W20",
    "l1_T2W20",
    "l2_T2W20",
    "lsc_T2W20",
    "z_re_T2W20",
    "z_pe_T2W20",
    "z_l1_T2W20",
    "z_l2_T2W20",
    "z_density_T2W20",
    "z_diameter_T2W20",
    "z_asp_T2W20"
  ]
}