{
  "best_trial_number": 220,
  "best_value_internal_minimized": 6.429961267143789,
  "best_params": {
    "regressor": "XGBRegressor",
    "use_scaler": false,
    "xgb_n_estimators": 473,
    "xgb_max_depth": 2,
    "xgb_learning_rate": 0.009019282545016091,
    "xgb_subsample": 0.535517444522001,
    "xgb_colsample_bytree": 0.6053965507750143,
    "xgb_reg_alpha": 1.1595567099204797e-06,
    "xgb_reg_lambda": 0.00016671124676531315,
    "xgb_booster": "gbtree",
    "rfe_n_features": 5
  },
  "best_metadata": {
    "regressor": "XGBRegressor",
    "use_scaler": false,
    "rfe_estimator": {
      "mode": "original",
      "type": "XGBRegressor"
    },
    "n_candidate_features": 22,
    "rfe_n_features": 5,
    "rfe_selected_features": [
      "z_pe_T2W20",
      "z_l2_T2W20",
      "z_density_T2W20",
      "z_diameter_T2W20",
      "z_asp_T2W20"
    ]
  },
  "validation_summary": {
    "n_splits_val": 400,
    "mae_mean_val": 6.3773227727413175,
    "mae_std_val": 0.38759960800401966,
    "mae_ci_lower_val": 6.3392231402781505,
    "mae_ci_upper_val": 6.415422405204485,
    "mae_samperror_val": 0.038099632463166805,
    "mae_t_critical_val": 1.965927295920882,
    "mae_df_val": 399,
    "d2mae_mean_val": 0.027137900360946522,
    "d2mae_std_val": 0.0523177913636829,
    "d2mae_ci_lower_val": 0.021995251655738624,
    "d2mae_ci_upper_val": 0.03228054906615442,
    "d2mae_samperror_val": 0.0051426487052078996,
    "d2mae_t_critical_val": 1.965927295920882,
    "d2mae_df_val": 399,
    "rmse_mean_val": 7.646728823529579,
    "rmse_std_val": 0.4515159765778207,
    "rmse_ci_lower_val": 7.602346444384644,
    "rmse_ci_upper_val": 7.691111202674515,
    "rmse_samperror_val": 0.04438237914493557,
    "rmse_t_critical_val": 1.965927295920882,
    "rmse_df_val": 399,
    "mape_mean_val": 267440708690903.8,
    "mape_std_val": 563388704914765.0,
    "mape_ci_lower_val": 212061647030631.22,
    "mape_ci_upper_val": 322819770351176.4,
    "mape_samperror_val": 55379061660272.586,
    "mape_t_critical_val": 1.965927295920882,
    "mape_df_val": 399,
    "r2_mean_val": 0.01771761434713481,
    "r2_std_val": 0.094181715790058,
    "r2_ci_lower_val": 0.00845989405471792,
    "r2_ci_upper_val": 0.0269753346395517,
    "r2_samperror_val": 0.00925772029241689,
    "r2_t_critical_val": 1.965927295920882,
    "r2_df_val": 399,
    "median_ae_mean_val": 5.938618327379227,
    "median_ae_std_val": 0.611219760117053,
    "median_ae_ci_lower_val": 5.87853764686821,
    "median_ae_ci_upper_val": 5.998699007890243,
    "median_ae_samperror_val": 0.060080680511016414,
    "median_ae_t_critical_val": 1.965927295920882,
    "median_ae_df_val": 399,
    "max_error_mean_val": 17.829818189144135,
    "max_error_std_val": 2.329814630417607,
    "max_error_ci_lower_val": 17.600805880325446,
    "max_error_ci_upper_val": 18.058830497962823,
    "max_error_samperror_val": 0.22901230881868975,
    "max_error_t_critical_val": 1.965927295920882,
    "max_error_df_val": 399,
    "rho_mean_val": 0.20466002135995676,
    "rho_std_val": 0.12386107870901265,
    "rho_ci_lower_val": 0.19248492758314412,
    "rho_ci_upper_val": 0.2168351151367694,
    "rho_samperror_val": 0.012175093776812638,
    "rho_t_critical_val": 1.965927295920882,
    "rho_df_val": 399,
    "r2_below_zero_val": 0.3925
  },
  "test_summary": {
    "n_splits_test": 400,
    "mae_mean_test": 6.361474449733894,
    "mae_std_test": 0.598075106424668,
    "mae_ci_lower_test": 6.302685840897342,
    "mae_ci_upper_test": 6.420263058570446,
    "mae_samperror_test": 0.05878860883655206,
    "mae_t_critical_test": 1.965927295920882,
    "mae_df_test": 399,
    "d2mae_mean_test": 0.02388231157711478,
    "d2mae_std_test": 0.07300325843687575,
    "d2mae_ci_lower_test": 0.016706356654503755,
    "d2mae_ci_upper_test": 0.031058266499725803,
    "d2mae_samperror_test": 0.007175954922611022,
    "d2mae_t_critical_test": 1.965927295920882,
    "d2mae_df_test": 399,
    "rmse_mean_test": 7.595057326509306,
    "rmse_std_test": 0.679747323803469,
    "rmse_ci_lower_test": 7.528240635599586,
    "rmse_ci_upper_test": 7.661874017419027,
    "rmse_samperror_test": 0.0668166909097205,
    "rmse_t_critical_test": 1.965927295920882,
    "rmse_df_test": 399,
    "mape_mean_test": 352445592998598.75,
    "mape_std_test": 947156988028804.6,
    "mape_ci_lower_test": 259343504184197.0,
    "mape_ci_upper_test": 445547681813000.5,
    "mape_samperror_test": 93102088814401.77,
    "mape_t_critical_test": 1.965927295920882,
    "mape_df_test": 399,
    "r2_mean_test": 0.02055160945404845,
    "r2_std_test": 0.12903494132462187,
    "r2_ci_lower_test": 0.007867943790167272,
    "r2_ci_upper_test": 0.033235275117929626,
    "r2_samperror_test": 0.012683665663881178,
    "r2_t_critical_test": 1.965927295920882,
    "r2_df_test": 399,
    "median_ae_mean_test": 5.989612365961075,
    "median_ae_std_test": 0.8937163680363099,
    "median_ae_ci_lower_test": 5.901763295824383,
    "median_ae_ci_upper_test": 6.077461436097767,
    "median_ae_samperror_test": 0.08784907013669273,
    "median_ae_t_critical_test": 1.965927295920882,
    "median_ae_df_test": 399,
    "max_error_mean_test": 15.978741602897644,
    "max_error_std_test": 2.737124469686352,
    "max_error_ci_lower_test": 15.709692217533176,
    "max_error_ci_upper_test": 16.247790988262114,
    "max_error_samperror_test": 0.26904938536446843,
    "max_error_t_critical_test": 1.965927295920882,
    "max_error_df_test": 399,
    "rho_mean_test": 0.2053639725651977,
    "rho_std_test": 0.1787590546588499,
    "rho_ci_lower_test": 0.1877926073178554,
    "rho_ci_upper_test": 0.22293533781254,
    "rho_samperror_test": 0.017571365247342294,
    "rho_t_critical_test": 1.965927295920882,
    "rho_df_test": 399,
    "r2_below_zero_test": 0.43
  },
  "selected_features": [
    "z_pe_T2W20",
    "z_l2_T2W20",
    "z_density_T2W20",
    "z_diameter_T2W20",
    "z_asp_T2W20"
  ]
}