{
  "mean_abs_shap": {
    "edges_T2W20": 0.1744649615628582,
    "pe_T2W20": 0.5422735074091587,
    "l1_T2W20": 0.4542802304254954,
    "l2_T2W20": 0.4521071653584693,
    "lsc_T2W20": 1.1487952445500307,
    "z_re_T2W20": 0.9611075505615372,
    "z_pe_T2W20": 0.645603167583119,
    "z_l1_T2W20": 0.6080312706553679,
    "z_l2_T2W20": 0.5765860764143363,
    "z_density_T2W20": 0.5482426381097418,
    "z_diameter_T2W20": 0.551595986429407,
    "z_asp_T2W20": 0.5626915932751769
  },
  "mean_shap": {
    "edges_T2W20": 0.014742120355863114,
    "pe_T2W20": -0.16278874641579083,
    "l1_T2W20": -0.024977833477857377,
    "l2_T2W20": -0.08954295130926056,
    "lsc_T2W20": -0.031830999884518964,
    "z_re_T2W20": -0.1942741572922382,
    "z_pe_T2W20": -0.09233276612443983,
    "z_l1_T2W20": -0.016838637757808257,
    "z_l2_T2W20": -0.08525892171990218,
    "z_density_T2W20": 0.03942458701896829,
    "z_diameter_T2W20": -0.07837850481776301,
    "z_asp_T2W20": -0.06705711262588776
  },
  "regressor": "KNeighborsRegressor",
  "n_subjects": 237,
  "n_features": 12
}