{
  "mean_abs_shap": {
    "z_pe_T2W20": 0.7258119582566531,
    "z_l2_T2W20": 0.9089518853239865,
    "z_density_T2W20": 1.0518413429702878,
    "z_diameter_T2W20": 0.8290842581962226,
    "z_asp_T2W20": 0.4828823866247288
  },
  "mean_shap": {
    "z_pe_T2W20": -0.20541084240458696,
    "z_l2_T2W20": -0.15587515362740914,
    "z_density_T2W20": 0.11930430730318008,
    "z_diameter_T2W20": -0.13718525688557703,
    "z_asp_T2W20": -0.14796251883687878
  },
  "regressor": "XGBRegressor",
  "n_subjects": 237,
  "n_features": 5
}