{
  "mean_abs_shap": {
    "edges_T2W20": 0.17423107478052946,
    "pe_T2W20": 0.5364310096521807,
    "l1_T2W20": 0.4413515125313739,
    "l2_T2W20": 0.45395386970051443,
    "lsc_T2W20": 1.178515860966104,
    "z_re_T2W20": 0.9643609365588817,
    "z_pe_T2W20": 0.6471154093857993,
    "z_l1_T2W20": 0.6095596315213108,
    "z_l2_T2W20": 0.5808659546299321,
    "z_density_T2W20": 0.5523339758408683,
    "z_diameter_T2W20": 0.5537855957999988,
    "z_asp_T2W20": 0.5624095075496848
  },
  "mean_shap": {
    "edges_T2W20": 0.014529474544581325,
    "pe_T2W20": -0.16408142419435634,
    "l1_T2W20": -0.011880134435131019,
    "l2_T2W20": -0.09121023063286807,
    "lsc_T2W20": -0.04199922396239223,
    "z_re_T2W20": -0.1994990198167448,
    "z_pe_T2W20": -0.09141599217368544,
    "z_l1_T2W20": -0.01257015514601071,
    "z_l2_T2W20": -0.08973849944250803,
    "z_density_T2W20": 0.03656227495729643,
    "z_diameter_T2W20": -0.07344173970483622,
    "z_asp_T2W20": -0.06436925404398043
  },
  "regressor": "KNeighborsRegressor",
  "n_subjects": 237,
  "n_features": 12
}