{
  "best_trial_number": 18,
  "best_value_internal_minimized": 2.817249167254051,
  "best_params": {
    "regressor": "LinearRegression",
    "use_scaler": false,
    "rfe_n_features": 3
  },
  "best_metadata": {
    "regressor": "LinearRegression",
    "use_scaler": false,
    "rfe_estimator": {
      "mode": "original",
      "type": "LinearRegression"
    },
    "n_candidate_features": 13,
    "rfe_n_features": 3,
    "rfe_selected_features": [
      "l1_T6W30",
      "atd_T6W30",
      "density_T6W30"
    ]
  },
  "validation_summary": {
    "n_splits_val": 1000,
    "mae_mean_val": 2.8172523682251596,
    "mae_std_val": 0.13342825829298577,
    "mae_ci_lower_val": 2.808972519601076,
    "mae_ci_upper_val": 2.825532216849243,
    "mae_samperror_val": 0.008279848624083423,
    "mae_t_critical_val": 1.9623414611334495,
    "mae_df_val": 999,
    "d2mae_mean_val": 0.0005707866239619263,
    "d2mae_std_val": 0.03000764652313103,
    "d2mae_ci_lower_val": -0.0012913284478765666,
    "d2mae_ci_upper_val": 0.002432901695800419,
    "d2mae_samperror_val": 0.0018621150718384927,
    "d2mae_t_critical_val": 1.9623414611334495,
    "d2mae_df_val": 999,
    "rmse_mean_val": 3.440407636445806,
    "rmse_std_val": 0.18710055811445953,
    "rmse_ci_lower_val": 3.428797170128637,
    "rmse_ci_upper_val": 3.452018102762975,
    "rmse_samperror_val": 0.011610466317169088,
    "rmse_t_critical_val": 1.9623414611334495,
    "rmse_df_val": 999,
    "mape_mean_val": 967184948871736.4,
    "mape_std_val": 550464256876130.4,
    "mape_ci_lower_val": 933026062454326.5,
    "mape_ci_upper_val": 1001343835289146.2,
    "mape_samperror_val": 34158886417409.902,
    "mape_t_critical_val": 1.9623414611334495,
    "mape_df_val": 999,
    "r2_mean_val": 0.005575157741958156,
    "r2_std_val": 0.05488680230350546,
    "r2_ci_lower_val": 0.0021691744791390174,
    "r2_ci_upper_val": 0.008981141004777295,
    "r2_samperror_val": 0.003405983262819139,
    "r2_t_critical_val": 1.9623414611334495,
    "r2_df_val": 999,
    "median_ae_mean_val": 2.5480324996073063,
    "median_ae_std_val": 0.17993907323343541,
    "median_ae_ci_lower_val": 2.5368664369831566,
    "median_ae_ci_upper_val": 2.559198562231456,
    "median_ae_samperror_val": 0.011166062624149743,
    "median_ae_t_critical_val": 1.9623414611334495,
    "median_ae_df_val": 999,
    "max_error_mean_val": 8.314045794095886,
    "max_error_std_val": 1.0806746754672878,
    "max_error_ci_lower_val": 8.246984866828877,
    "max_error_ci_upper_val": 8.381106721362896,
    "max_error_samperror_val": 0.0670609272670091,
    "max_error_t_critical_val": 1.9623414611334495,
    "max_error_df_val": 999,
    "rho_mean_val": 0.14735418819205964,
    "rho_std_val": 0.12323119714839541,
    "rho_ci_lower_val": 0.1397071149917724,
    "rho_ci_upper_val": 0.15500126139234688,
    "rho_samperror_val": 0.007647073200287236,
    "rho_t_critical_val": 1.9623414611334495,
    "rho_df_val": 999,
    "r2_below_zero_val": 0.373
  },
  "test_summary": {
    "n_splits_test": 1000,
    "mae_mean_test": 2.843800332312639,
    "mae_std_test": 0.20761914958914665,
    "mae_ci_lower_test": 2.830916591251699,
    "mae_ci_upper_test": 2.856684073373579,
    "mae_samperror_test": 0.01288374106094013,
    "mae_t_critical_test": 1.9623414611334495,
    "mae_df_test": 999,
    "d2mae_mean_test": -0.013677583773010007,
    "d2mae_std_test": 0.04655977028570281,
    "d2mae_ci_lower_test": -0.016566835681636492,
    "d2mae_ci_upper_test": -0.010788331864383523,
    "d2mae_samperror_test": 0.0028892519086264837,
    "d2mae_t_critical_test": 1.9623414611334495,
    "d2mae_df_test": 999,
    "rmse_mean_test": 3.4500359392394913,
    "rmse_std_test": 0.2819829165385898,
    "rmse_ci_lower_test": 3.432537577997375,
    "rmse_ci_upper_test": 3.4675343004816077,
    "rmse_samperror_test": 0.017498361242116366,
    "rmse_t_critical_test": 1.9623414611334495,
    "rmse_df_test": 999,
    "mape_mean_test": 1021979610009788.2,
    "mape_std_test": 845801945830605.8,
    "mape_ci_lower_test": 969493636146178.5,
    "mape_ci_upper_test": 1074465583873398.0,
    "mape_samperror_test": 52485973863609.75,
    "mape_t_critical_test": 1.9623414611334495,
    "mape_df_test": 999,
    "r2_mean_test": -0.007676499931764713,
    "r2_std_test": 0.08556599697876226,
    "r2_ci_lower_test": -0.012986270975895737,
    "r2_ci_upper_test": -0.002366728887633689,
    "r2_samperror_test": 0.005309771044131024,
    "r2_t_critical_test": 1.9623414611334495,
    "r2_df_test": 999,
    "median_ae_mean_test": 2.5900231207572304,
    "median_ae_std_test": 0.25005786810873887,
    "median_ae_ci_lower_test": 2.574505858359523,
    "median_ae_ci_upper_test": 2.605540383154938,
    "median_ae_samperror_test": 0.015517262397707676,
    "median_ae_t_critical_test": 1.9623414611334495,
    "median_ae_df_test": 999,
    "max_error_mean_test": 7.522595105255514,
    "max_error_std_test": 1.232418839589124,
    "max_error_ci_lower_test": 7.44611774158597,
    "max_error_ci_upper_test": 7.5990724689250575,
    "max_error_samperror_test": 0.0764773636695438,
    "max_error_t_critical_test": 1.9623414611334495,
    "max_error_df_test": 999,
    "rho_mean_test": 0.13243380240666777,
    "rho_std_test": 0.194029768453727,
    "rho_ci_lower_test": 0.12039334612015061,
    "rho_ci_upper_test": 0.14447425869318495,
    "rho_samperror_test": 0.012040456286517166,
    "rho_t_critical_test": 1.9623414611334495,
    "rho_df_test": 999,
    "r2_below_zero_test": 0.472
  },
  "selected_features": [
    "l1_T6W30",
    "atd_T6W30",
    "density_T6W30"
  ]
}