target,window,set,metric,mean,std,ci_lower,ci_upper,t_critical,df,significant
COG_V1,T2W10,VALIDATION,R2,0.003717,0.060656,-0.002245,0.009679,1.9659,399,False
COG_V1,T2W10,VALIDATION,RMSE,1.341467,0.078666,1.333734,1.349199,1.9659,399,True
COG_V1,T2W10,VALIDATION,MAE,1.047468,0.059171,1.041652,1.053285,1.9659,399,True
COG_V1,T2W10,VALIDATION,rho,0.127543,0.129029,0.11486,0.140226,1.9659,399,True
COG_V1,T2W10,TEST,R2,0.012359,0.088528,0.003657,0.021061,1.9659,399,True
COG_V1,T2W10,TEST,RMSE,1.344203,0.121305,1.332279,1.356127,1.9659,399,True
COG_V1,T2W10,TEST,MAE,1.058818,0.09485,1.049495,1.068142,1.9659,399,True
COG_V1,T2W10,TEST,rho,0.150379,0.204147,0.130313,0.170446,1.9659,399,True
