set,r2_mean,r2_std,r2_ci_lower,r2_ci_upper,rmse_mean,rmse_std,rmse_ci_lower,rmse_ci_upper,mae_mean,mae_std,mae_ci_lower,mae_ci_upper,rho_mean,rho_std,rho_ci_lower,rho_ci_upper,r2_below_zero
TEST,0.012359053971177036,0.08852831026112,0.0036570428909726126,0.02106106505138146,1.344202739386804,0.12130478187838531,1.3322789202957817,1.3561265584778261,1.0588183773691007,0.09484985355991335,1.0494949815627241,1.0681417731754772,0.15037945262359106,0.2041471923580216,0.13031252573147878,0.17044637951570335,0.35
