set,r2_mean,r2_std,r2_ci_lower,r2_ci_upper,rmse_mean,rmse_std,rmse_ci_lower,rmse_ci_upper,mae_mean,mae_std,mae_ci_lower,mae_ci_upper,rho_mean,rho_std,rho_ci_lower,rho_ci_upper,r2_below_zero
VALIDATION,0.0037168036430025196,0.060656306411417775,-0.0022454907791948303,0.00967909806519987,1.3414667177035968,0.0786659353557675,1.3337341422248443,1.3491992931823493,1.0474684764213817,0.0591712362111929,1.0416521590013335,1.05328479384143,0.1275426433386637,0.12902927560486638,0.11485953459443843,0.14022575208288895,0.3775
