set,r2_mean,r2_std,r2_ci_lower,r2_ci_upper,rmse_mean,rmse_std,rmse_ci_lower,rmse_ci_upper,mae_mean,mae_std,mae_ci_lower,mae_ci_upper,rho_mean,rho_std,rho_ci_lower,rho_ci_upper,r2_below_zero
TEST,-0.011376948933036042,0.014129741663212665,-0.012765851174037057,-0.009988046692035027,7.825065362521261,0.4832439646288495,7.777564237488617,7.872566487553906,6.709589080097601,0.36747841298377004,6.6734672879602766,6.745710872234925,-0.1426732984502942,0.17443423206750516,-0.1598195493585195,-0.1255270475420689,0.86
