set,r2_mean,r2_std,r2_ci_lower,r2_ci_upper,rmse_mean,rmse_std,rmse_ci_lower,rmse_ci_upper,mae_mean,mae_std,mae_ci_lower,mae_ci_upper,rho_mean,rho_std,rho_ci_lower,rho_ci_upper,r2_below_zero
VALIDATION,-0.01177704833522029,0.011113917298677764,-0.012869506004324186,-0.010684590666116395,7.642527160273385,0.3097673186248726,7.612078158919942,7.672976161626828,6.516065065779068,0.2343231490353413,6.493031952041332,6.539098179516803,-0.16561507990965182,0.1155277458444301,-0.17697103735924058,-0.15425912246006307,0.9675
