set,r2_mean,r2_std,r2_ci_lower,r2_ci_upper,rmse_mean,rmse_std,rmse_ci_lower,rmse_ci_upper,mae_mean,mae_std,mae_ci_lower,mae_ci_upper,rho_mean,rho_std,rho_ci_lower,rho_ci_upper,r2_below_zero
VALIDATION,-0.009700459427853447,0.040783173713418046,-0.013709297148728022,-0.005691621706978871,1.3874908308406595,0.0748311288615626,1.3801352028999836,1.3948464587813354,1.0844605910900276,0.05743768751065343,1.0788146752054393,1.0901065069746159,0.09116280969936408,0.13076507862339387,0.07830907782841556,0.10401654157031259,0.4675
