set,r2_mean,r2_std,r2_ci_lower,r2_ci_upper,rmse_mean,rmse_std,rmse_ci_lower,rmse_ci_upper,mae_mean,mae_std,mae_ci_lower,mae_ci_upper,rho_mean,rho_std,rho_ci_lower,rho_ci_upper,r2_below_zero
TEST,-0.012231621886610453,0.05189971507839767,-0.01733317521276738,-0.007130068560453526,1.3421563157587628,0.10572565692310841,1.3317638680175476,1.352548763499978,1.0417621792226768,0.07661405525615686,1.0342312960987132,1.0492930623466403,0.08331622664127485,0.198823595316359,0.06377258998599698,0.10285986329655271,0.475
