set,r2_mean,r2_std,r2_ci_lower,r2_ci_upper,rmse_mean,rmse_std,rmse_ci_lower,rmse_ci_upper,mae_mean,mae_std,mae_ci_lower,mae_ci_upper,rho_mean,rho_std,rho_ci_lower,rho_ci_upper,r2_below_zero
TEST,-0.000965597487947683,0.05592840785625996,-0.00646315666904855,0.0045319616931531834,7.576900025894513,0.5364169096873885,7.524172193657115,7.6296278581319115,6.438368472562076,0.4317191145735432,6.39593205298653,6.4808048921376225,0.09320713357275516,0.21386827747900314,0.07218465935137748,0.11422960779413284,0.4075
