set,r2_mean,r2_std,r2_ci_lower,r2_ci_upper,rmse_mean,rmse_std,rmse_ci_lower,rmse_ci_upper,mae_mean,mae_std,mae_ci_lower,mae_ci_upper,rho_mean,rho_std,rho_ci_lower,rho_ci_upper,r2_below_zero
VALIDATION,0.002521582420093868,0.03232368116253917,-0.0006557179350101003,0.005698882775197837,7.518070057247446,0.34008970741277433,7.48464047530422,7.551499639190672,6.372959126138749,0.26459542801503005,6.346950357423218,6.39896789485428,0.08981337319764929,0.130418551377289,0.07699370369529566,0.10263304270000291,0.3725
