set,r2_mean,r2_std,r2_ci_lower,r2_ci_upper,rmse_mean,rmse_std,rmse_ci_lower,rmse_ci_upper,mae_mean,mae_std,mae_ci_lower,mae_ci_upper,rho_mean,rho_std,rho_ci_lower,rho_ci_upper,r2_below_zero
TEST,-0.009150874870230459,0.01625321370397783,-0.010748506693584726,-0.007553243046876191,7.816197838862446,0.4807384331033215,7.768942998470643,7.863452679254249,6.700400449249826,0.3654364677430617,6.664479372906776,6.736321525592876,-0.05213642414175348,0.1807590658998797,-0.06990438322364023,-0.034368465059866724,0.75
