set,r2_mean,r2_std,r2_ci_lower,r2_ci_upper,rmse_mean,rmse_std,rmse_ci_lower,rmse_ci_upper,mae_mean,mae_std,mae_ci_lower,mae_ci_upper,rho_mean,rho_std,rho_ci_lower,rho_ci_upper,r2_below_zero
VALIDATION,-0.009816649045906187,0.015058767513719859,-0.011296871150813612,-0.008336426940998762,7.6349989082792895,0.31086471375659697,7.604442036973653,7.665555779584926,6.509810834000417,0.23700986420536657,6.486513625928225,6.533108042072609,-0.07605506929188538,0.12316552348718954,-0.0881617925188779,-0.06394834606489286,0.83
