set,r2_mean,r2_std,r2_ci_lower,r2_ci_upper,rmse_mean,rmse_std,rmse_ci_lower,rmse_ci_upper,mae_mean,mae_std,mae_ci_lower,mae_ci_upper,rho_mean,rho_std,rho_ci_lower,rho_ci_upper,r2_below_zero
VALIDATION,-0.01837827860336655,0.05745227434199336,-0.024025628320449532,-0.012730928886283566,2.213516953602044,0.16315623712778132,2.1974792885985814,2.229554618605506,1.7143958304674412,0.10699842206983567,1.7038782745390635,1.7249133863958188,0.098729122400185,0.1344807144337523,0.08551015703617225,0.11194808776419775,0.485
