set,r2_mean,r2_std,r2_ci_lower,r2_ci_upper,rmse_mean,rmse_std,rmse_ci_lower,rmse_ci_upper,mae_mean,mae_std,mae_ci_lower,mae_ci_upper,rho_mean,rho_std,rho_ci_lower,rho_ci_upper,r2_below_zero
TEST,-0.005632522571331589,0.05592397564709669,-0.01112964608238369,-0.0001353990602794876,2.2135842375150685,0.22793039116089717,2.1911795086374117,2.2359889663927253,1.7187449466852882,0.1508758161326665,1.7039144024238106,1.7335754909467658,0.1342609169147259,0.19241068203774317,0.11534764632248823,0.15317418750696354,0.405
