set,r2_mean,r2_std,r2_ci_lower,r2_ci_upper,rmse_mean,rmse_std,rmse_ci_lower,rmse_ci_upper,mae_mean,mae_std,mae_ci_lower,mae_ci_upper,rho_mean,rho_std,rho_ci_lower,rho_ci_upper,r2_below_zero
TEST,-0.0007243056387373462,0.03872226173363126,-0.004530563203834263,0.003081951926359571,2.2085748495951827,0.22347090374020212,2.186608472119834,2.2305412270705314,1.7133830289706582,0.14481273554330604,1.6991484634905802,1.7276175944507361,0.13161574477233726,0.19347824310460535,0.11259753680802927,0.15063395273664526,0.41
