set,r2_mean,r2_std,r2_ci_lower,r2_ci_upper,rmse_mean,rmse_std,rmse_ci_lower,rmse_ci_upper,mae_mean,mae_std,mae_ci_lower,mae_ci_upper,rho_mean,rho_std,rho_ci_lower,rho_ci_upper,r2_below_zero
VALIDATION,-0.005520725909322361,0.03245002537550811,-0.008710445441274195,-0.002331006377370528,2.200185626910904,0.15723613582412316,2.1847298863448157,2.215641367476992,1.7034928853495608,0.09947143252988103,1.6937152051308184,1.7132705655683031,0.09547857902304777,0.13316343301354502,0.08238909763405476,0.10856806041204077,0.4325
