{
  "best_trial_number": 252,
  "best_value_internal_minimized": 1.0583934433080586,
  "best_params": {
    "regressor": "QuantileRegressor",
    "use_scaler": false,
    "quantile_alpha": 0.0001628371116647257,
    "rfe_n_features": 2
  },
  "best_metadata": {
    "regressor": "QuantileRegressor",
    "use_scaler": false,
    "rfe_estimator": {
      "mode": "original",
      "type": "QuantileRegressor"
    },
    "n_candidate_features": 13,
    "rfe_n_features": 2,
    "rfe_selected_features": [
      "nodes_T6W30",
      "lcc_T6W30"
    ]
  },
  "validation_summary": {
    "n_splits_val": 400,
    "mae_mean_val": 1.05427794133507,
    "mae_std_val": 0.057055284277802744,
    "mae_ci_lower_val": 1.048669614298157,
    "mae_ci_upper_val": 1.059886268371983,
    "mae_samperror_val": 0.005608327036912898,
    "mae_t_critical_val": 1.965927295920882,
    "mae_df_val": 399,
    "d2mae_mean_val": 0.005044045383579797,
    "d2mae_std_val": 0.02259835254212594,
    "d2mae_ci_lower_val": 0.002822709478309375,
    "d2mae_ci_upper_val": 0.007265381288850219,
    "d2mae_samperror_val": 0.002221335905270422,
    "d2mae_t_critical_val": 1.965927295920882,
    "d2mae_df_val": 399,
    "rmse_mean_val": 1.3821069802297468,
    "rmse_std_val": 0.07739989379002586,
    "rmse_ci_lower_val": 1.3744988520345873,
    "rmse_ci_upper_val": 1.3897151084249062,
    "rmse_samperror_val": 0.007608128195159451,
    "rmse_t_critical_val": 1.965927295920882,
    "rmse_df_val": 399,
    "mape_mean_val": 362206071944251.7,
    "mape_std_val": 263526245002851.66,
    "mape_ci_lower_val": 336302400032119.7,
    "mape_ci_upper_val": 388109743856383.7,
    "mape_samperror_val": 25903671912132.0,
    "mape_t_critical_val": 1.965927295920882,
    "mape_df_val": 399,
    "r2_mean_val": -0.0021654852324778416,
    "r2_std_val": 0.05135497541504216,
    "r2_ci_lower_val": -0.007213492629966702,
    "r2_ci_upper_val": 0.002882522165011019,
    "r2_samperror_val": 0.005048007397488861,
    "r2_t_critical_val": 1.965927295920882,
    "r2_df_val": 399,
    "median_ae_mean_val": 1.0000713778713242,
    "median_ae_std_val": 0.002879113750958016,
    "median_ae_ci_lower_val": 0.9997883714557707,
    "median_ae_ci_upper_val": 1.0003543842868776,
    "median_ae_samperror_val": 0.000283006415553476,
    "median_ae_t_critical_val": 1.965927295920882,
    "median_ae_df_val": 399,
    "max_error_mean_val": 3.2191408854899723,
    "max_error_std_val": 0.28112210130024395,
    "max_error_ci_lower_val": 3.1915076048683333,
    "max_error_ci_upper_val": 3.2467741661116114,
    "max_error_samperror_val": 0.027633280621639243,
    "max_error_t_critical_val": 1.965927295920882,
    "max_error_df_val": 399,
    "rho_mean_val": 0.09678737686854273,
    "rho_std_val": 0.13499360833141938,
    "rho_ci_lower_val": 0.08293045477207282,
    "rho_ci_upper_val": 0.11064429896501264,
    "rho_samperror_val": 0.013856922096469904,
    "rho_t_critical_val": 1.9664667224837213,
    "rho_df_val": 366,
    "r2_below_zero_val": 0.45
  },
  "test_summary": {
    "n_splits_test": 400,
    "mae_mean_test": 1.0159704883340808,
    "mae_std_test": 0.08183579507344077,
    "mae_ci_lower_test": 1.0079263271681675,
    "mae_ci_upper_test": 1.024014649499994,
    "mae_samperror_test": 0.008044161165913243,
    "mae_t_critical_test": 1.965927295920882,
    "mae_df_test": 399,
    "d2mae_mean_test": 0.00025667128600966147,
    "d2mae_std_test": 0.03602274301098381,
    "d2mae_ci_lower_test": -0.0032842334019521505,
    "d2mae_ci_upper_test": 0.003797575973971474,
    "d2mae_samperror_test": 0.003540904687961812,
    "d2mae_t_critical_test": 1.965927295920882,
    "d2mae_df_test": 399,
    "rmse_mean_test": 1.3422815756621236,
    "rmse_std_test": 0.11639199667400035,
    "rmse_ci_lower_test": 1.330840665497716,
    "rmse_ci_upper_test": 1.353722485826531,
    "rmse_samperror_test": 0.011440910164407491,
    "rmse_t_critical_test": 1.965927295920882,
    "rmse_df_test": 399,
    "mape_mean_test": 371786303340905.6,
    "mape_std_test": 394569119819303.1,
    "mape_ci_lower_test": 333001593201893.4,
    "mape_ci_upper_test": 410571013479917.9,
    "mape_samperror_test": 38784710139012.26,
    "mape_t_critical_test": 1.965927295920882,
    "mape_df_test": 399,
    "r2_mean_test": -0.013432315840426555,
    "r2_std_test": 0.08886902810556475,
    "r2_ci_lower_test": -0.022167818246161042,
    "r2_ci_upper_test": -0.004696813434692066,
    "r2_samperror_test": 0.008735502405734489,
    "r2_t_critical_test": 1.965927295920882,
    "r2_df_test": 399,
    "median_ae_mean_test": 0.9993173075581424,
    "median_ae_std_test": 0.00911202204064234,
    "median_ae_ci_lower_test": 0.9984216289156058,
    "median_ae_ci_upper_test": 1.000212986200679,
    "median_ae_samperror_test": 0.0008956786425365735,
    "median_ae_t_critical_test": 1.965927295920882,
    "median_ae_df_test": 399,
    "max_error_mean_test": 3.0396558824703788,
    "max_error_std_test": 0.37295721579598595,
    "max_error_ci_lower_test": 3.0029955439331797,
    "max_error_ci_upper_test": 3.076316221007578,
    "max_error_samperror_test": 0.036660338537199175,
    "max_error_t_critical_test": 1.965927295920882,
    "max_error_df_test": 399,
    "rho_mean_test": 0.07953734089343173,
    "rho_std_test": 0.19426611120774204,
    "rho_ci_lower_test": 0.05959617180947814,
    "rho_ci_upper_test": 0.09947850997738532,
    "rho_samperror_test": 0.019941169083953592,
    "rho_t_critical_test": 1.9664667224837213,
    "rho_df_test": 366,
    "r2_below_zero_test": 0.475
  },
  "selected_features": [
    "nodes_T6W30",
    "lcc_T6W30"
  ]
}