{
  "best_trial_number": 70,
  "best_value_internal_minimized": 1.061034940291906,
  "best_params": {
    "regressor": "SVR",
    "svr_kernel": "rbf",
    "svr_C": 0.04120193690068054,
    "svr_epsilon": 8.07568519667063,
    "svr_gamma": "scale",
    "rfe_proxy_type": "ExtraTrees",
    "rfe_proxy_et_n_estimators": 80,
    "rfe_proxy_et_max_depth": 5,
    "rfe_proxy_et_min_samples_split": 7,
    "rfe_n_features": 9
  },
  "best_metadata": {
    "regressor": "SVR",
    "use_scaler": true,
    "rfe_estimator": {
      "mode": "proxy",
      "type": "ExtraTrees",
      "n_estimators": 80,
      "max_depth": 5,
      "min_samples_split": 7
    },
    "n_candidate_features": 13,
    "rfe_n_features": 9,
    "rfe_selected_features": [
      "nodes_T6W30",
      "edges_T6W30",
      "re_T6W30",
      "pe_T6W30",
      "l2_T6W30",
      "lsc_T6W30",
      "atd_T6W30",
      "density_T6W30",
      "diameter_T6W30"
    ]
  },
  "validation_summary": {
    "n_splits_val": 400,
    "mae_mean_val": 1.060833333333333,
    "mae_std_val": 0.05565705043532062,
    "mae_ci_lower_val": 1.055362447600271,
    "mae_ci_upper_val": 1.0663042190663952,
    "mae_samperror_val": 0.0054708857330621015,
    "mae_t_critical_val": 1.965927295920882,
    "mae_df_val": 399,
    "d2mae_mean_val": 0.0,
    "d2mae_std_val": 0.0,
    "d2mae_ci_lower_val": 0.0,
    "d2mae_ci_upper_val": 0.0,
    "d2mae_samperror_val": 0.0,
    "d2mae_t_critical_val": 1.965927295920882,
    "d2mae_df_val": 399,
    "rmse_mean_val": 1.3855660934000382,
    "rmse_std_val": 0.07781434207825733,
    "rmse_ci_lower_val": 1.3779172264447497,
    "rmse_ci_upper_val": 1.3932149603553268,
    "rmse_samperror_val": 0.007648866955288547,
    "rmse_t_critical_val": 1.965927295920882,
    "rmse_df_val": 399,
    "mape_mean_val": 395389555520616.0,
    "mape_std_val": 275648078017494.47,
    "mape_ci_lower_val": 368294351488479.94,
    "mape_ci_upper_val": 422484759552752.06,
    "mape_samperror_val": 27095204032136.06,
    "mape_t_critical_val": 1.965927295920882,
    "mape_df_val": 399,
    "r2_mean_val": -0.003437365692682272,
    "r2_std_val": 0.0039904756676869034,
    "r2_ci_lower_val": -0.0038296149446229617,
    "r2_ci_upper_val": -0.0030451164407415826,
    "r2_samperror_val": 0.0003922492519406895,
    "r2_t_critical_val": 1.965927295920882,
    "r2_df_val": 399,
    "median_ae_mean_val": 1.0,
    "median_ae_std_val": 0.0,
    "median_ae_ci_lower_val": 1.0,
    "median_ae_ci_upper_val": 1.0,
    "median_ae_samperror_val": 0.0,
    "median_ae_t_critical_val": 1.965927295920882,
    "median_ae_df_val": 399,
    "max_error_mean_val": 2.9975,
    "max_error_std_val": 0.049999999999999996,
    "max_error_ci_lower_val": 2.992585181760198,
    "max_error_ci_upper_val": 3.002414818239802,
    "max_error_samperror_val": 0.004914818239802205,
    "max_error_t_critical_val": 1.965927295920882,
    "max_error_df_val": 399,
    "rho_mean_val": NaN,
    "rho_std_val": NaN,
    "rho_ci_lower_val": NaN,
    "rho_ci_upper_val": NaN,
    "rho_samperror_val": NaN,
    "rho_t_critical_val": NaN,
    "rho_df_val": NaN,
    "r2_below_zero_val": 0.925
  },
  "test_summary": {
    "n_splits_test": 400,
    "mae_mean_test": 1.0184615384615385,
    "mae_std_test": 0.08118700879450118,
    "mae_ci_lower_test": 1.0104811506283746,
    "mae_ci_upper_test": 1.0264419262947024,
    "mae_samperror_test": 0.007980387833163929,
    "mae_t_critical_test": 1.965927295920882,
    "mae_df_test": 399,
    "d2mae_mean_test": 0.0,
    "d2mae_std_test": 0.0,
    "d2mae_ci_lower_test": 0.0,
    "d2mae_ci_upper_test": 0.0,
    "d2mae_samperror_test": 0.0,
    "d2mae_t_critical_test": 1.965927295920882,
    "d2mae_df_test": 399,
    "rmse_mean_test": 1.342620200691966,
    "rmse_std_test": 0.11644200142969555,
    "rmse_ci_lower_test": 1.3311743752418512,
    "rmse_ci_upper_test": 1.354066026142081,
    "rmse_samperror_test": 0.011445825450114843,
    "rmse_t_critical_test": 1.965927295920882,
    "rmse_df_test": 399,
    "mape_mean_test": 415716888680353.8,
    "mape_std_test": 424289272801775.9,
    "mape_ci_lower_test": 374010795541982.2,
    "mape_ci_upper_test": 457422981818725.44,
    "mape_samperror_test": 41706093138371.63,
    "mape_t_critical_test": 1.965927295920882,
    "mape_df_test": 399,
    "r2_mean_test": -0.007460710134231366,
    "r2_std_test": 0.008593530651149931,
    "r2_ci_lower_test": -0.008305422958002786,
    "r2_ci_upper_test": -0.006615997310459946,
    "r2_samperror_test": 0.0008447128237714201,
    "r2_t_critical_test": 1.965927295920882,
    "r2_df_test": 399,
    "median_ae_mean_test": 1.0,
    "median_ae_std_test": 0.0,
    "median_ae_ci_lower_test": 1.0,
    "median_ae_ci_upper_test": 1.0,
    "median_ae_samperror_test": 0.0,
    "median_ae_t_critical_test": 1.965927295920882,
    "median_ae_df_test": 399,
    "max_error_mean_test": 2.92,
    "max_error_std_test": 0.271632952995181,
    "max_error_ci_lower_test": 2.893299468161759,
    "max_error_ci_upper_test": 2.946700531838241,
    "max_error_samperror_test": 0.02670053183824101,
    "max_error_t_critical_test": 1.965927295920882,
    "max_error_df_test": 399,
    "rho_mean_test": NaN,
    "rho_std_test": NaN,
    "rho_ci_lower_test": NaN,
    "rho_ci_upper_test": NaN,
    "rho_samperror_test": NaN,
    "rho_t_critical_test": NaN,
    "rho_df_test": NaN,
    "r2_below_zero_test": 0.8825
  },
  "selected_features": [
    "nodes_T6W30",
    "edges_T6W30",
    "re_T6W30",
    "pe_T6W30",
    "l2_T6W30",
    "lsc_T6W30",
    "atd_T6W30",
    "density_T6W30",
    "diameter_T6W30"
  ]
}