{
  "best_trial_number": 188,
  "best_value_internal_minimized": 1.0642278660301898,
  "best_params": {
    "regressor": "QuantileRegressor",
    "use_scaler": true,
    "quantile_alpha": 0.009610996297600935,
    "rfe_n_features": 3
  },
  "best_metadata": {
    "regressor": "QuantileRegressor",
    "use_scaler": true,
    "rfe_estimator": {
      "mode": "original",
      "type": "QuantileRegressor"
    },
    "n_candidate_features": 13,
    "rfe_n_features": 3,
    "rfe_selected_features": [
      "edges_T6W30",
      "diameter_T6W30",
      "asp_T6W30"
    ]
  },
  "validation_summary": {
    "n_splits_val": 400,
    "mae_mean_val": 1.0583400435975492,
    "mae_std_val": 0.057579147499632916,
    "mae_ci_lower_val": 1.05268022271028,
    "mae_ci_upper_val": 1.0639998644848183,
    "mae_samperror_val": 0.005659820887269147,
    "mae_t_critical_val": 1.965927295920882,
    "mae_df_val": 399,
    "d2mae_mean_val": 0.0012206599314398975,
    "d2mae_std_val": 0.02300685203173991,
    "d2mae_ci_lower_val": -0.0010408299886806168,
    "d2mae_ci_upper_val": 0.003482149851560412,
    "d2mae_samperror_val": 0.0022614899201205143,
    "d2mae_t_critical_val": 1.965927295920882,
    "d2mae_df_val": 399,
    "rmse_mean_val": 1.3892205077201654,
    "rmse_std_val": 0.08299582497588706,
    "rmse_ci_lower_val": 1.3810623198317868,
    "rmse_ci_upper_val": 1.3973786956085439,
    "rmse_samperror_val": 0.008158187888378422,
    "rmse_t_critical_val": 1.965927295920882,
    "rmse_df_val": 399,
    "mape_mean_val": 364857817371731.7,
    "mape_std_val": 265267098443943.97,
    "mape_ci_lower_val": 338783025894697.6,
    "mape_ci_upper_val": 390932608848765.75,
    "mape_samperror_val": 26074791477034.06,
    "mape_t_critical_val": 1.965927295920882,
    "mape_df_val": 399,
    "r2_mean_val": -0.013216390956880777,
    "r2_std_val": 0.07372571745292318,
    "r2_ci_lower_val": -0.02046336097448339,
    "r2_ci_upper_val": -0.005969420939278165,
    "r2_samperror_val": 0.007246970017602612,
    "r2_t_critical_val": 1.965927295920882,
    "r2_df_val": 399,
    "median_ae_mean_val": 0.9999815198107628,
    "median_ae_std_val": 0.00036960378474217064,
    "median_ae_ci_lower_val": 0.9999451891023078,
    "median_ae_ci_upper_val": 1.0000178505192179,
    "median_ae_samperror_val": 3.633070845501497e-05,
    "median_ae_t_critical_val": 1.965927295920882,
    "median_ae_df_val": 399,
    "max_error_mean_val": 3.3289077908133264,
    "max_error_std_val": 0.6190664283440754,
    "max_error_ci_lower_val": 3.268055811339833,
    "max_error_ci_upper_val": 3.38975977028682,
    "max_error_samperror_val": 0.06085197947349333,
    "max_error_t_critical_val": 1.965927295920882,
    "max_error_df_val": 399,
    "rho_mean_val": 0.1261673644504018,
    "rho_std_val": 0.12571285259907997,
    "rho_ci_lower_val": 0.11231931920372736,
    "rho_ci_upper_val": 0.14001540969707627,
    "rho_samperror_val": 0.013848045246674448,
    "rho_t_critical_val": 1.9674519478608814,
    "rho_df_val": 318,
    "r2_below_zero_val": 0.4575
  },
  "test_summary": {
    "n_splits_test": 400,
    "mae_mean_test": 1.021996507434246,
    "mae_std_test": 0.08482806775293866,
    "mae_ci_lower_test": 1.0136582167414596,
    "mae_ci_upper_test": 1.0303347981270325,
    "mae_samperror_test": 0.008338290692786405,
    "mae_t_critical_test": 1.965927295920882,
    "mae_df_test": 399,
    "d2mae_mean_test": -0.005592711759802218,
    "d2mae_std_test": 0.0389660895478749,
    "d2mae_ci_lower_test": -0.00942293671267545,
    "d2mae_ci_upper_test": -0.0017624868069289856,
    "d2mae_samperror_test": 0.0038302249528732323,
    "d2mae_t_critical_test": 1.965927295920882,
    "d2mae_df_test": 399,
    "rmse_mean_test": 1.3542235959743698,
    "rmse_std_test": 0.1327654109119457,
    "rmse_ci_lower_test": 1.3411732387110724,
    "rmse_ci_upper_test": 1.3672739532376672,
    "rmse_samperror_test": 0.013050357263297311,
    "rmse_t_critical_test": 1.965927295920882,
    "rmse_df_test": 399,
    "mape_mean_test": 375706247012595.5,
    "mape_std_test": 400233131032915.1,
    "mape_ci_lower_test": 336364785161121.1,
    "mape_ci_upper_test": 415047708864069.9,
    "mape_samperror_test": 39341461851474.34,
    "mape_t_critical_test": 1.965927295920882,
    "mape_df_test": 399,
    "r2_mean_test": -0.03294259814015165,
    "r2_std_test": 0.13183633757882232,
    "r2_ci_lower_test": -0.045901630872173985,
    "r2_ci_upper_test": -0.019983565408129313,
    "r2_samperror_test": 0.012959032732022337,
    "r2_t_critical_test": 1.965927295920882,
    "r2_df_test": 399,
    "median_ae_mean_test": 0.9974755382035292,
    "median_ae_std_test": 0.011772864807935567,
    "median_ae_ci_lower_test": 0.9963183083896738,
    "median_ae_ci_upper_test": 0.9986327680173845,
    "median_ae_samperror_test": 0.001157229813855344,
    "median_ae_t_critical_test": 1.965927295920882,
    "median_ae_df_test": 399,
    "max_error_mean_test": 3.131657182015603,
    "max_error_std_test": 0.6297804619020374,
    "max_error_ci_lower_test": 3.0697520519910593,
    "max_error_ci_upper_test": 3.193562312040147,
    "max_error_samperror_test": 0.06190513002454382,
    "max_error_t_critical_test": 1.965927295920882,
    "max_error_df_test": 399,
    "rho_mean_test": 0.11157772590779258,
    "rho_std_test": 0.18499899609694975,
    "rho_ci_lower_test": 0.09119894668535165,
    "rho_ci_upper_test": 0.1319565051302335,
    "rho_samperror_test": 0.020378779222440926,
    "rho_t_critical_test": 1.9674519478608814,
    "rho_df_test": 318,
    "r2_below_zero_test": 0.5375
  },
  "selected_features": [
    "edges_T6W30",
    "diameter_T6W30",
    "asp_T6W30"
  ]
}