set,r2_mean,r2_std,r2_ci_lower,r2_ci_upper,rmse_mean,rmse_std,rmse_ci_lower,rmse_ci_upper,mae_mean,mae_std,mae_ci_lower,mae_ci_upper,rho_mean,rho_std,rho_ci_lower,rho_ci_upper,r2_below_zero
TEST,-0.021140478014836938,0.0794660173284859,-0.028951698643046548,-0.013329257386627328,1.348122996602063,0.11962855434736014,1.3363639445839115,1.3598820486202143,1.039960950062076,0.08564419537774265,1.0315424369905617,1.04837946313359,0.09003759218988763,0.19394795741642698,0.07097321301623491,0.10910197136354036,0.4925
