set,r2_mean,r2_std,r2_ci_lower,r2_ci_upper,rmse_mean,rmse_std,rmse_ci_lower,rmse_ci_upper,mae_mean,mae_std,mae_ci_lower,mae_ci_upper,rho_mean,rho_std,rho_ci_lower,rho_ci_upper,r2_below_zero
VALIDATION,-0.012226199216144587,0.05137156668405233,-0.0172758374750645,-0.007176560957224674,1.3891278928171622,0.07837113923088121,1.381424294725842,1.3968314909084825,1.0787935570386897,0.05864201913740677,1.0730292597331825,1.084557854344197,0.0947180712315381,0.12631135916553252,0.08230212379311877,0.10713401866995742,0.4375
