target,window,set,metric,mean,std,ci_lower,ci_upper,t_critical,df,significant
COG_V1,T6W40,VALIDATION,R2,-0.017722,0.03975,-0.02163,-0.013815,1.9659,399,True
COG_V1,T6W40,VALIDATION,RMSE,1.393105,0.076631,1.385573,1.400638,1.9659,399,True
COG_V1,T6W40,VALIDATION,MAE,1.087668,0.059373,1.081832,1.093504,1.9659,399,True
COG_V1,T6W40,VALIDATION,rho,0.006144,0.130702,-0.006703,0.018992,1.9659,399,False
COG_V1,T6W40,TEST,R2,-0.019033,0.049792,-0.023927,-0.014138,1.9659,399,True
COG_V1,T6W40,TEST,RMSE,1.346853,0.107355,1.3363,1.357406,1.9659,399,True
COG_V1,T6W40,TEST,MAE,1.044946,0.07788,1.037291,1.052602,1.9659,399,True
COG_V1,T6W40,TEST,rho,0.003826,0.198954,-0.01573,0.023383,1.9659,399,False
