set,r2_mean,r2_std,r2_ci_lower,r2_ci_upper,rmse_mean,rmse_std,rmse_ci_lower,rmse_ci_upper,mae_mean,mae_std,mae_ci_lower,mae_ci_upper,rho_mean,rho_std,rho_ci_lower,rho_ci_upper,r2_below_zero
VALIDATION,-0.01772247050440281,0.03974970395951379,-0.021629721905341934,-0.013815219103463682,1.3931054218682677,0.07663135645877646,1.38557283809898,1.4006380056375554,1.0876680501378186,0.05937297087746784,1.0818319029334222,1.093504197342215,0.00614433007908952,0.1307023973797702,-0.006703240453469889,0.01899190061164893,0.6825
