set,r2_mean,r2_std,r2_ci_lower,r2_ci_upper,rmse_mean,rmse_std,rmse_ci_lower,rmse_ci_upper,mae_mean,mae_std,mae_ci_lower,mae_ci_upper,rho_mean,rho_std,rho_ci_lower,rho_ci_upper,r2_below_zero
TEST,-0.019032711348058992,0.049791645665274685,-0.0239270491141682,-0.014138373581949784,1.3468530788476172,0.10735488748112039,1.3363004836651347,1.3574056740300997,1.0449462188081815,0.07787986228948264,1.0372909114543087,1.0526015261620543,0.0038264063714658013,0.19895381044349764,-0.01573002995745125,0.02338284270038285,0.6425
