set,r2_mean,r2_std,r2_ci_lower,r2_ci_upper,rmse_mean,rmse_std,rmse_ci_lower,rmse_ci_upper,mae_mean,mae_std,mae_ci_lower,mae_ci_upper,rho_mean,rho_std,rho_ci_lower,rho_ci_upper,r2_below_zero
TEST,-0.013780396750853177,0.02285402885543272,-0.01602686470828611,-0.011533928793420245,3.482088583042958,0.26228139276152185,3.456307275580857,3.507869890505059,2.9059084053065414,0.17048624043556784,2.889150227623981,2.922666582989102,-0.02300876895372399,0.18614427578131398,-0.04130607459061947,-0.004711463316828514,0.77
