set,r2_mean,r2_std,r2_ci_lower,r2_ci_upper,rmse_mean,rmse_std,rmse_ci_lower,rmse_ci_upper,mae_mean,mae_std,mae_ci_lower,mae_ci_upper,rho_mean,rho_std,rho_ci_lower,rho_ci_upper,r2_below_zero
VALIDATION,-0.010739127773491628,0.0227339407518359,-0.012973791506885742,-0.008504464040097514,3.4669983428811166,0.17156102634483347,3.450134517650741,3.483862168111492,2.878281632793837,0.1136431087574152,2.8671109283188616,2.889452337268813,-0.03270784705838715,0.1243849449859438,-0.04493443498586135,-0.020481259130912942,0.7575
