{
  "best_trial_number": 15,
  "best_value_internal_minimized": 1.7079303675048356,
  "best_params": {
    "regressor": "QuantileRegressor",
    "use_scaler": true,
    "quantile_alpha": 0.06083735985317325,
    "rfe_n_features": 8
  },
  "best_metadata": {
    "regressor": "QuantileRegressor",
    "use_scaler": true,
    "rfe_estimator": {
      "mode": "original",
      "type": "QuantileRegressor"
    },
    "n_candidate_features": 10,
    "rfe_n_features": 8,
    "rfe_selected_features": [
      "z_l1_T2W30",
      "z_l2_T2W30",
      "z_l3_T2W30",
      "z_lsc_T2W30",
      "z_atd_T2W30",
      "z_density_T2W30",
      "z_diameter_T2W30",
      "z_asp_T2W30"
    ]
  },
  "validation_summary": {
    "n_splits_val": 400,
    "mae_mean_val": 1.7073936170212767,
    "mae_std_val": 0.11467446773926739,
    "mae_ci_lower_val": 1.6961215337075854,
    "mae_ci_upper_val": 1.718665700334968,
    "mae_samperror_val": 0.011272083313691218,
    "mae_t_critical_val": 1.965927295920882,
    "mae_df_val": 399,
    "d2mae_mean_val": 0.0,
    "d2mae_std_val": 0.0,
    "d2mae_ci_lower_val": 0.0,
    "d2mae_ci_upper_val": 0.0,
    "d2mae_samperror_val": 0.0,
    "d2mae_t_critical_val": 1.965927295920882,
    "d2mae_df_val": 399,
    "rmse_mean_val": 2.243702515845499,
    "rmse_std_val": 0.17495595705503073,
    "rmse_ci_lower_val": 2.226504981267577,
    "rmse_ci_upper_val": 2.2609000504234213,
    "rmse_samperror_val": 0.017197534577922325,
    "rmse_t_critical_val": 1.965927295920882,
    "rmse_df_val": 399,
    "mape_mean_val": 0.25654678654678653,
    "mape_std_val": 0.04384538139342981,
    "mape_ci_lower_val": 0.25223694494271626,
    "mape_ci_upper_val": 0.2608566281508568,
    "mape_samperror_val": 0.004309841604070261,
    "mape_t_critical_val": 1.965927295920882,
    "mape_df_val": 399,
    "r2_mean_val": -0.0138422393372142,
    "r2_std_val": 0.013761120853122855,
    "r2_ci_lower_val": -0.015194907492595213,
    "r2_ci_upper_val": -0.012489571181833187,
    "r2_samperror_val": 0.0013526681553810138,
    "r2_t_critical_val": 1.965927295920882,
    "r2_df_val": 399,
    "median_ae_mean_val": 1.05,
    "median_ae_std_val": 0.21821789023599236,
    "median_ae_ci_lower_val": 1.0285499746563398,
    "median_ae_ci_upper_val": 1.0714500253436603,
    "median_ae_samperror_val": 0.021450025343660212,
    "median_ae_t_critical_val": 1.965927295920882,
    "median_ae_df_val": 399,
    "max_error_mean_val": 5.8825,
    "max_error_std_val": 0.8033100382441761,
    "max_error_ci_lower_val": 5.803537543436427,
    "max_error_ci_upper_val": 5.961462456563574,
    "max_error_samperror_val": 0.07896245656357367,
    "max_error_t_critical_val": 1.965927295920882,
    "max_error_df_val": 399,
    "rho_mean_val": NaN,
    "rho_std_val": NaN,
    "rho_ci_lower_val": NaN,
    "rho_ci_upper_val": NaN,
    "rho_samperror_val": NaN,
    "rho_t_critical_val": NaN,
    "rho_df_val": NaN,
    "r2_below_zero_val": 0.9875
  },
  "test_summary": {
    "n_splits_test": 400,
    "mae_mean_test": 1.73,
    "mae_std_test": 0.18046868424875212,
    "mae_ci_lower_test": 1.7122605843788226,
    "mae_ci_upper_test": 1.7477394156211774,
    "mae_samperror_test": 0.017739415621177437,
    "mae_t_critical_test": 1.965927295920882,
    "mae_df_test": 399,
    "d2mae_mean_test": 0.0,
    "d2mae_std_test": 0.0,
    "d2mae_ci_lower_test": 0.0,
    "d2mae_ci_upper_test": 0.0,
    "d2mae_samperror_test": 0.0,
    "d2mae_t_critical_test": 1.965927295920882,
    "d2mae_df_test": 399,
    "rmse_mean_test": 2.2241198176582766,
    "rmse_std_test": 0.26413975287415986,
    "rmse_ci_lower_test": 2.198155840152621,
    "rmse_ci_upper_test": 2.250083795163932,
    "rmse_samperror_test": 0.025963977505655357,
    "rmse_t_critical_test": 1.965927295920882,
    "rmse_df_test": 399,
    "mape_mean_test": 0.26811553181118397,
    "mape_std_test": 0.06772650612964727,
    "mape_ci_lower_test": 0.26145826245830267,
    "mape_ci_upper_test": 0.2747728011640653,
    "mape_samperror_test": 0.006657269352881325,
    "mape_t_critical_test": 1.965927295920882,
    "mape_df_test": 399,
    "r2_mean_test": -0.010569942894826236,
    "r2_std_test": 0.014944343551132671,
    "r2_ci_lower_test": -0.012038917540165783,
    "r2_ci_upper_test": -0.00910096824948669,
    "r2_samperror_test": 0.0014689746453395462,
    "r2_t_critical_test": 1.965927295920882,
    "r2_df_test": 399,
    "median_ae_mean_test": 1.2725,
    "median_ae_std_test": 0.4458033215485943,
    "median_ae_ci_lower_test": 1.2286791540777713,
    "median_ae_ci_upper_test": 1.3163208459222286,
    "median_ae_samperror_test": 0.04382084592222878,
    "median_ae_t_critical_test": 1.965927295920882,
    "median_ae_df_test": 399,
    "max_error_mean_test": 5.165,
    "max_error_std_test": 0.9696005947209438,
    "max_error_ci_lower_test": 5.0696917862348485,
    "max_error_ci_upper_test": 5.260308213765152,
    "max_error_samperror_test": 0.0953082137651512,
    "max_error_t_critical_test": 1.965927295920882,
    "max_error_df_test": 399,
    "rho_mean_test": NaN,
    "rho_std_test": NaN,
    "rho_ci_lower_test": NaN,
    "rho_ci_upper_test": NaN,
    "rho_samperror_test": NaN,
    "rho_t_critical_test": NaN,
    "rho_df_test": NaN,
    "r2_below_zero_test": 0.9225
  },
  "selected_features": [
    "z_l1_T2W30",
    "z_l2_T2W30",
    "z_l3_T2W30",
    "z_lsc_T2W30",
    "z_atd_T2W30",
    "z_density_T2W30",
    "z_diameter_T2W30",
    "z_asp_T2W30"
  ]
}