set,r2_mean,r2_std,r2_ci_lower,r2_ci_upper,rmse_mean,rmse_std,rmse_ci_lower,rmse_ci_upper,mae_mean,mae_std,mae_ci_lower,mae_ci_upper,rho_mean,rho_std,rho_ci_lower,rho_ci_upper,r2_below_zero
VALIDATION,-0.006666904929631886,0.03455775298363067,-0.010063806423442427,-0.003270003435821345,3.4596273507793716,0.17504079979727555,3.4424214764683074,3.4768332250904357,2.8602742341460345,0.12009842847188042,2.848468995209531,2.8720794730825383,0.0945473956104451,0.1235599933609874,0.0824018974288367,0.1066928937920535,0.4425
