set,r2_mean,r2_std,r2_ci_lower,r2_ci_upper,rmse_mean,rmse_std,rmse_ci_lower,rmse_ci_upper,mae_mean,mae_std,mae_ci_lower,mae_ci_upper,rho_mean,rho_std,rho_ci_lower,rho_ci_upper,r2_below_zero
TEST,-0.013449167966086887,0.05290393800583946,-0.018649432755456184,-0.00824890317671759,3.4804062956919735,0.27169867480478704,3.45369930363876,3.5071132877451867,2.890464128395554,0.182674211870289,2.8725079174267223,2.9084203393643855,0.09860933665434098,0.20086705986044912,0.07886483486278945,0.1183538384458925,0.535
