target,window,set,metric,mean,std,ci_lower,ci_upper,t_critical,df,significant
COG_V1,T2W10,VALIDATION,R2,-0.000151,0.068933,-0.006927,0.006625,1.9659,399,False
COG_V1,T2W10,VALIDATION,RMSE,1.343934,0.082757,1.335799,1.352068,1.9659,399,True
COG_V1,T2W10,VALIDATION,MAE,1.056677,0.063561,1.050429,1.062925,1.9659,399,True
COG_V1,T2W10,VALIDATION,rho,0.139005,0.127212,0.126501,0.15151,1.9659,399,True
COG_V1,T2W10,TEST,R2,0.01079,0.09667,0.001287,0.020292,1.9659,399,True
COG_V1,T2W10,TEST,RMSE,1.344626,0.120764,1.332756,1.356497,1.9659,399,True
COG_V1,T2W10,TEST,MAE,1.06752,0.096689,1.058016,1.077024,1.9659,399,True
COG_V1,T2W10,TEST,rho,0.158754,0.204449,0.138658,0.178851,1.9659,399,True
