set,r2_mean,r2_std,r2_ci_lower,r2_ci_upper,rmse_mean,rmse_std,rmse_ci_lower,rmse_ci_upper,mae_mean,mae_std,mae_ci_lower,mae_ci_upper,rho_mean,rho_std,rho_ci_lower,rho_ci_upper,r2_below_zero
VALIDATION,-0.00015091402736137904,0.06893330913911144,-0.0069268077290979575,0.006624979674375199,1.3439337936720517,0.08275684679535143,1.3357990964700854,1.352068490874018,1.0566772113239669,0.0635614367100942,1.0504293531541509,1.0629250694937828,0.1390051349092653,0.12721165131971526,0.1265006920248354,0.1515095777936952,0.425
