set,r2_mean,r2_std,r2_ci_lower,r2_ci_upper,rmse_mean,rmse_std,rmse_ci_lower,rmse_ci_upper,mae_mean,mae_std,mae_ci_lower,mae_ci_upper,rho_mean,rho_std,rho_ci_lower,rho_ci_upper,r2_below_zero
TEST,0.010789818145931687,0.09667010704261515,0.0012874980391981566,0.020292138252665216,1.344626356650756,0.12076350091016572,1.332755743511243,1.356496969790269,1.0675198083947381,0.09668894620798697,1.0580156364665327,1.0770239803229436,0.15875434716039924,0.20444920877326705,0.1386577331525596,0.17885096116823887,0.385
