set,r2_mean,r2_std,r2_ci_lower,r2_ci_upper,rmse_mean,rmse_std,rmse_ci_lower,rmse_ci_upper,mae_mean,mae_std,mae_ci_lower,mae_ci_upper,rho_mean,rho_std,rho_ci_lower,rho_ci_upper,r2_below_zero
TEST,-0.013871611364698295,0.03128889699714283,-0.016947196197995295,-0.010796026531401295,1.3428960973642308,0.11563448626782176,1.331529647719046,1.3542625470094156,1.0285997492077015,0.08484185397689299,1.020260103379216,1.036939395036187,-0.01559178991236879,0.17657526006342422,-0.0329484960895195,0.0017649162647819135,0.7175
