set,r2_mean,r2_std,r2_ci_lower,r2_ci_upper,rmse_mean,rmse_std,rmse_ci_lower,rmse_ci_upper,mae_mean,mae_std,mae_ci_lower,mae_ci_upper,rho_mean,rho_std,rho_ci_lower,rho_ci_upper,r2_below_zero
VALIDATION,-0.01169682112152898,0.026440182958145667,-0.014295794990857013,-0.009097847252200945,1.340488916336074,0.07603689247508931,1.333014766215385,1.347963066456763,1.0197512642020923,0.05552705340636177,1.0142931567044111,1.0252093716997734,-0.02919811583523762,0.12303455582661726,-0.04129196541729004,-0.017104266253185195,0.745
