set,r2_mean,r2_std,r2_ci_lower,r2_ci_upper,rmse_mean,rmse_std,rmse_ci_lower,rmse_ci_upper,mae_mean,mae_std,mae_ci_lower,mae_ci_upper,rho_mean,rho_std,rho_ci_lower,rho_ci_upper,r2_below_zero
TEST,-0.01603311806912825,0.04707633249718097,-0.020660550421531018,-0.011405685716725485,2.2312810002522747,0.2815933189338332,2.203601400650226,2.2589605998543236,1.7651035055525335,0.19112217192867442,1.7463168908200202,1.7838901202850468,0.06004259637062893,0.20123784968273323,0.0402616472874435,0.07982354545381436,0.6025
