set,r2_mean,r2_std,r2_ci_lower,r2_ci_upper,rmse_mean,rmse_std,rmse_ci_lower,rmse_ci_upper,mae_mean,mae_std,mae_ci_lower,mae_ci_upper,rho_mean,rho_std,rho_ci_lower,rho_ci_upper,r2_below_zero
VALIDATION,-0.007635936027996393,0.03442851896489097,-0.011020134287556839,-0.004251737768435947,2.2369052046078757,0.1816455616974782,2.219050106211678,2.2547603030040735,1.7357781748647398,0.11829974572289816,1.7241497399038825,1.7474066098255971,0.091380222221008,0.11750295766836377,0.07983010862942438,0.10293033581259162,0.47
