{
  "best_trial_number": 14,
  "best_value_internal_minimized": 1.0241187384044526,
  "best_params": {
    "regressor": "QuantileRegressor",
    "use_scaler": true,
    "quantile_alpha": 0.7798605754131748,
    "rfe_n_features": 5
  },
  "best_metadata": {
    "regressor": "QuantileRegressor",
    "use_scaler": true,
    "rfe_estimator": {
      "mode": "original",
      "type": "QuantileRegressor"
    },
    "n_candidate_features": 10,
    "rfe_n_features": 5,
    "rfe_selected_features": [
      "z_lsc_T2W10",
      "z_atd_T2W10",
      "z_density_T2W10",
      "z_diameter_T2W10",
      "z_asp_T2W10"
    ]
  },
  "validation_summary": {
    "n_splits_val": 400,
    "mae_mean_val": 1.022908163265306,
    "mae_std_val": 0.05148119374396908,
    "mae_ci_lower_val": 1.0178477490649132,
    "mae_ci_upper_val": 1.027968577465699,
    "mae_samperror_val": 0.005060414200393008,
    "mae_t_critical_val": 1.965927295920882,
    "mae_df_val": 399,
    "d2mae_mean_val": 0.0,
    "d2mae_std_val": 0.0,
    "d2mae_ci_lower_val": 0.0,
    "d2mae_ci_upper_val": 0.0,
    "d2mae_samperror_val": 0.0,
    "d2mae_t_critical_val": 1.965927295920882,
    "d2mae_df_val": 399,
    "rmse_mean_val": 1.3479151026138185,
    "rmse_std_val": 0.07509309941351612,
    "rmse_ci_lower_val": 1.340533723920202,
    "rmse_ci_upper_val": 1.355296481307435,
    "rmse_samperror_val": 0.007381378693616585,
    "rmse_t_critical_val": 1.965927295920882,
    "rmse_df_val": 399,
    "mape_mean_val": 348109869156444.3,
    "mape_std_val": 255812851319700.5,
    "mape_ci_lower_val": 322964395803606.8,
    "mape_ci_upper_val": 373255342509281.8,
    "mape_samperror_val": 25145473352837.473,
    "mape_t_critical_val": 1.965927295920882,
    "mape_df_val": 399,
    "r2_mean_val": -0.004523159493445289,
    "r2_std_val": 0.004595569327848362,
    "r2_ci_lower_val": -0.004974887252540983,
    "r2_ci_upper_val": -0.0040714317343495945,
    "r2_samperror_val": 0.00045172775909569377,
    "r2_t_critical_val": 1.965927295920882,
    "r2_df_val": 399,
    "median_ae_mean_val": 1.0,
    "median_ae_std_val": 0.0,
    "median_ae_ci_lower_val": 1.0,
    "median_ae_ci_upper_val": 1.0,
    "median_ae_samperror_val": 0.0,
    "median_ae_t_critical_val": 1.965927295920882,
    "median_ae_df_val": 399,
    "max_error_mean_val": 2.9725,
    "max_error_std_val": 0.16373996745558456,
    "max_error_ci_lower_val": 2.9564049564272934,
    "max_error_ci_upper_val": 2.988595043572707,
    "max_error_samperror_val": 0.01609504357270653,
    "max_error_t_critical_val": 1.965927295920882,
    "max_error_df_val": 399,
    "rho_mean_val": NaN,
    "rho_std_val": NaN,
    "rho_ci_lower_val": NaN,
    "rho_ci_upper_val": NaN,
    "rho_samperror_val": NaN,
    "rho_t_critical_val": NaN,
    "rho_df_val": NaN,
    "r2_below_zero_val": 0.935
  },
  "test_summary": {
    "n_splits_test": 400,
    "mae_mean_test": 1.0397916666666667,
    "mae_std_test": 0.08006296907426624,
    "mae_ci_lower_test": 1.0319217678518882,
    "mae_ci_upper_test": 1.0476615654814452,
    "mae_samperror_test": 0.007869898814778472,
    "mae_t_critical_test": 1.965927295920882,
    "mae_df_test": 399,
    "d2mae_mean_test": 0.0,
    "d2mae_std_test": 0.0,
    "d2mae_ci_lower_test": 0.0,
    "d2mae_ci_upper_test": 0.0,
    "d2mae_samperror_test": 0.0,
    "d2mae_t_critical_test": 1.965927295920882,
    "d2mae_df_test": 399,
    "rmse_mean_test": 1.3567690703106428,
    "rmse_std_test": 0.11292136468164746,
    "rmse_ci_lower_test": 1.3456693106546285,
    "rmse_ci_upper_test": 1.367868829966657,
    "rmse_samperror_test": 0.01109975965601435,
    "rmse_t_critical_test": 1.965927295920882,
    "rmse_df_test": 399,
    "mape_mean_test": 339177346936340.8,
    "mape_std_test": 404299670181122.6,
    "mape_ci_lower_test": 299436159069296.9,
    "mape_ci_upper_test": 378918534803384.75,
    "mape_samperror_test": 39741187867043.945,
    "mape_t_critical_test": 1.965927295920882,
    "mape_df_test": 399,
    "r2_mean_test": -0.0035984590074556537,
    "r2_std_test": 0.004636321371103027,
    "r2_ci_lower_test": -0.004054192544261292,
    "r2_ci_upper_test": -0.0031427254706500153,
    "r2_samperror_test": 0.0004557335368056385,
    "r2_t_critical_test": 1.965927295920882,
    "r2_df_test": 399,
    "median_ae_mean_test": 1.0,
    "median_ae_std_test": 0.0,
    "median_ae_ci_lower_test": 1.0,
    "median_ae_ci_upper_test": 1.0,
    "median_ae_samperror_test": 0.0,
    "median_ae_t_critical_test": 1.965927295920882,
    "median_ae_df_test": 399,
    "max_error_mean_test": 2.9025,
    "max_error_std_test": 0.297008898375597,
    "max_error_ci_lower_test": 2.873305104977601,
    "max_error_ci_upper_test": 2.9316948950223987,
    "max_error_samperror_test": 0.029194895022398876,
    "max_error_t_critical_test": 1.965927295920882,
    "max_error_df_test": 399,
    "rho_mean_test": NaN,
    "rho_std_test": NaN,
    "rho_ci_lower_test": NaN,
    "rho_ci_upper_test": NaN,
    "rho_samperror_test": NaN,
    "rho_t_critical_test": NaN,
    "rho_df_test": NaN,
    "r2_below_zero_test": 0.8175
  },
  "selected_features": [
    "z_lsc_T2W10",
    "z_atd_T2W10",
    "z_density_T2W10",
    "z_diameter_T2W10",
    "z_asp_T2W10"
  ]
}