set,r2_mean,r2_std,r2_ci_lower,r2_ci_upper,rmse_mean,rmse_std,rmse_ci_lower,rmse_ci_upper,mae_mean,mae_std,mae_ci_lower,mae_ci_upper,rho_mean,rho_std,rho_ci_lower,rho_ci_upper,r2_below_zero
VALIDATION,-0.007172024263076662,0.036157418982953285,-0.010726167109508447,-0.0036178814166448765,7.751578086174715,0.3273719110468156,7.7193986173824785,7.783757554966951,6.613080788424934,0.2545263398398945,6.588061774473831,6.638099802376038,0.07169544590333522,0.13592411473752666,0.05833459953651595,0.0850562922701545,0.4475
