set,r2_mean,r2_std,r2_ci_lower,r2_ci_upper,rmse_mean,rmse_std,rmse_ci_lower,rmse_ci_upper,mae_mean,mae_std,mae_ci_lower,mae_ci_upper,rho_mean,rho_std,rho_ci_lower,rho_ci_upper,r2_below_zero
TEST,-0.010491713993115485,0.048480950338800635,-0.01525721517327713,-0.00572621281295384,7.7293748102418,0.510821560757912,7.6791629077598555,7.779586712723744,6.5993317593227525,0.41871279943287826,6.558173813244926,6.640489705400579,0.05614694388487029,0.18937538698153442,0.037532031762741364,0.07476185600699922,0.5
