set,r2_mean,r2_std,r2_ci_lower,r2_ci_upper,rmse_mean,rmse_std,rmse_ci_lower,rmse_ci_upper,mae_mean,mae_std,mae_ci_lower,mae_ci_upper,rho_mean,rho_std,rho_ci_lower,rho_ci_upper,r2_below_zero
TEST,-0.014807312688218222,0.040227288745681294,-0.01876150893751951,-0.010853116438916934,2.175732915619044,0.26727128331726013,2.1494611200545837,2.2020047111835046,1.6739780617406592,0.17838474432722282,1.6564434898382214,1.691512633643097,0.046234708311176806,0.18654760970056256,0.027897756416220255,0.06457166020613336,0.62
