set,r2_mean,r2_std,r2_ci_lower,r2_ci_upper,rmse_mean,rmse_std,rmse_ci_lower,rmse_ci_upper,mae_mean,mae_std,mae_ci_lower,mae_ci_upper,rho_mean,rho_std,rho_ci_lower,rho_ci_upper,r2_below_zero
VALIDATION,-0.011636965203610928,0.026812589234754047,-0.014272545256156796,-0.009001385151065059,2.2197539293824664,0.1714622877949398,2.2028998097926107,2.236608048972322,1.7209718828551377,0.11481308110462476,1.7096861743515197,1.7322575913587557,0.03051503315123679,0.1252946236132501,0.018199027121565715,0.042831039180907866,0.585
