{
  "best_trial_number": 206,
  "best_value_internal_minimized": 1.6942339276564242,
  "best_params": {
    "regressor": "ExtraTreesRegressor",
    "use_scaler": true,
    "et_n_estimators": 445,
    "et_max_depth": 18,
    "et_min_samples_split": 4,
    "et_min_samples_leaf": 3,
    "et_max_features": "sqrt",
    "rfe_n_features": 6
  },
  "best_metadata": {
    "regressor": "ExtraTreesRegressor",
    "use_scaler": true,
    "rfe_estimator": {
      "mode": "original",
      "type": "ExtraTreesRegressor"
    },
    "n_candidate_features": 13,
    "rfe_n_features": 6,
    "rfe_selected_features": [
      "nodes_T2W30",
      "edges_T2W30",
      "re_T2W30",
      "l1_T2W30",
      "l3_T2W30",
      "lsc_T2W30"
    ]
  },
  "validation_summary": {
    "n_splits_val": 400,
    "mae_mean_val": 1.6924329687954025,
    "mae_std_val": 0.12209589688556804,
    "mae_ci_lower_val": 1.6804313859750386,
    "mae_ci_upper_val": 1.7044345516157664,
    "mae_samperror_val": 0.012001582820363982,
    "mae_t_critical_val": 1.965927295920882,
    "mae_df_val": 399,
    "d2mae_mean_val": 0.008850999801666372,
    "d2mae_std_val": 0.022771505563808813,
    "d2mae_ci_lower_val": 0.006612643583811074,
    "d2mae_ci_upper_val": 0.01108935601952167,
    "d2mae_samperror_val": 0.002238356217855299,
    "d2mae_t_critical_val": 1.965927295920882,
    "d2mae_df_val": 399,
    "rmse_mean_val": 2.1949008735101696,
    "rmse_std_val": 0.18688838744510472,
    "rmse_ci_lower_val": 2.176530424401721,
    "rmse_ci_upper_val": 2.2132713226186183,
    "rmse_samperror_val": 0.01837044910844844,
    "rmse_t_critical_val": 1.965927295920882,
    "rmse_df_val": 399,
    "mape_mean_val": 0.2613365284124357,
    "mape_std_val": 0.04601748149875751,
    "mape_ci_lower_val": 0.25681317726403863,
    "mape_ci_upper_val": 0.2658598795608328,
    "mape_samperror_val": 0.0045233511483970795,
    "mape_t_critical_val": 1.965927295920882,
    "mape_df_val": 399,
    "r2_mean_val": 0.030376812033056522,
    "r2_std_val": 0.03572366605757599,
    "r2_ci_lower_val": 0.026865305522408976,
    "r2_ci_upper_val": 0.03388831854370407,
    "r2_samperror_val": 0.003511506510647548,
    "r2_t_critical_val": 1.965927295920882,
    "r2_df_val": 399,
    "median_ae_mean_val": 1.3301101315203243,
    "median_ae_std_val": 0.14049810784950392,
    "median_ae_ci_lower_val": 1.3162996782579954,
    "median_ae_ci_upper_val": 1.3439205847826532,
    "median_ae_samperror_val": 0.013810453262328784,
    "median_ae_t_critical_val": 1.965927295920882,
    "median_ae_df_val": 399,
    "max_error_mean_val": 5.841721694142234,
    "max_error_std_val": 0.6252930132728922,
    "max_error_ci_lower_val": 5.780257664005144,
    "max_error_ci_upper_val": 5.903185724279324,
    "max_error_samperror_val": 0.061464030137089856,
    "max_error_t_critical_val": 1.965927295920882,
    "max_error_df_val": 399,
    "rho_mean_val": 0.20539669306810537,
    "rho_std_val": 0.1182583174658538,
    "rho_ci_lower_val": 0.1937723303543154,
    "rho_ci_upper_val": 0.21702105578189534,
    "rho_samperror_val": 0.011624362713789959,
    "rho_t_critical_val": 1.965927295920882,
    "rho_df_val": 399,
    "r2_below_zero_val": 0.2
  },
  "test_summary": {
    "n_splits_test": 400,
    "mae_mean_test": 1.7235487763752162,
    "mae_std_test": 0.18618608954392465,
    "mae_ci_lower_test": 1.7052473605974576,
    "mae_ci_upper_test": 1.7418501921529748,
    "mae_samperror_test": 0.01830141577775855,
    "mae_t_critical_test": 1.965927295920882,
    "mae_df_test": 399,
    "d2mae_mean_test": 0.003489455242565326,
    "d2mae_std_test": 0.037022655981541336,
    "d2mae_ci_lower_test": -0.00014973725551470536,
    "d2mae_ci_upper_test": 0.007128647740645358,
    "d2mae_samperror_test": 0.0036391924980800315,
    "d2mae_t_critical_test": 1.965927295920882,
    "d2mae_df_test": 399,
    "rmse_mean_test": 2.1910782673492744,
    "rmse_std_test": 0.2755891810279775,
    "rmse_ci_lower_test": 2.163988852677105,
    "rmse_ci_upper_test": 2.2181676820214435,
    "rmse_samperror_test": 0.027089414672169115,
    "rmse_t_critical_test": 1.965927295920882,
    "rmse_df_test": 399,
    "mape_mean_test": 0.2741525863200359,
    "mape_std_test": 0.06950216528857325,
    "mape_ci_lower_test": 0.26732077612671534,
    "mape_ci_upper_test": 0.2809843965133565,
    "mape_samperror_test": 0.00683181019332055,
    "mape_t_critical_test": 1.965927295920882,
    "mape_df_test": 399,
    "r2_mean_test": 0.0196158007848128,
    "r2_std_test": 0.05464020530730525,
    "r2_ci_lower_test": 0.014244867231395179,
    "r2_ci_upper_test": 0.024986734338230423,
    "r2_samperror_test": 0.005370933553417621,
    "r2_t_critical_test": 1.965927295920882,
    "r2_df_test": 399,
    "median_ae_mean_test": 1.429514122984964,
    "median_ae_std_test": 0.2024599075725576,
    "median_ae_ci_lower_test": 1.4096130500536384,
    "median_ae_ci_upper_test": 1.4494151959162895,
    "median_ae_samperror_test": 0.019901072931325495,
    "median_ae_t_critical_test": 1.965927295920882,
    "median_ae_df_test": 399,
    "max_error_mean_test": 5.170294830012595,
    "max_error_std_test": 0.9195240226397008,
    "max_error_ci_lower_test": 5.0799089612444766,
    "max_error_ci_upper_test": 5.260680698780713,
    "max_error_samperror_test": 0.09038586876811795,
    "max_error_t_critical_test": 1.965927295920882,
    "max_error_df_test": 399,
    "rho_mean_test": 0.18877100856900872,
    "rho_std_test": 0.18451234307523753,
    "rho_ci_lower_test": 0.17063411598471234,
    "rho_ci_upper_test": 0.2069079011533051,
    "rho_samperror_test": 0.01813689258429639,
    "rho_t_critical_test": 1.965927295920882,
    "rho_df_test": 399,
    "r2_below_zero_test": 0.31
  },
  "selected_features": [
    "nodes_T2W30",
    "edges_T2W30",
    "re_T2W30",
    "l1_T2W30",
    "l3_T2W30",
    "lsc_T2W30"
  ]
}