{
  "best_trial_number": 14,
  "best_value_internal_minimized": 1.7079303675048356,
  "best_params": {
    "regressor": "QuantileRegressor",
    "use_scaler": true,
    "quantile_alpha": 0.05732253648094931,
    "rfe_n_features": 11
  },
  "best_metadata": {
    "regressor": "QuantileRegressor",
    "use_scaler": true,
    "rfe_estimator": {
      "mode": "original",
      "type": "QuantileRegressor"
    },
    "n_candidate_features": 13,
    "rfe_n_features": 11,
    "rfe_selected_features": [
      "re_T2W30",
      "pe_T2W30",
      "l1_T2W30",
      "l2_T2W30",
      "l3_T2W30",
      "lcc_T2W30",
      "lsc_T2W30",
      "atd_T2W30",
      "density_T2W30",
      "diameter_T2W30",
      "asp_T2W30"
    ]
  },
  "validation_summary": {
    "n_splits_val": 400,
    "mae_mean_val": 1.7076091541001397,
    "mae_std_val": 0.11482564997359306,
    "mae_ci_lower_val": 1.6963222101223925,
    "mae_ci_upper_val": 1.718896098077887,
    "mae_samperror_val": 0.011286943977747174,
    "mae_t_critical_val": 1.965927295920882,
    "mae_df_val": 399,
    "d2mae_mean_val": -0.00012353954520200606,
    "d2mae_std_val": 0.002470790904040121,
    "d2mae_ci_lower_val": -0.00036640930924028143,
    "d2mae_ci_upper_val": 0.0001193302188362693,
    "d2mae_samperror_val": 0.00024286976403827535,
    "d2mae_t_critical_val": 1.965927295920882,
    "d2mae_df_val": 399,
    "rmse_mean_val": 2.2437323123548927,
    "rmse_std_val": 0.17495970852025966,
    "rmse_ci_lower_val": 2.2265344090215757,
    "rmse_ci_upper_val": 2.2609302156882096,
    "rmse_samperror_val": 0.01719790333331699,
    "rmse_t_critical_val": 1.965927295920882,
    "rmse_df_val": 399,
    "mape_mean_val": 0.2565863342834229,
    "mape_std_val": 0.04384731552477295,
    "mape_ci_lower_val": 0.2522763025612726,
    "mape_ci_upper_val": 0.26089636600557325,
    "mape_samperror_val": 0.00431003172215033,
    "mape_t_critical_val": 1.965927295920882,
    "mape_df_val": 399,
    "r2_mean_val": -0.013868917123705183,
    "r2_std_val": 0.013761945885854594,
    "r2_ci_lower_val": -0.015221666376804565,
    "r2_ci_upper_val": -0.012516167870605801,
    "r2_samperror_val": 0.0013527492530993814,
    "r2_t_critical_val": 1.965927295920882,
    "r2_df_val": 399,
    "median_ae_mean_val": 1.0511917982764816,
    "median_ae_std_val": 0.21924352293242202,
    "median_ae_ci_lower_val": 1.0296409569671463,
    "median_ae_ci_upper_val": 1.0727426395858168,
    "median_ae_samperror_val": 0.021550841309335215,
    "median_ae_t_critical_val": 1.965927295920882,
    "median_ae_df_val": 399,
    "max_error_mean_val": 5.883292132763234,
    "max_error_std_val": 0.8025935390324629,
    "max_error_ci_lower_val": 5.804400105467551,
    "max_error_ci_upper_val": 5.962184160058917,
    "max_error_samperror_val": 0.07889202729568304,
    "max_error_t_critical_val": 1.965927295920882,
    "max_error_df_val": 399,
    "rho_mean_val": 0.021374589126156127,
    "rho_std_val": NaN,
    "rho_ci_lower_val": NaN,
    "rho_ci_upper_val": NaN,
    "rho_samperror_val": NaN,
    "rho_t_critical_val": NaN,
    "rho_df_val": 0,
    "r2_below_zero_val": 0.9875
  },
  "test_summary": {
    "n_splits_test": 400,
    "mae_mean_test": 1.7301702710919733,
    "mae_std_test": 0.18071490374064197,
    "mae_ci_lower_test": 1.7124066529898012,
    "mae_ci_upper_test": 1.7479338891941454,
    "mae_samperror_test": 0.01776361810217214,
    "mae_t_critical_test": 1.965927295920882,
    "mae_df_test": 399,
    "d2mae_mean_test": -8.702744700867627e-05,
    "d2mae_std_test": 0.001740548940173525,
    "d2mae_ci_lower_test": -0.000258117080577341,
    "d2mae_ci_upper_test": 8.406218655998847e-05,
    "d2mae_samperror_test": 0.00017108963356866474,
    "d2mae_t_critical_test": 1.965927295920882,
    "d2mae_df_test": 399,
    "rmse_mean_test": 2.2242704735467758,
    "rmse_std_test": 0.2642806822766056,
    "rmse_ci_lower_test": 2.198292643193167,
    "rmse_ci_upper_test": 2.2502483039003844,
    "rmse_samperror_test": 0.025977830353608653,
    "rmse_t_critical_test": 1.965927295920882,
    "rmse_df_test": 399,
    "mape_mean_test": 0.2681620141313988,
    "mape_std_test": 0.06776957562396653,
    "mape_ci_lower_test": 0.26150051120379225,
    "mape_ci_upper_test": 0.2748235170590053,
    "mape_samperror_test": 0.006661502927606512,
    "mape_t_critical_test": 1.965927295920882,
    "mape_df_test": 399,
    "r2_mean_test": -0.010695283231002195,
    "r2_std_test": 0.015089102580508884,
    "r2_ci_lower_test": -0.012178487162700827,
    "r2_ci_upper_test": -0.009212079299303563,
    "r2_samperror_test": 0.0014832039316986317,
    "r2_t_critical_test": 1.965927295920882,
    "r2_df_test": 399,
    "median_ae_mean_test": 1.2721185082693325,
    "median_ae_std_test": 0.4452441512898398,
    "median_ae_ci_lower_test": 1.2283526267508413,
    "median_ae_ci_upper_test": 1.3158843897878236,
    "median_ae_samperror_test": 0.043765881518491145,
    "median_ae_t_critical_test": 1.965927295920882,
    "median_ae_df_test": 399,
    "max_error_mean_test": 5.165618221113191,
    "max_error_std_test": 0.9695739620797775,
    "max_error_ci_lower_test": 5.070312625239851,
    "max_error_ci_upper_test": 5.260923816986531,
    "max_error_samperror_test": 0.09530559587333963,
    "max_error_t_critical_test": 1.965927295920882,
    "max_error_df_test": 399,
    "rho_mean_test": -0.24347252272744008,
    "rho_std_test": NaN,
    "rho_ci_lower_test": NaN,
    "rho_ci_upper_test": NaN,
    "rho_samperror_test": NaN,
    "rho_t_critical_test": NaN,
    "rho_df_test": 0,
    "r2_below_zero_test": 0.9225
  },
  "selected_features": [
    "re_T2W30",
    "pe_T2W30",
    "l1_T2W30",
    "l2_T2W30",
    "l3_T2W30",
    "lcc_T2W30",
    "lsc_T2W30",
    "atd_T2W30",
    "density_T2W30",
    "diameter_T2W30",
    "asp_T2W30"
  ]
}