{
  "best_trial_number": 265,
  "best_value_internal_minimized": 1.698709420250257,
  "best_params": {
    "regressor": "ExtraTreesRegressor",
    "use_scaler": false,
    "et_n_estimators": 326,
    "et_max_depth": 19,
    "et_min_samples_split": 10,
    "et_min_samples_leaf": 3,
    "et_max_features": "sqrt",
    "rfe_n_features": 7
  },
  "best_metadata": {
    "regressor": "ExtraTreesRegressor",
    "use_scaler": false,
    "rfe_estimator": {
      "mode": "original",
      "type": "ExtraTreesRegressor"
    },
    "n_candidate_features": 13,
    "rfe_n_features": 7,
    "rfe_selected_features": [
      "nodes_T2W30",
      "edges_T2W30",
      "re_T2W30",
      "l1_T2W30",
      "l3_T2W30",
      "lsc_T2W30",
      "atd_T2W30"
    ]
  },
  "validation_summary": {
    "n_splits_val": 400,
    "mae_mean_val": 1.6964270700954982,
    "mae_std_val": 0.12089544574105773,
    "mae_ci_lower_val": 1.6845434872587548,
    "mae_ci_upper_val": 1.7083106529322416,
    "mae_samperror_val": 0.011883582836743367,
    "mae_t_critical_val": 1.965927295920882,
    "mae_df_val": 399,
    "d2mae_mean_val": 0.006485170455696486,
    "d2mae_std_val": 0.02128366552926781,
    "d2mae_ci_lower_val": 0.0043930635046345885,
    "d2mae_ci_upper_val": 0.008577277406758383,
    "d2mae_samperror_val": 0.002092106951061898,
    "d2mae_t_critical_val": 1.965927295920882,
    "d2mae_df_val": 399,
    "rmse_mean_val": 2.201590671809563,
    "rmse_std_val": 0.18611893658976514,
    "rmse_ci_lower_val": 2.183295856923084,
    "rmse_ci_upper_val": 2.2198854866960422,
    "rmse_samperror_val": 0.018294814886479355,
    "rmse_t_critical_val": 1.965927295920882,
    "rmse_df_val": 399,
    "mape_mean_val": 0.2621067655987759,
    "mape_std_val": 0.04589669260452673,
    "mape_ci_lower_val": 0.25759528755958944,
    "mape_ci_upper_val": 0.2666182436379623,
    "mape_samperror_val": 0.004511478039186459,
    "mape_t_critical_val": 1.965927295920882,
    "mape_df_val": 399,
    "r2_mean_val": 0.02446321152905786,
    "r2_std_val": 0.03298126141530742,
    "r2_ci_lower_val": 0.02122127342554511,
    "r2_ci_upper_val": 0.02770514963257061,
    "r2_samperror_val": 0.0032419381035127515,
    "r2_t_critical_val": 1.965927295920882,
    "r2_df_val": 399,
    "median_ae_mean_val": 1.3270392012655114,
    "median_ae_std_val": 0.1473939828776577,
    "median_ae_ci_lower_val": 1.3125509085558273,
    "median_ae_ci_upper_val": 1.3415274939751956,
    "median_ae_samperror_val": 0.01448829270968412,
    "median_ae_t_critical_val": 1.965927295920882,
    "median_ae_df_val": 399,
    "max_error_mean_val": 5.841179690719489,
    "max_error_std_val": 0.622233776023232,
    "max_error_ci_lower_val": 5.7800163724830895,
    "max_error_ci_upper_val": 5.902343008955889,
    "max_error_samperror_val": 0.061163318236399616,
    "max_error_t_critical_val": 1.965927295920882,
    "max_error_df_val": 399,
    "rho_mean_val": 0.19242253189135,
    "rho_std_val": 0.11830370053678722,
    "rho_ci_lower_val": 0.18079370818666401,
    "rho_ci_upper_val": 0.204051355596036,
    "rho_samperror_val": 0.011628823704685995,
    "rho_t_critical_val": 1.965927295920882,
    "rho_df_val": 399,
    "r2_below_zero_val": 0.22
  },
  "test_summary": {
    "n_splits_test": 400,
    "mae_mean_test": 1.727847081146888,
    "mae_std_test": 0.18684313899147162,
    "mae_ci_lower_test": 1.7094810797969444,
    "mae_ci_upper_test": 1.7462130824968316,
    "mae_samperror_test": 0.018366001349943664,
    "mae_t_critical_test": 1.965927295920882,
    "mae_df_test": 399,
    "d2mae_mean_test": 0.001085229192217609,
    "d2mae_std_test": 0.035094114813949216,
    "d2mae_ci_lower_test": -0.0023643947197285985,
    "d2mae_ci_upper_test": 0.004534853104163817,
    "d2mae_samperror_test": 0.0034496239119462075,
    "d2mae_t_critical_test": 1.965927295920882,
    "d2mae_df_test": 399,
    "rmse_mean_test": 2.1976927919957485,
    "rmse_std_test": 0.2753895026645233,
    "rmse_ci_lower_test": 2.1706230049808353,
    "rmse_ci_upper_test": 2.2247625790106618,
    "rmse_samperror_test": 0.027069787014913138,
    "rmse_t_critical_test": 1.965927295920882,
    "rmse_df_test": 399,
    "mape_mean_test": 0.27494781069130325,
    "mape_std_test": 0.06965874264145375,
    "mape_ci_lower_test": 0.26810060951338516,
    "mape_ci_upper_test": 0.28179501186922135,
    "mape_samperror_test": 0.00684720117791809,
    "mape_t_critical_test": 1.965927295920882,
    "mape_df_test": 399,
    "r2_mean_test": 0.013732635917926131,
    "r2_std_test": 0.05176125622195877,
    "r2_ci_lower_test": 0.008644692594030966,
    "r2_ci_upper_test": 0.018820579241821296,
    "r2_samperror_test": 0.005087943323895166,
    "r2_t_critical_test": 1.965927295920882,
    "r2_df_test": 399,
    "median_ae_mean_test": 1.4312848157294773,
    "median_ae_std_test": 0.21199458054621967,
    "median_ae_ci_lower_test": 1.4104465191053217,
    "median_ae_ci_upper_test": 1.452123112353633,
    "median_ae_samperror_test": 0.020838296624155563,
    "median_ae_t_critical_test": 1.965927295920882,
    "median_ae_df_test": 399,
    "max_error_mean_test": 5.1737558161949195,
    "max_error_std_test": 0.9108057697896116,
    "max_error_ci_lower_test": 5.084226919989338,
    "max_error_ci_upper_test": 5.263284712400501,
    "max_error_samperror_test": 0.08952889620558142,
    "max_error_t_critical_test": 1.965927295920882,
    "max_error_df_test": 399,
    "rho_mean_test": 0.16880834823677637,
    "rho_std_test": 0.18982253453585465,
    "rho_ci_lower_test": 0.15014948313553034,
    "rho_ci_upper_test": 0.1874672133380224,
    "rho_samperror_test": 0.01865886510124605,
    "rho_t_critical_test": 1.965927295920882,
    "rho_df_test": 399,
    "r2_below_zero_test": 0.35
  },
  "selected_features": [
    "nodes_T2W30",
    "edges_T2W30",
    "re_T2W30",
    "l1_T2W30",
    "l3_T2W30",
    "lsc_T2W30",
    "atd_T2W30"
  ]
}