{
  "mean_abs_shap": {
    "nodes_T2W30": 0.0565162984413472,
    "edges_T2W30": 0.14171060287771772,
    "re_T2W30": 0.08622367531428872,
    "l1_T2W30": 0.06327192887890207,
    "l3_T2W30": 0.066949607011707,
    "lsc_T2W30": 0.09152589450936693,
    "atd_T2W30": 0.058325688091878825
  },
  "mean_shap": {
    "nodes_T2W30": -0.00032388533159647645,
    "edges_T2W30": 0.00038900928800528347,
    "re_T2W30": 0.0003537299652178875,
    "l1_T2W30": -0.0005057672016332656,
    "l3_T2W30": 0.0008480091456229511,
    "lsc_T2W30": -0.0027191088123637284,
    "atd_T2W30": 0.0019580129467482374
  },
  "regressor": "ExtraTreesRegressor",
  "n_subjects": 230,
  "n_features": 7
}