{
  "mean_abs_shap": {
    "nodes_T2W30": 0.07428641457330828,
    "edges_T2W30": 0.15519679733185143,
    "re_T2W30": 0.10998698704534687,
    "l1_T2W30": 0.07693702033815539,
    "l3_T2W30": 0.07645940788734537,
    "lsc_T2W30": 0.09577497829407335
  },
  "mean_shap": {
    "nodes_T2W30": 0.002034705014233073,
    "edges_T2W30": 0.003334351878625067,
    "re_T2W30": -0.0024387322642303207,
    "l1_T2W30": 0.0022184246842646797,
    "l3_T2W30": 0.00037149307128288685,
    "lsc_T2W30": -0.005520242384175381
  },
  "regressor": "ExtraTreesRegressor",
  "n_subjects": 230,
  "n_features": 6
}