set,r2_mean,r2_std,r2_ci_lower,r2_ci_upper,rmse_mean,rmse_std,rmse_ci_lower,rmse_ci_upper,mae_mean,mae_std,mae_ci_lower,mae_ci_upper,rho_mean,rho_std,rho_ci_lower,rho_ci_upper,r2_below_zero
VALIDATION,-0.01322145423147188,0.038546569974121515,-0.01701044193528437,-0.009432466527659392,2.2562776824407274,0.1881519701865183,2.237783027742179,2.2747723371392756,1.7614475381826722,0.12564875597575348,1.7490967222291105,1.7737983541362339,0.04699098528346427,0.12523993628857127,0.03468035481900955,0.05930161574791899,0.56
