set,r2_mean,r2_std,r2_ci_lower,r2_ci_upper,rmse_mean,rmse_std,rmse_ci_lower,rmse_ci_upper,mae_mean,mae_std,mae_ci_lower,mae_ci_upper,rho_mean,rho_std,rho_ci_lower,rho_ci_upper,r2_below_zero
TEST,-0.020334714519939796,0.06102834767673587,-0.026333579246072034,-0.014335849793807557,2.1852581529338364,0.27146823703578504,2.1585738120756277,2.211942493792045,1.6974917016308426,0.18874151222933158,1.6789390970925913,1.716044306169094,0.03208830982038661,0.18921564319046405,0.013489099932218637,0.050687519708554576,0.5875
