{
  "best_trial_number": 70,
  "best_value_internal_minimized": 1.7164522910014892,
  "best_params": {
    "regressor": "XGBRegressor",
    "use_scaler": true,
    "xgb_n_estimators": 345,
    "xgb_max_depth": 6,
    "xgb_learning_rate": 0.0016423917387278226,
    "xgb_subsample": 0.7042266065353493,
    "xgb_colsample_bytree": 0.686344258506157,
    "xgb_reg_alpha": 2.1766272093025525e-06,
    "xgb_reg_lambda": 0.03241761224097118,
    "xgb_booster": "gbtree",
    "rfe_n_features": 3
  },
  "best_metadata": {
    "regressor": "XGBRegressor",
    "use_scaler": true,
    "rfe_estimator": {
      "mode": "original",
      "type": "XGBRegressor"
    },
    "n_candidate_features": 9,
    "rfe_n_features": 3,
    "rfe_selected_features": [
      "z_l3_T2W10",
      "z_diameter_T2W10",
      "z_asp_T2W10"
    ]
  },
  "validation_summary": {
    "n_splits_val": 400,
    "mae_mean_val": 1.7300255972025347,
    "mae_std_val": 0.12378676221720125,
    "mae_ci_lower_val": 1.7178578084667115,
    "mae_ci_upper_val": 1.7421933859383578,
    "mae_samperror_val": 0.012167788735823182,
    "mae_t_critical_val": 1.965927295920882,
    "mae_df_val": 399,
    "d2mae_mean_val": 0.007607992101720335,
    "d2mae_std_val": 0.02533798565089206,
    "d2mae_ci_lower_val": 0.005117360220983319,
    "d2mae_ci_upper_val": 0.010098623982457353,
    "d2mae_samperror_val": 0.0024906318807370164,
    "d2mae_t_critical_val": 1.965927295920882,
    "d2mae_df_val": 399,
    "rmse_mean_val": 2.223711940918659,
    "rmse_std_val": 0.17693342673957366,
    "rmse_ci_lower_val": 2.206320028259252,
    "rmse_ci_upper_val": 2.2411038535780663,
    "rmse_samperror_val": 0.017391912659407278,
    "rmse_t_critical_val": 1.965927295920882,
    "rmse_df_val": 399,
    "mape_mean_val": 0.2713312783047942,
    "mape_std_val": 0.04713796483311435,
    "mape_ci_lower_val": 0.26669778771781527,
    "mape_ci_upper_val": 0.2759647688917731,
    "mape_samperror_val": 0.004633490586978906,
    "mape_t_critical_val": 1.965927295920882,
    "mape_df_val": 399,
    "r2_mean_val": 0.028183703061026372,
    "r2_std_val": 0.03781097182199908,
    "r2_ci_lower_val": 0.024467021981518206,
    "r2_ci_upper_val": 0.03190038414053454,
    "r2_samperror_val": 0.0037166810795081656,
    "r2_t_critical_val": 1.965927295920882,
    "r2_df_val": 399,
    "median_ae_mean_val": 1.3525308692455291,
    "median_ae_std_val": 0.1463961799096092,
    "median_ae_ci_lower_val": 1.3381406569403869,
    "median_ae_ci_upper_val": 1.3669210815506714,
    "median_ae_samperror_val": 0.01439021230514225,
    "median_ae_t_critical_val": 1.965927295920882,
    "median_ae_df_val": 399,
    "max_error_mean_val": 5.821265383958816,
    "max_error_std_val": 0.5962678647220635,
    "max_error_ci_lower_val": 5.762654420411938,
    "max_error_ci_upper_val": 5.879876347505695,
    "max_error_samperror_val": 0.05861096354687823,
    "max_error_t_critical_val": 1.965927295920882,
    "max_error_df_val": 399,
    "rho_mean_val": 0.173886891400708,
    "rho_std_val": 0.12861072448619001,
    "rho_ci_lower_val": 0.16124492470992996,
    "rho_ci_upper_val": 0.18652885809148606,
    "rho_samperror_val": 0.012641966690778054,
    "rho_t_critical_val": 1.965927295920882,
    "rho_df_val": 399,
    "r2_below_zero_val": 0.21
  },
  "test_summary": {
    "n_splits_test": 400,
    "mae_mean_test": 1.7000639908015729,
    "mae_std_test": 0.19875953826703946,
    "mae_ci_lower_test": 1.6805266507213827,
    "mae_ci_upper_test": 1.719601330881763,
    "mae_samperror_test": 0.0195373400801902,
    "mae_t_critical_test": 1.965927295920882,
    "mae_df_test": 399,
    "d2mae_mean_test": 0.010696996982422729,
    "d2mae_std_test": 0.03763604696431134,
    "d2mae_ci_lower_test": 0.0069975103805377335,
    "d2mae_ci_upper_test": 0.014396483584307724,
    "d2mae_samperror_test": 0.0036994866018849955,
    "d2mae_t_critical_test": 1.965927295920882,
    "d2mae_df_test": 399,
    "rmse_mean_test": 2.1777237250123505,
    "rmse_std_test": 0.2867495311953498,
    "rmse_ci_lower_test": 2.1495372884888777,
    "rmse_ci_upper_test": 2.205910161535823,
    "rmse_samperror_test": 0.02818643652347273,
    "rmse_t_critical_test": 1.965927295920882,
    "rmse_df_test": 399,
    "mape_mean_test": 0.26927262100917243,
    "mape_std_test": 0.0720110377998316,
    "mape_ci_lower_test": 0.2621941977682585,
    "mape_ci_upper_test": 0.2763510442500864,
    "mape_samperror_test": 0.007078423240913968,
    "mape_t_critical_test": 1.965927295920882,
    "mape_df_test": 399,
    "r2_mean_test": 0.02156751499268785,
    "r2_std_test": 0.060559003938490424,
    "r2_ci_lower_test": 0.015614785049864926,
    "r2_ci_upper_test": 0.02752024493551078,
    "r2_samperror_test": 0.005952729942822926,
    "r2_t_critical_test": 1.965927295920882,
    "r2_df_test": 399,
    "median_ae_mean_test": 1.339030038714409,
    "median_ae_std_test": 0.2007327237553131,
    "median_ae_ci_lower_test": 1.3192987416736532,
    "median_ae_ci_upper_test": 1.3587613357551647,
    "median_ae_samperror_test": 0.019731297040755803,
    "median_ae_t_critical_test": 1.965927295920882,
    "median_ae_df_test": 399,
    "max_error_mean_test": 5.224705928564072,
    "max_error_std_test": 0.9109538395260558,
    "max_error_ci_lower_test": 5.135162477641662,
    "max_error_ci_upper_test": 5.3142493794864825,
    "max_error_samperror_test": 0.0895434509224102,
    "max_error_t_critical_test": 1.965927295920882,
    "max_error_df_test": 399,
    "rho_mean_test": 0.1706127792481975,
    "rho_std_test": 0.20331748405364675,
    "rho_ci_lower_test": 0.15062740966624638,
    "rho_ci_upper_test": 0.19059814883014864,
    "rho_samperror_test": 0.01998536958195114,
    "rho_t_critical_test": 1.965927295920882,
    "rho_df_test": 399,
    "r2_below_zero_test": 0.3225
  },
  "selected_features": [
    "z_l3_T2W10",
    "z_diameter_T2W10",
    "z_asp_T2W10"
  ]
}