set,r2_mean,r2_std,r2_ci_lower,r2_ci_upper,rmse_mean,rmse_std,rmse_ci_lower,rmse_ci_upper,mae_mean,mae_std,mae_ci_lower,mae_ci_upper,rho_mean,rho_std,rho_ci_lower,rho_ci_upper,r2_below_zero
TEST,-0.011764001148149154,0.07441102253194594,-0.01907833416379597,-0.00444966813250234,3.4585012273120093,0.2588742743290501,3.4330548272062495,3.483947627417769,2.8546370194555015,0.1928611411742888,2.835679470367652,2.873594568543351,0.05770826421095442,0.20436897985261862,0.03761953641436604,0.07779699200754281,0.51
