set,r2_mean,r2_std,r2_ci_lower,r2_ci_upper,rmse_mean,rmse_std,rmse_ci_lower,rmse_ci_upper,mae_mean,mae_std,mae_ci_lower,mae_ci_upper,rho_mean,rho_std,rho_ci_lower,rho_ci_upper,r2_below_zero
VALIDATION,-0.005440287245207624,0.04808142932851484,-0.010166516962398533,-0.0007140575280167169,3.4874293757295107,0.1706582804506995,3.470654287138863,3.5042044643201584,2.8766639325339485,0.1282876651577596,2.8640537214007686,2.8892741436671283,0.05872181556807957,0.13645678951080512,0.04530860920742847,0.07213502192873067,0.475
