set,r2_mean,r2_std,r2_ci_lower,r2_ci_upper,rmse_mean,rmse_std,rmse_ci_lower,rmse_ci_upper,mae_mean,mae_std,mae_ci_lower,mae_ci_upper,rho_mean,rho_std,rho_ci_lower,rho_ci_upper,r2_below_zero
TEST,-0.011149505790654329,0.05420183908916618,-0.01647734953837949,-0.005821662042929168,7.600979756394902,0.5038253378759865,7.551455557189554,7.65050395560025,6.412586611114495,0.3950949781325924,6.3737502110148885,6.451423011214102,0.032709355718141764,0.19696737046804708,0.013348179217697046,0.052070532218586485,0.5425
