set,r2_mean,r2_std,r2_ci_lower,r2_ci_upper,rmse_mean,rmse_std,rmse_ci_lower,rmse_ci_upper,mae_mean,mae_std,mae_ci_lower,mae_ci_upper,rho_mean,rho_std,rho_ci_lower,rho_ci_upper,r2_below_zero
VALIDATION,-0.011065857651969668,0.06891214017757964,-0.017839670521741163,-0.004292044782198173,7.654162289037993,0.3899260813262457,7.615833972704457,7.692490605371529,6.519107564075703,0.2767148279360513,6.491907502404426,6.546307625746979,0.04102934017207336,0.13339984422306472,0.027916620420587533,0.05414205992355919,0.4925
