set,r2_mean,r2_std,r2_ci_lower,r2_ci_upper,rmse_mean,rmse_std,rmse_ci_lower,rmse_ci_upper,mae_mean,mae_std,mae_ci_lower,mae_ci_upper,rho_mean,rho_std,rho_ci_lower,rho_ci_upper,r2_below_zero
TEST,-3.6884334782133357e+17,5.682960180393099e+18,-9.274576748346463e+17,1.8977097919197907e+17,95501828.01487142,787844327.4357034,18059594.602757514,172944061.42698532,19100366.390364308,157568865.52432466,3611919.7042864766,34588813.07644214,-0.051191597157446915,0.18069903683233354,-0.06895365560021177,-0.03342953871468205,0.77
