set,r2_mean,r2_std,r2_ci_lower,r2_ci_upper,rmse_mean,rmse_std,rmse_ci_lower,rmse_ci_upper,mae_mean,mae_std,mae_ci_lower,mae_ci_upper,rho_mean,rho_std,rho_ci_lower,rho_ci_upper,r2_below_zero
VALIDATION,-2.7585368803021267e+17,2.9267752500944046e+18,-5.6354505568952544e+17,1.1837679629100096e+16,177144642.34824622,673270387.7373399,110964610.7088426,243324673.98764983,24805212.34972933,94276711.55626439,15538154.31882334,34072270.38063532,-0.024804166389089805,0.1268650100619494,-0.03727453569799299,-0.012333797080186623,0.765
