set,r2_mean,r2_std,r2_ci_lower,r2_ci_upper,rmse_mean,rmse_std,rmse_ci_lower,rmse_ci_upper,mae_mean,mae_std,mae_ci_lower,mae_ci_upper,rho_mean,rho_std,rho_ci_lower,rho_ci_upper,r2_below_zero
TEST,-0.016262000264443778,0.04285799557153961,-0.020474785431571076,-0.01204921509731648,1.3453215108204566,0.10864966666916148,1.3346416435505761,1.356001378090337,1.0419615588649789,0.07749563551566213,1.0343440196062301,1.0495790981237276,-0.02116384447946964,0.19790776856988027,-0.040617458694785655,-0.0017102302641536192,0.675
