set,r2_mean,r2_std,r2_ci_lower,r2_ci_upper,rmse_mean,rmse_std,rmse_ci_lower,rmse_ci_upper,mae_mean,mae_std,mae_ci_lower,mae_ci_upper,rho_mean,rho_std,rho_ci_lower,rho_ci_upper,r2_below_zero
VALIDATION,-0.013897246279263102,0.03144383185588886,-0.016988060645955025,-0.01080643191257118,1.3906890005482488,0.07690201887814359,1.3831298116470505,1.3982481894494472,1.084353177825583,0.05699337900397766,1.0787509358520488,1.0899554197991173,-0.020370916785294995,0.13315339406185145,-0.03345941138183016,-0.007282422188759834,0.7075
