{
  "best_trial_number": 9,
  "best_value_internal_minimized": 1.730429292929293,
  "best_params": {
    "regressor": "QuantileRegressor",
    "use_scaler": false,
    "quantile_alpha": 5.18260989109199,
    "rfe_n_features": 5
  },
  "best_metadata": {
    "regressor": "QuantileRegressor",
    "use_scaler": false,
    "rfe_estimator": {
      "mode": "original",
      "type": "QuantileRegressor"
    },
    "n_candidate_features": 13,
    "rfe_n_features": 5,
    "rfe_selected_features": [
      "lsc_T2W20",
      "atd_T2W20",
      "density_T2W20",
      "diameter_T2W20",
      "asp_T2W20"
    ]
  },
  "validation_summary": {
    "n_splits_val": 400,
    "mae_mean_val": 1.7259375,
    "mae_std_val": 0.11860737965620506,
    "mae_ci_lower_val": 1.7142788257418107,
    "mae_ci_upper_val": 1.7375961742581891,
    "mae_samperror_val": 0.011658674258189233,
    "mae_t_critical_val": 1.965927295920882,
    "mae_df_val": 399,
    "d2mae_mean_val": 0.0,
    "d2mae_std_val": 0.0,
    "d2mae_ci_lower_val": 0.0,
    "d2mae_ci_upper_val": 0.0,
    "d2mae_samperror_val": 0.0,
    "d2mae_t_critical_val": 1.965927295920882,
    "d2mae_df_val": 399,
    "rmse_mean_val": 2.2540172665008456,
    "rmse_std_val": 0.17471158900041597,
    "rmse_ci_lower_val": 2.236843752414364,
    "rmse_ci_upper_val": 2.271190780587327,
    "rmse_samperror_val": 0.017173514086481413,
    "rmse_t_critical_val": 1.965927295920882,
    "rmse_df_val": 399,
    "mape_mean_val": 0.259336371961372,
    "mape_std_val": 0.04347319499309265,
    "mape_ci_lower_val": 0.2550631149274814,
    "mape_ci_upper_val": 0.2636096289952626,
    "mape_samperror_val": 0.0042732570338905925,
    "mape_t_critical_val": 1.965927295920882,
    "mape_df_val": 399,
    "r2_mean_val": -0.01612674907818574,
    "r2_std_val": 0.013352636074830488,
    "r2_ci_lower_val": -0.017439264664786094,
    "r2_ci_upper_val": -0.014814233491585383,
    "r2_samperror_val": 0.0013125155866003562,
    "r2_t_critical_val": 1.965927295920882,
    "r2_df_val": 399,
    "median_ae_mean_val": 1.13625,
    "median_ae_std_val": 0.3037954355593031,
    "median_ae_ci_lower_val": 1.1063880130428896,
    "median_ae_ci_upper_val": 1.1661119869571104,
    "median_ae_samperror_val": 0.029861986957110367,
    "median_ae_t_critical_val": 1.965927295920882,
    "median_ae_df_val": 399,
    "max_error_mean_val": 5.8725,
    "max_error_std_val": 0.7891772626474354,
    "max_error_ci_lower_val": 5.794926743902064,
    "max_error_ci_upper_val": 5.9500732560979355,
    "max_error_samperror_val": 0.07757325609793582,
    "max_error_t_critical_val": 1.965927295920882,
    "max_error_df_val": 399,
    "rho_mean_val": NaN,
    "rho_std_val": NaN,
    "rho_ci_lower_val": NaN,
    "rho_ci_upper_val": NaN,
    "rho_samperror_val": NaN,
    "rho_t_critical_val": NaN,
    "rho_df_val": NaN,
    "r2_below_zero_val": 0.99
  },
  "test_summary": {
    "n_splits_test": 400,
    "mae_mean_test": 1.70125,
    "mae_std_test": 0.17143401028687666,
    "mae_ci_lower_test": 1.6843986599863923,
    "mae_ci_upper_test": 1.7181013400136076,
    "mae_samperror_test": 0.016851340013607604,
    "mae_t_critical_test": 1.965927295920882,
    "mae_df_test": 399,
    "d2mae_mean_test": 0.0,
    "d2mae_std_test": 0.0,
    "d2mae_ci_lower_test": 0.0,
    "d2mae_ci_upper_test": 0.0,
    "d2mae_samperror_test": 0.0,
    "d2mae_t_critical_test": 1.965927295920882,
    "d2mae_df_test": 399,
    "rmse_mean_test": 2.190543349465487,
    "rmse_std_test": 0.25292573880997893,
    "rmse_ci_lower_test": 2.1656816687771125,
    "rmse_ci_upper_test": 2.2154050301538617,
    "rmse_samperror_test": 0.024861680688374656,
    "rmse_t_critical_test": 1.965927295920882,
    "rmse_df_test": 399,
    "mape_mean_test": 0.2608505013505013,
    "mape_std_test": 0.06480740573237617,
    "mape_ci_lower_test": 0.2544801689551464,
    "mape_ci_upper_test": 0.2672208337458562,
    "mape_samperror_test": 0.006370332395354888,
    "mape_t_critical_test": 1.965927295920882,
    "mape_df_test": 399,
    "r2_mean_test": -0.013054863656918296,
    "r2_std_test": 0.01608268316211826,
    "r2_ci_lower_test": -0.014635732947921068,
    "r2_ci_upper_test": -0.011473994365915523,
    "r2_samperror_test": 0.0015808692910027726,
    "r2_t_critical_test": 1.965927295920882,
    "r2_df_test": 399,
    "median_ae_mean_test": 1.1875,
    "median_ae_std_test": 0.3355969506464682,
    "median_ae_ci_lower_test": 1.1545120397148148,
    "median_ae_ci_upper_test": 1.2204879602851852,
    "median_ae_samperror_test": 0.03298796028518525,
    "median_ae_t_critical_test": 1.965927295920882,
    "median_ae_df_test": 399,
    "max_error_mean_test": 5.2025,
    "max_error_std_test": 0.9817858772522295,
    "max_error_ci_lower_test": 5.10599401725801,
    "max_error_ci_upper_test": 5.299005982741989,
    "max_error_samperror_test": 0.09650598274198932,
    "max_error_t_critical_test": 1.965927295920882,
    "max_error_df_test": 399,
    "rho_mean_test": NaN,
    "rho_std_test": NaN,
    "rho_ci_lower_test": NaN,
    "rho_ci_upper_test": NaN,
    "rho_samperror_test": NaN,
    "rho_t_critical_test": NaN,
    "rho_df_test": NaN,
    "r2_below_zero_test": 0.935
  },
  "selected_features": [
    "lsc_T2W20",
    "atd_T2W20",
    "density_T2W20",
    "diameter_T2W20",
    "asp_T2W20"
  ]
}