{
  "best_trial_number": 8,
  "best_value_internal_minimized": 1.730429292929293,
  "best_params": {
    "regressor": "QuantileRegressor",
    "use_scaler": false,
    "quantile_alpha": 0.03261332783906558,
    "rfe_n_features": 2
  },
  "best_metadata": {
    "regressor": "QuantileRegressor",
    "use_scaler": false,
    "rfe_estimator": {
      "mode": "original",
      "type": "QuantileRegressor"
    },
    "n_candidate_features": 13,
    "rfe_n_features": 2,
    "rfe_selected_features": [
      "diameter_T2W20",
      "asp_T2W20"
    ]
  },
  "validation_summary": {
    "n_splits_val": 400,
    "mae_mean_val": 1.7261214281696269,
    "mae_std_val": 0.11873415239922715,
    "mae_ci_lower_val": 1.7144502926116434,
    "mae_ci_upper_val": 1.7377925637276104,
    "mae_samperror_val": 0.011671135557983527,
    "mae_t_critical_val": 1.965927295920882,
    "mae_df_val": 399,
    "d2mae_mean_val": -0.00010386531931875886,
    "d2mae_std_val": 0.0020773063863751768,
    "d2mae_ci_lower_val": -0.00030805698566704534,
    "d2mae_ci_upper_val": 0.00010032634702952763,
    "d2mae_samperror_val": 0.0002041916663482865,
    "d2mae_t_critical_val": 1.965927295920882,
    "d2mae_df_val": 399,
    "rmse_mean_val": 2.25418655318674,
    "rmse_std_val": 0.1747849951525283,
    "rmse_ci_lower_val": 2.2370058235423524,
    "rmse_ci_upper_val": 2.271367282831128,
    "rmse_samperror_val": 0.01718072964438772,
    "rmse_t_critical_val": 1.965927295920882,
    "rmse_df_val": 399,
    "mape_mean_val": 0.2593764769644788,
    "mape_std_val": 0.04347768154585617,
    "mape_ci_lower_val": 0.2551027789187611,
    "mape_ci_upper_val": 0.2636501750101965,
    "mape_samperror_val": 0.004273698045717713,
    "mape_t_critical_val": 1.965927295920882,
    "mape_df_val": 399,
    "r2_mean_val": -0.016277401979966976,
    "r2_std_val": 0.013584123479323197,
    "r2_ci_lower_val": -0.017612671936925037,
    "r2_ci_upper_val": -0.014942132023008915,
    "r2_samperror_val": 0.0013352699569580608,
    "r2_t_critical_val": 1.965927295920882,
    "r2_df_val": 399,
    "median_ae_mean_val": 1.137497651799782,
    "median_ae_std_val": 0.3042589086018756,
    "median_ae_ci_lower_val": 1.1075901071274057,
    "median_ae_ci_upper_val": 1.1674051964721581,
    "median_ae_samperror_val": 0.029907544672376205,
    "median_ae_t_critical_val": 1.965927295920882,
    "median_ae_df_val": 399,
    "max_error_mean_val": 5.872784197616036,
    "max_error_std_val": 0.7896046675377206,
    "max_error_ci_lower_val": 5.795168929171089,
    "max_error_ci_upper_val": 5.950399466060983,
    "max_error_samperror_val": 0.07761526844494691,
    "max_error_t_critical_val": 1.965927295920882,
    "max_error_df_val": 399,
    "rho_mean_val": -0.25656254489226227,
    "rho_std_val": NaN,
    "rho_ci_lower_val": NaN,
    "rho_ci_upper_val": NaN,
    "rho_samperror_val": NaN,
    "rho_t_critical_val": NaN,
    "rho_df_val": 0,
    "r2_below_zero_val": 0.99
  },
  "test_summary": {
    "n_splits_test": 400,
    "mae_mean_test": 1.7015072756653309,
    "mae_std_test": 0.17170972651579525,
    "mae_ci_lower_test": 1.6846288337487052,
    "mae_ci_upper_test": 1.7183857175819566,
    "mae_samperror_test": 0.01687844191662558,
    "mae_t_critical_test": 1.965927295920882,
    "mae_df_test": 399,
    "d2mae_mean_test": -0.00014033218108959578,
    "d2mae_std_test": 0.0028066436217919154,
    "d2mae_ci_lower_test": -0.0004162150463897443,
    "d2mae_ci_upper_test": 0.00013555068421055279,
    "d2mae_samperror_test": 0.00027588286530014856,
    "d2mae_t_critical_test": 1.965927295920882,
    "d2mae_df_test": 399,
    "rmse_mean_test": 2.1907586173550246,
    "rmse_std_test": 0.25298525273557093,
    "rmse_ci_lower_test": 2.1658910866641095,
    "rmse_ci_upper_test": 2.21562614804594,
    "rmse_samperror_test": 0.024867530690915095,
    "rmse_t_critical_test": 1.965927295920882,
    "rmse_df_test": 399,
    "mape_mean_test": 0.2608965757323886,
    "mape_std_test": 0.06482732113835116,
    "mape_ci_lower_test": 0.25452428572502295,
    "mape_ci_upper_test": 0.2672688657397543,
    "mape_samperror_test": 0.006372290007365666,
    "mape_t_critical_test": 1.965927295920882,
    "mape_df_test": 399,
    "r2_mean_test": -0.013253079983833,
    "r2_std_test": 0.01642383535978229,
    "r2_ci_lower_test": -0.014867483295708328,
    "r2_ci_upper_test": -0.011638676671957672,
    "r2_samperror_test": 0.001614403311875328,
    "r2_t_critical_test": 1.965927295920882,
    "r2_df_test": 399,
    "median_ae_mean_test": 1.1875268528464016,
    "median_ae_std_test": 0.3356625492244421,
    "median_ae_ci_lower_test": 1.1545324444594658,
    "median_ae_ci_upper_test": 1.2205212612333374,
    "median_ae_samperror_test": 0.03299440838693587,
    "median_ae_t_critical_test": 1.965927295920882,
    "median_ae_df_test": 399,
    "max_error_mean_test": 5.203310911808669,
    "max_error_std_test": 0.9809237530154109,
    "max_error_ci_lower_test": 5.106889672745162,
    "max_error_ci_upper_test": 5.299732150872176,
    "max_error_samperror_test": 0.0964212390635075,
    "max_error_t_critical_test": 1.965927295920882,
    "max_error_df_test": 399,
    "rho_mean_test": -0.36197843481494607,
    "rho_std_test": NaN,
    "rho_ci_lower_test": NaN,
    "rho_ci_upper_test": NaN,
    "rho_samperror_test": NaN,
    "rho_t_critical_test": NaN,
    "rho_df_test": 0,
    "r2_below_zero_test": 0.935
  },
  "selected_features": [
    "diameter_T2W20",
    "asp_T2W20"
  ]
}