set,r2_mean,r2_std,r2_ci_lower,r2_ci_upper,rmse_mean,rmse_std,rmse_ci_lower,rmse_ci_upper,mae_mean,mae_std,mae_ci_lower,mae_ci_upper,rho_mean,rho_std,rho_ci_lower,rho_ci_upper,r2_below_zero
VALIDATION,-0.01507400073355155,0.04005829579930128,-0.01901158559054751,-0.01113641587655559,2.25502336261563,0.15015679916704044,2.2402634951081004,2.2697832301231595,1.7537625332350677,0.09670589168931217,1.7442566956276484,1.763268370842487,0.06899231643887203,0.12003318045290078,0.05719349114544431,0.08079114173229976,0.555
