set,r2_mean,r2_std,r2_ci_lower,r2_ci_upper,rmse_mean,rmse_std,rmse_ci_lower,rmse_ci_upper,mae_mean,mae_std,mae_ci_lower,mae_ci_upper,rho_mean,rho_std,rho_ci_lower,rho_ci_upper,r2_below_zero
TEST,-0.021034699084624006,0.07025301504389608,-0.02794031507940079,-0.014129083089847224,2.2204934398423375,0.23047149095475702,2.1978389300923604,2.2431479495923146,1.7225413749388314,0.1484442984299195,1.7079498400284712,1.7371329098491917,0.06533264819275825,0.20017918731642786,0.04565576177172701,0.08500953461378949,0.565
