set,r2_mean,r2_std,r2_ci_lower,r2_ci_upper,rmse_mean,rmse_std,rmse_ci_lower,rmse_ci_upper,mae_mean,mae_std,mae_ci_lower,mae_ci_upper,rho_mean,rho_std,rho_ci_lower,rho_ci_upper,r2_below_zero
VALIDATION,-0.0205918874331556,0.05500961948436766,-0.02599913305728258,-0.015184641809028624,2.263951532986159,0.19220502160613953,2.24505847806673,2.2828445879055876,1.7675835793026515,0.12903640139691597,1.7548997701189715,1.7802673884863316,0.06990110634413854,0.12369872031024985,0.057741971807718395,0.08206024088055869,0.5625
