set,r2_mean,r2_std,r2_ci_lower,r2_ci_upper,rmse_mean,rmse_std,rmse_ci_lower,rmse_ci_upper,mae_mean,mae_std,mae_ci_lower,mae_ci_upper,rho_mean,rho_std,rho_ci_lower,rho_ci_upper,r2_below_zero
TEST,-0.028197477747548567,0.07761922090659765,-0.03582716500096822,-0.020567790494128914,2.193092809031687,0.27796000849244135,2.1657703506382027,2.2204152674251714,1.7059159977568101,0.19277124314229063,1.6869672853187085,1.7248647101949117,0.05391755910757416,0.18575508321806608,0.03565850968485161,0.07217660853029671,0.5775
