set,r2_mean,r2_std,r2_ci_lower,r2_ci_upper,rmse_mean,rmse_std,rmse_ci_lower,rmse_ci_upper,mae_mean,mae_std,mae_ci_lower,mae_ci_upper,rho_mean,rho_std,rho_ci_lower,rho_ci_upper,r2_below_zero
TEST,-0.010608003430667763,0.020833809851964473,-0.01265589120396788,-0.008560115657367647,7.755229289213671,0.4980273391387563,7.706275012207285,7.804183566220057,6.585538553611332,0.37737695582332903,6.548443770696101,6.622633336526562,-0.01299488212507845,0.1896664389762578,-0.03163840360025532,0.0056486393500984194,0.7025
