set,r2_mean,r2_std,r2_ci_lower,r2_ci_upper,rmse_mean,rmse_std,rmse_ci_lower,rmse_ci_upper,mae_mean,mae_std,mae_ci_lower,mae_ci_upper,rho_mean,rho_std,rho_ci_lower,rho_ci_upper,r2_below_zero
VALIDATION,-0.007715940144584472,0.014721858333215017,-0.009163045301781856,-0.006268834987387087,7.624128744261692,0.3098780613142561,7.593668857304455,7.654588631218929,6.495463488223038,0.2228185947067571,6.473561230354401,6.517365746091675,-0.013532445953731917,0.12426923657507394,-0.02574766016504129,-0.0013172317424225456,0.675
