set,r2_mean,r2_std,r2_ci_lower,r2_ci_upper,rmse_mean,rmse_std,rmse_ci_lower,rmse_ci_upper,mae_mean,mae_std,mae_ci_lower,mae_ci_upper,rho_mean,rho_std,rho_ci_lower,rho_ci_upper,r2_below_zero
TEST,-0.016713433512132673,0.06275890476697024,-0.02288240570930697,-0.010544461314958377,1.3523989412434678,0.12049080812949525,1.3405551328130008,1.3642427496739349,1.0437416730638487,0.08986450780723507,1.0349083186222117,1.0525750275054857,0.09597076670568323,0.17968036227087097,0.07830884026922035,0.11363269314214612,0.5475
