set,r2_mean,r2_std,r2_ci_lower,r2_ci_upper,rmse_mean,rmse_std,rmse_ci_lower,rmse_ci_upper,mae_mean,mae_std,mae_ci_lower,mae_ci_upper,rho_mean,rho_std,rho_ci_lower,rho_ci_upper,r2_below_zero
VALIDATION,-0.012905278112672018,0.05254629281354686,-0.01807038767975217,-0.007740168545591866,1.3972509739769097,0.0817129456782647,1.3892188884599597,1.4052830594938597,1.08723723082233,0.06385333299188826,1.080960680309116,1.0935137813355438,0.10260450424043172,0.13537168172173553,0.08929796003085802,0.11591104845000541,0.4575
