{
  "best_trial_number": 281,
  "best_value_internal_minimized": 2.799161202669974,
  "best_params": {
    "regressor": "KNeighborsRegressor",
    "knn_n_neighbors": 19,
    "knn_weights": "uniform",
    "knn_metric": "euclidean",
    "rfe_proxy_type": "ExtraTrees",
    "rfe_proxy_et_n_estimators": 50,
    "rfe_proxy_et_max_depth": 7,
    "rfe_proxy_et_min_samples_split": 7,
    "rfe_proxy_et_min_samples_leaf": 3,
    "rfe_n_features": 2
  },
  "best_metadata": {
    "regressor": "KNeighborsRegressor",
    "use_scaler": true,
    "rfe_estimator": {
      "mode": "proxy",
      "type": "ExtraTrees"
    },
    "n_candidate_features": 9,
    "rfe_n_features": 2,
    "rfe_selected_features": [
      "z_re_T2W40",
      "z_l2_T2W40"
    ]
  },
  "validation_summary": {
    "n_splits_val": 400,
    "mae_mean_val": 2.803453216374269,
    "mae_std_val": 0.14311104196214913,
    "mae_ci_lower_val": 2.7893859211872156,
    "mae_ci_upper_val": 2.817520511561322,
    "mae_samperror_val": 0.014067295187053387,
    "mae_t_critical_val": 1.965927295920882,
    "mae_df_val": 399,
    "d2mae_mean_val": -0.0034794993893902627,
    "d2mae_std_val": 0.038461350769758706,
    "d2mae_ci_lower_val": -0.0072601103552030755,
    "d2mae_ci_upper_val": 0.0003011115764225505,
    "d2mae_samperror_val": 0.003780610965812813,
    "d2mae_t_critical_val": 1.965927295920882,
    "d2mae_df_val": 399,
    "rmse_mean_val": 3.4441933863105123,
    "rmse_std_val": 0.20863570946616503,
    "rmse_ci_lower_val": 3.4236852545033445,
    "rmse_ci_upper_val": 3.46470151811768,
    "rmse_samperror_val": 0.020508131807167627,
    "rmse_t_critical_val": 1.965927295920882,
    "rmse_df_val": 399,
    "mape_mean_val": 770128704700318.5,
    "mape_std_val": 505999300622289.8,
    "mape_ci_lower_val": 720390812859806.8,
    "mape_ci_upper_val": 819866596540830.2,
    "mape_samperror_val": 49737891840511.79,
    "mape_t_critical_val": 1.965927295920882,
    "mape_df_val": 399,
    "r2_mean_val": 0.0007645028285967847,
    "r2_std_val": 0.06936497512804887,
    "r2_ci_lower_val": -0.006053822070658433,
    "r2_ci_upper_val": 0.007582827727852003,
    "r2_samperror_val": 0.006818324899255218,
    "r2_t_critical_val": 1.965927295920882,
    "r2_df_val": 399,
    "median_ae_mean_val": 2.4448684210526315,
    "median_ae_std_val": 0.2161737178884675,
    "median_ae_ci_lower_val": 2.4236193304197498,
    "median_ae_ci_upper_val": 2.466117511685513,
    "median_ae_samperror_val": 0.021249090632881926,
    "median_ae_t_critical_val": 1.965927295920882,
    "median_ae_df_val": 399,
    "max_error_mean_val": 8.485921052631578,
    "max_error_std_val": 0.8482388480593231,
    "max_error_ci_lower_val": 8.402542257388562,
    "max_error_ci_upper_val": 8.569299847874595,
    "max_error_samperror_val": 0.08337879524301545,
    "max_error_t_critical_val": 1.965927295920882,
    "max_error_df_val": 399,
    "rho_mean_val": 0.14455596641582347,
    "rho_std_val": 0.12944582029631313,
    "rho_ci_lower_val": 0.13183191284265391,
    "rho_ci_upper_val": 0.15728001998899302,
    "rho_samperror_val": 0.012724053573169565,
    "rho_t_critical_val": 1.965927295920882,
    "rho_df_val": 399,
    "r2_below_zero_val": 0.475
  },
  "test_summary": {
    "n_splits_test": 400,
    "mae_mean_test": 2.724530892448513,
    "mae_std_test": 0.22592493471369357,
    "mae_ci_lower_test": 2.7023232926493734,
    "mae_ci_upper_test": 2.7467384922476525,
    "mae_samperror_test": 0.022207599799139673,
    "mae_t_critical_test": 1.965927295920882,
    "mae_df_test": 399,
    "d2mae_mean_test": -0.013693060809516253,
    "d2mae_std_test": 0.06594083841363177,
    "d2mae_ci_lower_test": -0.0201748055171796,
    "d2mae_ci_upper_test": -0.007211316101852906,
    "d2mae_samperror_test": 0.0064817447076633465,
    "d2mae_t_critical_test": 1.965927295920882,
    "d2mae_df_test": 399,
    "rmse_mean_test": 3.342738782916106,
    "rmse_std_test": 0.3041945979363386,
    "rmse_ci_lower_test": 3.3128375597483695,
    "rmse_ci_upper_test": 3.3726400060838424,
    "rmse_samperror_test": 0.029901223167736298,
    "rmse_t_critical_test": 1.965927295920882,
    "rmse_df_test": 399,
    "mape_mean_test": 829610457673513.2,
    "mape_std_test": 806515015557946.6,
    "mape_ci_lower_test": 750332963490742.1,
    "mape_ci_upper_test": 908887951856284.4,
    "mape_samperror_test": 79277494182771.1,
    "mape_t_critical_test": 1.965927295920882,
    "mape_df_test": 399,
    "r2_mean_test": 0.0041643925527413885,
    "r2_std_test": 0.10542561788452776,
    "r2_ci_lower_test": -0.006198562441684503,
    "r2_ci_upper_test": 0.01452734754716728,
    "r2_samperror_test": 0.010362954994425891,
    "r2_t_critical_test": 1.965927295920882,
    "r2_df_test": 399,
    "median_ae_mean_test": 2.3889473684210527,
    "median_ae_std_test": 0.31090582449115517,
    "median_ae_ci_lower_test": 2.3583864560796552,
    "median_ae_ci_upper_test": 2.41950828076245,
    "median_ae_samperror_test": 0.03056091234139745,
    "median_ae_t_critical_test": 1.965927295920882,
    "median_ae_df_test": 399,
    "max_error_mean_test": 7.552368421052631,
    "max_error_std_test": 1.3331423731094572,
    "max_error_ci_lower_test": 7.421325372020401,
    "max_error_ci_upper_test": 7.683411470084862,
    "max_error_samperror_test": 0.13104304903223113,
    "max_error_t_critical_test": 1.965927295920882,
    "max_error_df_test": 399,
    "rho_mean_test": 0.1509489531432398,
    "rho_std_test": 0.20889971244505756,
    "rho_ci_lower_test": 0.13041487080295172,
    "rho_ci_upper_test": 0.1714830354835279,
    "rho_samperror_test": 0.02053408234028809,
    "rho_t_critical_test": 1.965927295920882,
    "rho_df_test": 399,
    "r2_below_zero_test": 0.4475
  },
  "selected_features": [
    "z_re_T2W40",
    "z_l2_T2W40"
  ]
}