set,r2_mean,r2_std,r2_ci_lower,r2_ci_upper,rmse_mean,rmse_std,rmse_ci_lower,rmse_ci_upper,mae_mean,mae_std,mae_ci_lower,mae_ci_upper,rho_mean,rho_std,rho_ci_lower,rho_ci_upper,r2_below_zero
VALIDATION,0.0043092048900695516,0.03689975500566123,0.0006820931111484216,0.007936316668990681,7.713963969852212,0.34490229399304,7.68006132814288,7.747866611561545,6.569406371488482,0.2824444486450381,6.5416431089298515,6.597169634047112,0.08967352881659664,0.12525037729079083,0.07736187203957891,0.10198518559361437,0.3325
