set,r2_mean,r2_std,r2_ci_lower,r2_ci_upper,rmse_mean,rmse_std,rmse_ci_lower,rmse_ci_upper,mae_mean,mae_std,mae_ci_lower,mae_ci_upper,rho_mean,rho_std,rho_ci_lower,rho_ci_upper,r2_below_zero
TEST,0.0005419053995382984,0.058932808189937846,-0.005250975412755127,0.006334786211831724,7.652026027447275,0.5260029738549904,7.600321847245421,7.703730207649129,6.541362107244172,0.4416442082786471,6.497950087037154,6.58477412745119,0.07275800883400704,0.20347663264419846,0.05275699552414226,0.09275902214387183,0.4225
