set,r2_mean,r2_std,r2_ci_lower,r2_ci_upper,rmse_mean,rmse_std,rmse_ci_lower,rmse_ci_upper,mae_mean,mae_std,mae_ci_lower,mae_ci_upper,rho_mean,rho_std,rho_ci_lower,rho_ci_upper,r2_below_zero
VALIDATION,-0.01760122898123471,0.028140323511224193,-0.0203673204865727,-0.014835137475896721,1.3417713703024514,0.08179372998618231,1.3337313439817005,1.3498113966232024,1.028848636392379,0.0606816714553332,1.0228838486785718,1.0348134241061862,-0.09790607406071107,0.12844118913610872,-0.1105313760428717,-0.08528077207855043,0.875
