set,r2_mean,r2_std,r2_ci_lower,r2_ci_upper,rmse_mean,rmse_std,rmse_ci_lower,rmse_ci_upper,mae_mean,mae_std,mae_ci_lower,mae_ci_upper,rho_mean,rho_std,rho_ci_lower,rho_ci_upper,r2_below_zero
TEST,-0.020267037180950367,0.03822704022185747,-0.02402461627167112,-0.016509458090229617,1.3390872822205155,0.10977934436399167,1.3282963717398422,1.349878192701189,1.015254620095687,0.07928664167708936,1.0074610314419425,1.0230482087494313,-0.09282453426000137,0.20172259089025502,-0.11265313164175303,-0.0729959368782497,0.775
