{
  "best_trial_number": 271,
  "best_value_internal_minimized": 2.811562730235992,
  "best_params": {
    "regressor": "ElasticNet",
    "use_scaler": true,
    "elastic_alpha": 0.00242854552214403,
    "elastic_l1_ratio": 0.9408801695592043,
    "rfe_n_features": 4
  },
  "best_metadata": {
    "regressor": "ElasticNet",
    "use_scaler": true,
    "rfe_estimator": {
      "mode": "original",
      "type": "ElasticNet"
    },
    "n_candidate_features": 22,
    "rfe_n_features": 4,
    "rfe_selected_features": [
      "lcc_T6W50",
      "z_density_T6W50",
      "z_diameter_T6W50",
      "z_asp_T6W50"
    ]
  },
  "validation_summary": {
    "n_splits_val": 400,
    "mae_mean_val": 2.802966567192674,
    "mae_std_val": 0.14708276230999667,
    "mae_ci_lower_val": 2.7885088663334403,
    "mae_ci_upper_val": 2.8174242680519073,
    "mae_samperror_val": 0.014457700859233279,
    "mae_t_critical_val": 1.965927295920882,
    "mae_df_val": 399,
    "d2mae_mean_val": 0.005586438885354161,
    "d2mae_std_val": 0.03677747214282461,
    "d2mae_ci_lower_val": 0.0019713470673267232,
    "d2mae_ci_upper_val": 0.009201530703381599,
    "d2mae_samperror_val": 0.0036150918180274374,
    "d2mae_t_critical_val": 1.965927295920882,
    "d2mae_df_val": 399,
    "rmse_mean_val": 3.426356424554032,
    "rmse_std_val": 0.19781735669880526,
    "rmse_ci_lower_val": 3.406911697496977,
    "rmse_ci_upper_val": 3.445801151611087,
    "rmse_samperror_val": 0.019444727057054943,
    "rmse_t_critical_val": 1.965927295920882,
    "rmse_df_val": 399,
    "mape_mean_val": 935441159366235.5,
    "mape_std_val": 537952798692222.94,
    "mape_ci_lower_val": 882562354822931.9,
    "mape_ci_upper_val": 988319963909539.1,
    "mape_samperror_val": 52878804543303.625,
    "mape_t_critical_val": 1.965927295920882,
    "mape_df_val": 399,
    "r2_mean_val": 0.011903370204032022,
    "r2_std_val": 0.06480649912199242,
    "r2_ci_lower_val": 0.005533126925182144,
    "r2_ci_upper_val": 0.018273613482881902,
    "r2_samperror_val": 0.006370243278849878,
    "r2_t_critical_val": 1.965927295920882,
    "r2_df_val": 399,
    "median_ae_mean_val": 2.5016107903280425,
    "median_ae_std_val": 0.20079641669381126,
    "median_ae_ci_lower_val": 2.481873232502969,
    "median_ae_ci_upper_val": 2.521348348153116,
    "median_ae_samperror_val": 0.01973755782507335,
    "median_ae_t_critical_val": 1.965927295920882,
    "median_ae_df_val": 399,
    "max_error_mean_val": 8.2116048271132,
    "max_error_std_val": 0.8528810594473264,
    "max_error_ci_lower_val": 8.12776971936613,
    "max_error_ci_upper_val": 8.295439934860271,
    "max_error_samperror_val": 0.08383510774707097,
    "max_error_t_critical_val": 1.965927295920882,
    "max_error_df_val": 399,
    "rho_mean_val": 0.1911586134841202,
    "rho_std_val": 0.12329510197779305,
    "rho_ci_lower_val": 0.1790391531625456,
    "rho_ci_upper_val": 0.2032780738056948,
    "rho_samperror_val": 0.012119460321574604,
    "rho_t_critical_val": 1.965927295920882,
    "rho_df_val": 399,
    "r2_below_zero_val": 0.3525
  },
  "test_summary": {
    "n_splits_test": 400,
    "mae_mean_test": 2.8272288505956897,
    "mae_std_test": 0.22805080998671118,
    "mae_ci_lower_test": 2.8048122849852026,
    "mae_ci_upper_test": 2.849645416206177,
    "mae_samperror_test": 0.022416565610487098,
    "mae_t_critical_test": 1.965927295920882,
    "mae_df_test": 399,
    "d2mae_mean_test": -0.0024433756603493358,
    "d2mae_std_test": 0.05724864996146098,
    "d2mae_ci_lower_test": -0.00807070984104214,
    "d2mae_ci_upper_test": 0.003183958520343468,
    "d2mae_samperror_test": 0.005627334180692804,
    "d2mae_t_critical_test": 1.965927295920882,
    "d2mae_df_test": 399,
    "rmse_mean_test": 3.4379599888404275,
    "rmse_std_test": 0.3058968245001242,
    "rmse_ci_lower_test": 3.407891442989412,
    "rmse_ci_upper_test": 3.468028534691443,
    "rmse_samperror_test": 0.030068545851015684,
    "rmse_t_critical_test": 1.965927295920882,
    "rmse_df_test": 399,
    "mape_mean_test": 989238327573519.0,
    "mape_std_test": 826851583346794.5,
    "mape_ci_lower_test": 907961822704675.9,
    "mape_ci_upper_test": 1070514832442362.1,
    "mape_samperror_test": 81276504868843.17,
    "mape_t_critical_test": 1.965927295920882,
    "mape_df_test": 399,
    "r2_mean_test": 0.009638079581361602,
    "r2_std_test": 0.09839350509906011,
    "r2_ci_lower_test": -3.364428941703655e-05,
    "r2_ci_upper_test": 0.019309803452140242,
    "r2_samperror_test": 0.009671723870778639,
    "r2_t_critical_test": 1.965927295920882,
    "r2_df_test": 399,
    "median_ae_mean_test": 2.5397521334790736,
    "median_ae_std_test": 0.3090464930215996,
    "median_ae_ci_lower_test": 2.509373986662084,
    "median_ae_ci_upper_test": 2.570130280296063,
    "median_ae_samperror_test": 0.030378146816989252,
    "median_ae_t_critical_test": 1.965927295920882,
    "median_ae_df_test": 399,
    "max_error_mean_test": 7.586580456502593,
    "max_error_std_test": 1.0967493443595668,
    "max_error_ci_lower_test": 7.478773982859603,
    "max_error_ci_upper_test": 7.6943869301455825,
    "max_error_samperror_test": 0.10780647364299017,
    "max_error_t_critical_test": 1.965927295920882,
    "max_error_df_test": 399,
    "rho_mean_test": 0.20141588699426982,
    "rho_std_test": 0.19554970593364282,
    "rho_ci_lower_test": 0.1821940617640573,
    "rho_ci_upper_test": 0.22063771222448234,
    "rho_samperror_test": 0.019221825230212503,
    "rho_t_critical_test": 1.965927295920882,
    "rho_df_test": 399,
    "r2_below_zero_test": 0.39
  },
  "selected_features": [
    "lcc_T6W50",
    "z_density_T6W50",
    "z_diameter_T6W50",
    "z_asp_T6W50"
  ]
}