{
  "mean_abs_shap": {
    "lcc_T6W50": 0.48232145390344316,
    "z_density_T6W50": 1.0650337222284376,
    "z_diameter_T6W50": 0.552621057608063,
    "z_asp_T6W50": 1.4225947825084473
  },
  "mean_shap": {
    "lcc_T6W50": -0.015311702924758414,
    "z_density_T6W50": 0.005673926578464541,
    "z_diameter_T6W50": 0.06248335850647834,
    "z_asp_T6W50": -0.09506488101936973
  },
  "regressor": "ElasticNet",
  "n_subjects": 252,
  "n_features": 4
}