set,r2_mean,r2_std,r2_ci_lower,r2_ci_upper,rmse_mean,rmse_std,rmse_ci_lower,rmse_ci_upper,mae_mean,mae_std,mae_ci_lower,mae_ci_upper,rho_mean,rho_std,rho_ci_lower,rho_ci_upper,r2_below_zero
TEST,-0.0047442719408232435,0.040939262757629984,-0.008768452647328343,-0.0007200912343181447,3.4783459004034443,0.2792000138124532,3.450901553994675,3.5057902468122135,2.8823305914637434,0.18689474088741065,2.863959517835012,2.9007016650924746,0.11279102013678738,0.19201656898927147,0.09391648942453318,0.13166555084904158,0.4475
