set,r2_mean,r2_std,r2_ci_lower,r2_ci_upper,rmse_mean,rmse_std,rmse_ci_lower,rmse_ci_upper,mae_mean,mae_std,mae_ci_lower,mae_ci_upper,rho_mean,rho_std,rho_ci_lower,rho_ci_upper,r2_below_zero
VALIDATION,-0.004069547933539885,0.027164243835419682,-0.00673969435499499,-0.0013994015120847797,3.4407810730064057,0.17890010700442516,3.4231958428262472,3.458366303186564,2.8499157092525684,0.11711728902519672,2.838403505486624,2.8614279130185127,0.09163639064021506,0.12234184791000437,0.07961063172823113,0.10366214955219899,0.44
