{
  "best_trial_number": 124,
  "best_value_internal_minimized": 0.9896555349565486,
  "best_params": {
    "regressor": "QuantileRegressor",
    "use_scaler": true,
    "quantile_alpha": 0.025992279021942115,
    "rfe_n_features": 3
  },
  "best_metadata": {
    "regressor": "QuantileRegressor",
    "use_scaler": true,
    "rfe_estimator": {
      "mode": "original",
      "type": "QuantileRegressor"
    },
    "n_candidate_features": 13,
    "rfe_n_features": 3,
    "rfe_selected_features": [
      "edges_T2W20",
      "diameter_T2W20",
      "asp_T2W20"
    ]
  },
  "validation_summary": {
    "n_splits_val": 400,
    "mae_mean_val": 0.9881467404003934,
    "mae_std_val": 0.05823341424352343,
    "mae_ci_lower_val": 0.9824226074705928,
    "mae_ci_upper_val": 0.993870873330194,
    "mae_samperror_val": 0.005724132929800529,
    "mae_t_critical_val": 1.965927295920882,
    "mae_df_val": 399,
    "d2mae_mean_val": 0.016866192449102563,
    "d2mae_std_val": 0.022222375587036144,
    "d2mae_ci_lower_val": 0.014681813711764554,
    "d2mae_ci_upper_val": 0.019050571186440574,
    "d2mae_samperror_val": 0.0021843787373380095,
    "d2mae_t_critical_val": 1.965927295920882,
    "d2mae_df_val": 399,
    "rmse_mean_val": 1.3055464685079479,
    "rmse_std_val": 0.07889838262186508,
    "rmse_ci_lower_val": 1.2977910443079312,
    "rmse_ci_upper_val": 1.3133018927079645,
    "rmse_samperror_val": 0.007755424200016716,
    "rmse_t_critical_val": 1.965927295920882,
    "rmse_df_val": 399,
    "mape_mean_val": 263296969233518.3,
    "mape_std_val": 232197689023275.78,
    "mape_ci_lower_val": 240472780488488.0,
    "mape_ci_upper_val": 286121157978548.6,
    "mape_samperror_val": 22824188745030.32,
    "mape_t_critical_val": 1.965927295920882,
    "mape_df_val": 399,
    "r2_mean_val": 0.03628660807172185,
    "r2_std_val": 0.03488936515103459,
    "r2_ci_lower_val": 0.03285711030733336,
    "r2_ci_upper_val": 0.039716105836110335,
    "r2_samperror_val": 0.0034294977643884845,
    "r2_t_critical_val": 1.965927295920882,
    "r2_df_val": 399,
    "median_ae_mean_val": 0.9975502588588967,
    "median_ae_std_val": 0.01163966832878668,
    "median_ae_ci_lower_val": 0.9964061217747453,
    "median_ae_ci_upper_val": 0.9986943959430481,
    "median_ae_samperror_val": 0.0011441370841513766,
    "median_ae_t_critical_val": 1.965927295920882,
    "median_ae_df_val": 399,
    "max_error_mean_val": 3.1763082264643883,
    "max_error_std_val": 0.2711219043171318,
    "max_error_ci_lower_val": 3.149657928853433,
    "max_error_ci_upper_val": 3.2029585240753433,
    "max_error_samperror_val": 0.026650297610954953,
    "max_error_t_critical_val": 1.965927295920882,
    "max_error_df_val": 399,
    "rho_mean_val": 0.25156436478549465,
    "rho_std_val": 0.12016552976202038,
    "rho_ci_lower_val": 0.23952319696352048,
    "rho_ci_upper_val": 0.26360553260746883,
    "rho_samperror_val": 0.012041167821974182,
    "rho_t_critical_val": 1.9661609607071924,
    "rho_df_val": 384,
    "r2_below_zero_val": 0.1525
  },
  "test_summary": {
    "n_splits_test": 400,
    "mae_mean_test": 0.97161327963058,
    "mae_std_test": 0.0821202050830296,
    "mae_ci_lower_test": 0.9635411619946126,
    "mae_ci_upper_test": 0.9796853972665474,
    "mae_samperror_test": 0.008072117635967432,
    "mae_t_critical_test": 1.965927295920882,
    "mae_df_test": 399,
    "d2mae_mean_test": 0.01948940886909293,
    "d2mae_std_test": 0.03427370205117293,
    "d2mae_ci_lower_test": 0.01612042854935991,
    "d2mae_ci_upper_test": 0.022858389188825948,
    "d2mae_samperror_test": 0.0033689803197330193,
    "d2mae_t_critical_test": 1.965927295920882,
    "d2mae_df_test": 399,
    "rmse_mean_test": 1.2981891458238402,
    "rmse_std_test": 0.11004966791053516,
    "rmse_ci_lower_test": 1.2873716635212227,
    "rmse_ci_upper_test": 1.3090066281264576,
    "rmse_samperror_test": 0.010817482302617473,
    "rmse_t_critical_test": 1.965927295920882,
    "rmse_df_test": 399,
    "mape_mean_test": 262829796176234.62,
    "mape_std_test": 335621817730436.7,
    "mape_ci_lower_test": 229839391547092.2,
    "mape_ci_upper_test": 295820200805377.06,
    "mape_samperror_test": 32990404629142.426,
    "mape_t_critical_test": 1.965927295920882,
    "mape_df_test": 399,
    "r2_mean_test": 0.040847114617028474,
    "r2_std_test": 0.05121325303141734,
    "r2_ci_lower_test": 0.03581303801466016,
    "r2_ci_upper_test": 0.04588119121939679,
    "r2_samperror_test": 0.005034076602368311,
    "r2_t_critical_test": 1.965927295920882,
    "r2_df_test": 399,
    "median_ae_mean_test": 0.9794853132439911,
    "median_ae_std_test": 0.04453740115204084,
    "median_ae_ci_lower_test": 0.9751074486132824,
    "median_ae_ci_upper_test": 0.9838631778746999,
    "median_ae_samperror_test": 0.004377864630708762,
    "median_ae_t_critical_test": 1.965927295920882,
    "median_ae_df_test": 399,
    "max_error_mean_test": 2.9570528933900424,
    "max_error_std_test": 0.39100230212894566,
    "max_error_ci_lower_test": 2.9186187884638826,
    "max_error_ci_upper_test": 2.9954869983162022,
    "max_error_samperror_test": 0.03843410492615989,
    "max_error_t_critical_test": 1.965927295920882,
    "max_error_df_test": 399,
    "rho_mean_test": 0.26412955245560976,
    "rho_std_test": 0.19082673990920496,
    "rho_ci_lower_test": 0.24500778929509656,
    "rho_ci_upper_test": 0.283251315616123,
    "rho_samperror_test": 0.01912176316051321,
    "rho_t_critical_test": 1.9661609607071924,
    "rho_df_test": 384,
    "r2_below_zero_test": 0.195
  },
  "selected_features": [
    "edges_T2W20",
    "diameter_T2W20",
    "asp_T2W20"
  ]
}