{
  "best_trial_number": 297,
  "best_value_internal_minimized": 0.9898481330388786,
  "best_params": {
    "regressor": "QuantileRegressor",
    "use_scaler": false,
    "quantile_alpha": 0.0011949175086387513,
    "rfe_n_features": 4
  },
  "best_metadata": {
    "regressor": "QuantileRegressor",
    "use_scaler": false,
    "rfe_estimator": {
      "mode": "original",
      "type": "QuantileRegressor"
    },
    "n_candidate_features": 13,
    "rfe_n_features": 4,
    "rfe_selected_features": [
      "nodes_T2W20",
      "edges_T2W20",
      "l2_T2W20",
      "lcc_T2W20"
    ]
  },
  "validation_summary": {
    "n_splits_val": 400,
    "mae_mean_val": 0.986189612495167,
    "mae_std_val": 0.06068083909531947,
    "mae_ci_lower_val": 0.9802249065993235,
    "mae_ci_upper_val": 0.9921543183910105,
    "mae_samperror_val": 0.005964705895843577,
    "mae_t_critical_val": 1.965927295920882,
    "mae_df_val": 399,
    "d2mae_mean_val": 0.018756488965731878,
    "d2mae_std_val": 0.030235071058144755,
    "d2mae_ci_lower_val": 0.015784491391366166,
    "d2mae_ci_upper_val": 0.02172848654009759,
    "d2mae_samperror_val": 0.002971997574365712,
    "d2mae_t_critical_val": 1.965927295920882,
    "d2mae_df_val": 399,
    "rmse_mean_val": 1.3059057210975937,
    "rmse_std_val": 0.08095893096359981,
    "rmse_ci_lower_val": 1.297947752486098,
    "rmse_ci_upper_val": 1.3138636897090894,
    "rmse_samperror_val": 0.007957968611495756,
    "rmse_t_critical_val": 1.965927295920882,
    "rmse_df_val": 399,
    "mape_mean_val": 262581339246546.72,
    "mape_std_val": 231479821052321.8,
    "mape_ci_lower_val": 239827714313464.7,
    "mape_ci_upper_val": 285334964179628.75,
    "mape_samperror_val": 22753624933082.03,
    "mape_t_critical_val": 1.965927295920882,
    "mape_df_val": 399,
    "r2_mean_val": 0.035218670327354165,
    "r2_std_val": 0.05223051683725331,
    "r2_ci_lower_val": 0.03008460039083359,
    "r2_ci_upper_val": 0.04035274026387474,
    "r2_samperror_val": 0.005134069936520574,
    "r2_t_critical_val": 1.965927295920882,
    "r2_df_val": 399,
    "median_ae_mean_val": 0.995998844252907,
    "median_ae_std_val": 0.01739823520619829,
    "median_ae_ci_lower_val": 0.9942886609782712,
    "median_ae_ci_upper_val": 0.9977090275275428,
    "median_ae_samperror_val": 0.0017101832746358446,
    "median_ae_t_critical_val": 1.965927295920882,
    "median_ae_df_val": 399,
    "max_error_mean_val": 3.2707584455583896,
    "max_error_std_val": 0.3840772498213373,
    "max_error_ci_lower_val": 3.23300504810009,
    "max_error_ci_upper_val": 3.308511843016689,
    "max_error_samperror_val": 0.03775339745829953,
    "max_error_t_critical_val": 1.965927295920882,
    "max_error_df_val": 399,
    "rho_mean_val": 0.23736397289746505,
    "rho_std_val": 0.1323869397928052,
    "rho_ci_lower_val": 0.22435081796935955,
    "rho_ci_upper_val": 0.25037712782557053,
    "rho_samperror_val": 0.013013154928105506,
    "rho_t_critical_val": 1.965927295920882,
    "rho_df_val": 399,
    "r2_below_zero_val": 0.195
  },
  "test_summary": {
    "n_splits_test": 400,
    "mae_mean_test": 0.9700939702940036,
    "mae_std_test": 0.08724405517162413,
    "mae_ci_lower_test": 0.9615181968205674,
    "mae_ci_upper_test": 0.9786697437674398,
    "mae_samperror_test": 0.008575773473436164,
    "mae_t_critical_test": 1.965927295920882,
    "mae_df_test": 399,
    "d2mae_mean_test": 0.021161192132304062,
    "d2mae_std_test": 0.04257779951314692,
    "d2mae_ci_lower_test": 0.016975949219146944,
    "d2mae_ci_upper_test": 0.02534643504546118,
    "d2mae_samperror_test": 0.004185242913157118,
    "d2mae_t_critical_test": 1.965927295920882,
    "d2mae_df_test": 399,
    "rmse_mean_test": 1.2979047141372673,
    "rmse_std_test": 0.11704204553145854,
    "rmse_ci_lower_test": 1.2863999065332319,
    "rmse_ci_upper_test": 1.3094095217413027,
    "rmse_samperror_test": 0.011504807604035452,
    "rmse_t_critical_test": 1.965927295920882,
    "rmse_df_test": 399,
    "mape_mean_test": 262189579189282.4,
    "mape_std_test": 333886126379206.44,
    "mape_ci_lower_test": 229369786710373.84,
    "mape_ci_upper_test": 295009371668190.94,
    "mape_samperror_test": 32819792478908.56,
    "mape_t_critical_test": 1.965927295920882,
    "mape_df_test": 399,
    "r2_mean_test": 0.04107853530131382,
    "r2_std_test": 0.06945693900930963,
    "r2_ci_lower_test": 0.03425117068683813,
    "r2_ci_upper_test": 0.04790589991578951,
    "r2_samperror_test": 0.0068273646144756854,
    "r2_t_critical_test": 1.965927295920882,
    "r2_df_test": 399,
    "median_ae_mean_test": 0.9717256044709288,
    "median_ae_std_test": 0.055846734685086816,
    "median_ae_ci_lower_test": 0.9662360734656557,
    "median_ae_ci_upper_test": 0.977215135476202,
    "median_ae_samperror_test": 0.005489531005273183,
    "median_ae_t_critical_test": 1.965927295920882,
    "median_ae_df_test": 399,
    "max_error_mean_test": 3.0037714513301608,
    "max_error_std_test": 0.4586280947727457,
    "max_error_ci_lower_test": 2.9586899768206645,
    "max_error_ci_upper_test": 3.048852925839657,
    "max_error_samperror_test": 0.0450814745094965,
    "max_error_t_critical_test": 1.965927295920882,
    "max_error_df_test": 399,
    "rho_mean_test": 0.25033524947934865,
    "rho_std_test": 0.19376008332591715,
    "rho_ci_lower_test": 0.2312893376458324,
    "rho_ci_upper_test": 0.26938116131286494,
    "rho_samperror_test": 0.019045911833516255,
    "rho_t_critical_test": 1.965927295920882,
    "rho_df_test": 399,
    "r2_below_zero_test": 0.2025
  },
  "selected_features": [
    "nodes_T2W20",
    "edges_T2W20",
    "l2_T2W20",
    "lcc_T2W20"
  ]
}