{
  "best_trial_number": 18,
  "best_value_internal_minimized": 2.817488654325744,
  "best_params": {
    "regressor": "LinearRegression",
    "use_scaler": false,
    "rfe_n_features": 3
  },
  "best_metadata": {
    "regressor": "LinearRegression",
    "use_scaler": false,
    "rfe_estimator": {
      "mode": "original",
      "type": "LinearRegression"
    },
    "n_candidate_features": 13,
    "rfe_n_features": 3,
    "rfe_selected_features": [
      "l1_T6W30",
      "atd_T6W30",
      "density_T6W30"
    ]
  },
  "validation_summary": {
    "n_splits_val": 800,
    "mae_mean_val": 2.817492356180789,
    "mae_std_val": 0.13226649510491584,
    "mae_ci_lower_val": 2.8083130191627323,
    "mae_ci_upper_val": 2.8266716931988456,
    "mae_samperror_val": 0.009179337018056594,
    "mae_t_critical_val": 1.9629374611056076,
    "mae_df_val": 799,
    "d2mae_mean_val": 0.00048300240127595193,
    "d2mae_std_val": 0.029491129022239503,
    "d2mae_ci_lower_val": -0.0015636913749777822,
    "d2mae_ci_upper_val": 0.002529696177529686,
    "d2mae_samperror_val": 0.002046693776253734,
    "d2mae_t_critical_val": 1.9629374611056076,
    "d2mae_df_val": 799,
    "rmse_mean_val": 3.4400912017045715,
    "rmse_std_val": 0.18581437597329364,
    "rmse_ci_lower_val": 3.4271956246462563,
    "rmse_ci_upper_val": 3.4529867787628867,
    "rmse_samperror_val": 0.012895577058315408,
    "rmse_t_critical_val": 1.9629374611056076,
    "rmse_df_val": 799,
    "mape_mean_val": 962549500514005.0,
    "mape_std_val": 547385463287621.1,
    "mape_ci_lower_val": 924560774477857.2,
    "mape_ci_upper_val": 1000538226550152.8,
    "mape_samperror_val": 37988726036147.7,
    "mape_t_critical_val": 1.9629374611056076,
    "mape_df_val": 799,
    "r2_mean_val": 0.005295986022368939,
    "r2_std_val": 0.054654093250026556,
    "r2_ci_lower_val": 0.0015029744894003005,
    "r2_ci_upper_val": 0.009088997555337578,
    "r2_samperror_val": 0.0037930115329686386,
    "r2_t_critical_val": 1.9629374611056076,
    "r2_df_val": 799,
    "median_ae_mean_val": 2.5478407975117805,
    "median_ae_std_val": 0.17643124836603416,
    "median_ae_ci_lower_val": 2.535596412507221,
    "median_ae_ci_upper_val": 2.56008518251634,
    "median_ae_samperror_val": 0.012244385004559502,
    "median_ae_t_critical_val": 1.9629374611056076,
    "median_ae_df_val": 799,
    "max_error_mean_val": 8.306752030534359,
    "max_error_std_val": 1.06135371248634,
    "max_error_ci_lower_val": 8.233093743796287,
    "max_error_ci_upper_val": 8.38041031727243,
    "max_error_samperror_val": 0.07365828673807176,
    "max_error_t_critical_val": 1.9629374611056076,
    "max_error_df_val": 799,
    "rho_mean_val": 0.14612868669525486,
    "rho_std_val": 0.1223501238784068,
    "rho_ci_lower_val": 0.1376375490084959,
    "rho_ci_upper_val": 0.15461982438201383,
    "rho_samperror_val": 0.008491137686758953,
    "rho_t_critical_val": 1.9629374611056076,
    "rho_df_val": 799,
    "r2_below_zero_val": 0.37375
  },
  "test_summary": {
    "n_splits_test": 800,
    "mae_mean_test": 2.84505474488416,
    "mae_std_test": 0.2026115465849817,
    "mae_ci_lower_test": 2.8309934388188713,
    "mae_ci_upper_test": 2.8591160509494484,
    "mae_samperror_test": 0.014061306065288617,
    "mae_t_critical_test": 1.9629374611056076,
    "mae_df_test": 799,
    "d2mae_mean_test": -0.012666906560352192,
    "d2mae_std_test": 0.04524306243161601,
    "d2mae_ci_lower_test": -0.015806789547796254,
    "d2mae_ci_upper_test": -0.009527023572908131,
    "d2mae_samperror_test": 0.0031398829874440606,
    "d2mae_t_critical_test": 1.9629374611056076,
    "d2mae_df_test": 799,
    "rmse_mean_test": 3.453387095596497,
    "rmse_std_test": 0.27675501750627085,
    "rmse_ci_lower_test": 3.4341802089612,
    "rmse_ci_upper_test": 3.4725939822317944,
    "rmse_samperror_test": 0.019206886635297214,
    "rmse_t_critical_test": 1.9629374611056076,
    "rmse_df_test": 799,
    "mape_mean_test": 1034174780362521.8,
    "mape_std_test": 832091549723392.5,
    "mape_ci_lower_test": 976427360967085.2,
    "mape_ci_upper_test": 1091922199757958.2,
    "mape_samperror_test": 57747419395436.44,
    "mape_t_critical_test": 1.9629374611056076,
    "mape_df_test": 799,
    "r2_mean_test": -0.005946757276577273,
    "r2_std_test": 0.08285674524526629,
    "r2_ci_lower_test": -0.011697041868470794,
    "r2_ci_upper_test": -0.00019647268468375115,
    "r2_samperror_test": 0.005750284591893522,
    "r2_t_critical_test": 1.9629374611056076,
    "r2_df_test": 799,
    "median_ae_mean_test": 2.585212710261716,
    "median_ae_std_test": 0.2435628055681542,
    "median_ae_ci_lower_test": 2.568309373739492,
    "median_ae_ci_upper_test": 2.60211604678394,
    "median_ae_samperror_test": 0.016903336522223946,
    "median_ae_t_critical_test": 1.9629374611056076,
    "median_ae_df_test": 799,
    "max_error_mean_test": 7.553443676446595,
    "max_error_std_test": 1.2198845877487234,
    "max_error_ci_lower_test": 7.468783296316341,
    "max_error_ci_upper_test": 7.638104056576849,
    "max_error_samperror_test": 0.08466038013025406,
    "max_error_t_critical_test": 1.9629374611056076,
    "max_error_df_test": 799,
    "rho_mean_test": 0.1344256682770549,
    "rho_std_test": 0.18818294496129057,
    "rho_ci_lower_test": 0.12136571177423924,
    "rho_ci_upper_test": 0.14748562477987057,
    "rho_samperror_test": 0.013059956502815656,
    "rho_t_critical_test": 1.9629374611056076,
    "rho_df_test": 799,
    "r2_below_zero_test": 0.46
  },
  "selected_features": [
    "l1_T6W30",
    "atd_T6W30",
    "density_T6W30"
  ]
}