set,r2_mean,r2_std,r2_ci_lower,r2_ci_upper,rmse_mean,rmse_std,rmse_ci_lower,rmse_ci_upper,mae_mean,mae_std,mae_ci_lower,mae_ci_upper,rho_mean,rho_std,rho_ci_lower,rho_ci_upper,r2_below_zero
VALIDATION,-0.014076363491153892,0.02129500356498177,-0.0161695849299104,-0.011983142052397384,1.3449531849786172,0.07619874327625613,1.3374631255125342,1.3524432444447,1.0337033053486604,0.05310530312541934,1.0284832471000396,1.0389233635972812,-0.11704520477129682,0.11760678916014425,-0.1286055246210738,-0.10548488492151983,0.9025
