set,r2_mean,r2_std,r2_ci_lower,r2_ci_upper,rmse_mean,rmse_std,rmse_ci_lower,rmse_ci_upper,mae_mean,mae_std,mae_ci_lower,mae_ci_upper,rho_mean,rho_std,rho_ci_lower,rho_ci_upper,r2_below_zero
TEST,-0.01625237023682059,0.023983507249984787,-0.018609861814553662,-0.013894878659087517,1.3537335700803994,0.11034111048677608,1.3428874400319906,1.3645797001288082,1.037879795827064,0.07829952471183178,1.030183237182633,1.045576354471495,-0.1102486819348889,0.1883841432886537,-0.12876615840538064,-0.09173120546439716,0.8575
