set,r2_mean,r2_std,r2_ci_lower,r2_ci_upper,rmse_mean,rmse_std,rmse_ci_lower,rmse_ci_upper,mae_mean,mae_std,mae_ci_lower,mae_ci_upper,rho_mean,rho_std,rho_ci_lower,rho_ci_upper,r2_below_zero
VALIDATION,-0.010922902666696384,0.07560824188172903,-0.01835491799229036,-0.0034908873411024074,2.25236042000286,0.19394622229494068,2.233296211385342,2.271424628620378,1.757631955379847,0.12873427314673483,1.744977844304862,1.7702860664548319,0.12696247624006152,0.12967218540970019,0.11421617179912937,0.13970878068099368,0.43
