set,r2_mean,r2_std,r2_ci_lower,r2_ci_upper,rmse_mean,rmse_std,rmse_ci_lower,rmse_ci_upper,mae_mean,mae_std,mae_ci_lower,mae_ci_upper,rho_mean,rho_std,rho_ci_lower,rho_ci_upper,r2_below_zero
TEST,-0.016707354040988075,0.08809988996115838,-0.02536725296310144,-0.008047455118874709,2.179995666589168,0.276112376488384,2.1528548237051632,2.207136509473173,1.6992933062823334,0.1919642314126235,1.680423920163606,1.718162692401061,0.1199834308849272,0.19738286529896173,0.10058141275301202,0.13938544901684238,0.4725
