target,window,set,metric,mean,std,ci_lower,ci_upper,t_critical,df,significant
COG,T2W10,VALIDATION,R2,-0.022562,0.057067,-0.028171,-0.016952,1.9659,399,True
COG,T2W10,VALIDATION,RMSE,2.280665,0.185875,2.262394,2.298936,1.9659,399,True
COG,T2W10,VALIDATION,MAE,1.784405,0.127289,1.771893,1.796917,1.9659,399,True
COG,T2W10,VALIDATION,rho,0.08439,0.12061,0.072535,0.096246,1.9659,399,True
COG,T2W10,TEST,R2,-0.027022,0.094164,-0.036278,-0.017766,1.9659,399,True
COG,T2W10,TEST,RMSE,2.23128,0.312088,2.200603,2.261957,1.9659,399,True
COG,T2W10,TEST,MAE,1.751702,0.204939,1.731557,1.771847,1.9659,399,True
COG,T2W10,TEST,rho,0.090438,0.184929,0.07226,0.108616,1.9659,399,True
