set,r2_mean,r2_std,r2_ci_lower,r2_ci_upper,rmse_mean,rmse_std,rmse_ci_lower,rmse_ci_upper,mae_mean,mae_std,mae_ci_lower,mae_ci_upper,rho_mean,rho_std,rho_ci_lower,rho_ci_upper,r2_below_zero
TEST,-0.02702221427531204,0.09416380627361187,-0.036278174127367016,-0.017766254423257063,2.2312801180716026,0.3120876836745083,2.2006030332687807,2.2619572028744246,1.7517020650634592,0.20493914990793569,1.7315572916231174,1.7718468385038009,0.09043778746236483,0.18492907117616422,0.07225993202063899,0.10861564290409068,0.605
