set,r2_mean,r2_std,r2_ci_lower,r2_ci_upper,rmse_mean,rmse_std,rmse_ci_lower,rmse_ci_upper,mae_mean,mae_std,mae_ci_lower,mae_ci_upper,rho_mean,rho_std,rho_ci_lower,rho_ci_upper,r2_below_zero
VALIDATION,-0.022561803896411724,0.05706667296986476,-0.0281712504003541,-0.01695235739246935,2.2806646270127984,0.18587548687199212,2.262393742348587,2.29893551167701,1.7844047187821024,0.12728879346900557,1.7718926931048247,1.79691674445938,0.08439026688131396,0.12061014405337603,0.07253472816333988,0.09624580559928804,0.5525
