set,r2_mean,r2_std,r2_ci_lower,r2_ci_upper,rmse_mean,rmse_std,rmse_ci_lower,rmse_ci_upper,mae_mean,mae_std,mae_ci_lower,mae_ci_upper,rho_mean,rho_std,rho_ci_lower,rho_ci_upper,r2_below_zero
TEST,-0.003439056465261296,0.04290328227802859,-0.007656293151010047,0.0007781802204874554,3.46368998574852,0.2671683306096683,3.437428310060962,3.4899516614360784,2.8745390300345908,0.17798600675137022,2.8570436525863667,2.892034407482815,0.10984726328343555,0.1977178071822132,0.09041232158197882,0.1292822049848923,0.445
