set,r2_mean,r2_std,r2_ci_lower,r2_ci_upper,rmse_mean,rmse_std,rmse_ci_lower,rmse_ci_upper,mae_mean,mae_std,mae_ci_lower,mae_ci_upper,rho_mean,rho_std,rho_ci_lower,rho_ci_upper,r2_below_zero
VALIDATION,0.0010494830681765572,0.02925852676804597,-0.0018265237524101104,0.003925489888763225,3.4465512379420726,0.17325611804613256,3.4295207913594634,3.463581684524682,2.8476322666203315,0.11638199176000592,2.8361923399026,2.859072193338063,0.1043606162681825,0.1208956998827726,0.0924770084502324,0.11624422408613258,0.3475
