set,r2_mean,r2_std,r2_ci_lower,r2_ci_upper,rmse_mean,rmse_std,rmse_ci_lower,rmse_ci_upper,mae_mean,mae_std,mae_ci_lower,mae_ci_upper,rho_mean,rho_std,rho_ci_lower,rho_ci_upper,r2_below_zero
VALIDATION,-0.007571666084884401,0.05065643225349452,-0.012551009228939992,-0.00259232294082881,1.3492898879445208,0.07728242071368539,1.341693306925727,1.3568864689633144,1.0558783881775036,0.059060200563244965,1.0500729851580113,1.0616837911969959,0.0881471652135206,0.1230641754707009,0.0760504041281282,0.100243926298913,0.465
