set,r2_mean,r2_std,r2_ci_lower,r2_ci_upper,rmse_mean,rmse_std,rmse_ci_lower,rmse_ci_upper,mae_mean,mae_std,mae_ci_lower,mae_ci_upper,rho_mean,rho_std,rho_ci_lower,rho_ci_upper,r2_below_zero
TEST,-0.004780717829841958,0.06304715975562573,-0.010978024444535415,0.0014165887848514996,1.3563995030548477,0.11384649537122271,1.3452088064150869,1.3675901996946085,1.0704508193612248,0.08965837626245889,1.061637726901109,1.0792639118213405,0.09428776488598789,0.194893331355975,0.07513045889070467,0.1134450708812711,0.465
