set,r2_mean,r2_std,r2_ci_lower,r2_ci_upper,rmse_mean,rmse_std,rmse_ci_lower,rmse_ci_upper,mae_mean,mae_std,mae_ci_lower,mae_ci_upper,rho_mean,rho_std,rho_ci_lower,rho_ci_upper,r2_below_zero
VALIDATION,-0.003950538205274391,0.04734944776229666,-0.008604816795408338,0.0007037403848595553,3.452133504898934,0.1691774272157019,3.4355039787980832,3.468763030999785,2.8410747318611103,0.11814301337200175,2.829461703120592,2.8526877606016283,0.10237666864194123,0.12953520371569258,0.08964382900357362,0.11510950828030883,0.3875
