set,r2_mean,r2_std,r2_ci_lower,r2_ci_upper,rmse_mean,rmse_std,rmse_ci_lower,rmse_ci_upper,mae_mean,mae_std,mae_ci_lower,mae_ci_upper,rho_mean,rho_std,rho_ci_lower,rho_ci_upper,r2_below_zero
TEST,-0.01153358639949742,0.11192880774841847,-0.02253578131712225,-0.0005313914818725913,3.5368887079158053,0.2695536664164167,3.510392562389626,3.5633848534419847,2.914789010494226,0.18680984734150174,2.8964262815924524,2.933151739395999,0.09397902120383306,0.1988205231713076,0.07443568652924587,0.11352235587842024,0.4675
