set,r2_mean,r2_std,r2_ci_lower,r2_ci_upper,rmse_mean,rmse_std,rmse_ci_lower,rmse_ci_upper,mae_mean,mae_std,mae_ci_lower,mae_ci_upper,rho_mean,rho_std,rho_ci_lower,rho_ci_upper,r2_below_zero
TEST,-0.0017302605049038767,0.02626212130046602,-0.0043117315605724444,0.0008512105507646913,7.787197723849042,0.48910688600383984,7.739120294958151,7.835275152739933,6.6481630191075896,0.3835046796370244,6.610465903216999,6.6858601349981805,0.07196782426731675,0.1832604148308073,0.05395399167843335,0.08998165685620016,0.4775
