set,r2_mean,r2_std,r2_ci_lower,r2_ci_upper,rmse_mean,rmse_std,rmse_ci_lower,rmse_ci_upper,mae_mean,mae_std,mae_ci_lower,mae_ci_upper,rho_mean,rho_std,rho_ci_lower,rho_ci_upper,r2_below_zero
VALIDATION,-0.0035454577563624867,0.017700515237743276,-0.005285354059249637,-0.0018055614534753365,7.611207831853433,0.3130807803237483,7.5804331292601,7.641982534446766,6.459720606916263,0.2435150161438251,6.435783966056075,6.483657247776451,0.04353169404383619,0.11044073200278136,0.03267577156254865,0.05438761652512372,0.5075
