set,r2_mean,r2_std,r2_ci_lower,r2_ci_upper,rmse_mean,rmse_std,rmse_ci_lower,rmse_ci_upper,mae_mean,mae_std,mae_ci_lower,mae_ci_upper,rho_mean,rho_std,rho_ci_lower,rho_ci_upper,r2_below_zero
TEST,-0.021247586090425763,0.03931422197382526,-0.02511203119523754,-0.017383140985613985,2.164731997252181,0.25238017812822106,2.139923943195599,2.189540051308763,1.6692680796069987,0.1651245159040843,1.6530369399549207,1.6854992192590768,-0.04398456035366147,0.19825117818813284,-0.06347193048608771,-0.024497190221235223,0.77
