set,r2_mean,r2_std,r2_ci_lower,r2_ci_upper,rmse_mean,rmse_std,rmse_ci_lower,rmse_ci_upper,mae_mean,mae_std,mae_ci_lower,mae_ci_upper,rho_mean,rho_std,rho_ci_lower,rho_ci_upper,r2_below_zero
VALIDATION,-0.019609154202037026,0.029875932337720453,-0.022545849745727525,-0.016672458658346528,2.19328266035632,0.18833128996998647,2.1747703791749204,2.211794941537719,1.6976459206634507,0.12572969353534438,1.6852871488420056,1.7100046924848957,-0.056113581827627594,0.1275095314333193,-0.0686473052443698,-0.04357985841088539,0.8475
