target,window,set,metric,mean,std,ci_lower,ci_upper,t_critical,df,significant
COG,T7W30,VALIDATION,R2,-0.018833,0.035662,-0.022338,-0.015328,1.9659,399,True
COG,T7W30,VALIDATION,RMSE,2.258918,0.143574,2.244805,2.273031,1.9659,399,True
COG,T7W30,VALIDATION,MAE,1.74644,0.0906,1.737534,1.755346,1.9659,399,True
COG,T7W30,VALIDATION,rho,-0.051982,0.135587,-0.06531,-0.038655,1.9659,399,True
COG,T7W30,TEST,R2,-0.01897,0.042795,-0.023177,-0.014763,1.9659,399,True
COG,T7W30,TEST,RMSE,2.219253,0.226866,2.196953,2.241553,1.9659,399,True
COG,T7W30,TEST,MAE,1.711547,0.143993,1.697393,1.725702,1.9659,399,True
COG,T7W30,TEST,rho,-0.049822,0.197858,-0.069271,-0.030374,1.9659,399,True
