set,r2_mean,r2_std,r2_ci_lower,r2_ci_upper,rmse_mean,rmse_std,rmse_ci_lower,rmse_ci_upper,mae_mean,mae_std,mae_ci_lower,mae_ci_upper,rho_mean,rho_std,rho_ci_lower,rho_ci_upper,r2_below_zero
TEST,-0.018969960868309023,0.04279528481185975,-0.023176581795726195,-0.01476333994089185,2.2192532966595517,0.22686594788973402,2.196953198685982,2.2415533946331214,1.711547491311631,0.1439934000253824,1.6973934635345134,1.7257015190887488,-0.0498223922475211,0.1978580818945869,-0.06927112244327699,-0.03037366205176522,0.7975
