set,r2_mean,r2_std,r2_ci_lower,r2_ci_upper,rmse_mean,rmse_std,rmse_ci_lower,rmse_ci_upper,mae_mean,mae_std,mae_ci_lower,mae_ci_upper,rho_mean,rho_std,rho_ci_lower,rho_ci_upper,r2_below_zero
VALIDATION,-0.01883295855844452,0.03566176708785324,-0.0223383806253837,-0.01532753649150534,2.25891792766018,0.1435740395174926,2.244805121496527,2.273030733823833,1.7464399446797705,0.09059984938322488,1.7375343088343305,1.7553455805252105,-0.05198235223851341,0.13558662109185635,-0.06531002420682153,-0.0386546802702053,0.8425
