set,r2_mean,r2_std,r2_ci_lower,r2_ci_upper,rmse_mean,rmse_std,rmse_ci_lower,rmse_ci_upper,mae_mean,mae_std,mae_ci_lower,mae_ci_upper,rho_mean,rho_std,rho_ci_lower,rho_ci_upper,r2_below_zero
TEST,-0.02733753226339177,0.0715701045887703,-0.034372613372540564,-0.02030245115424298,2.1699055591005747,0.25597462323422365,2.1447441841566137,2.1950669340445357,1.683020148274103,0.17120948370746467,1.6661908784070516,1.6998494181411543,0.05035961372944502,0.2002431711534979,0.030676437929824097,0.07004278952906595,0.5975
