set,r2_mean,r2_std,r2_ci_lower,r2_ci_upper,rmse_mean,rmse_std,rmse_ci_lower,rmse_ci_upper,mae_mean,mae_std,mae_ci_lower,mae_ci_upper,rho_mean,rho_std,rho_ci_lower,rho_ci_upper,r2_below_zero
VALIDATION,-0.02250087069181228,0.05033709759638665,-0.027448824399920777,-0.017552916983703783,2.1955150109286024,0.18717730026209226,2.177116162740501,2.213913859116704,1.7076977096124002,0.12547575683879003,1.6953638988451147,1.7200315203796857,0.03838663914120466,0.12904387182796878,0.02570209564130868,0.05107118264110064,0.6025
