set,r2_mean,r2_std,r2_ci_lower,r2_ci_upper,rmse_mean,rmse_std,rmse_ci_lower,rmse_ci_upper,mae_mean,mae_std,mae_ci_lower,mae_ci_upper,rho_mean,rho_std,rho_ci_lower,rho_ci_upper,r2_below_zero
TEST,-0.013919684631883493,0.038089918165652374,-0.017663785122945926,-0.010175584140821061,3.5106768275265914,0.28147080707496586,3.4830092703949136,3.538344384658269,2.9185428693998006,0.18289498208156527,2.900564957521745,2.936520781277856,0.06525014573372499,0.18576742141867725,0.04698988351073424,0.08351040795671574,0.58
