set,r2_mean,r2_std,r2_ci_lower,r2_ci_upper,rmse_mean,rmse_std,rmse_ci_lower,rmse_ci_upper,mae_mean,mae_std,mae_ci_lower,mae_ci_upper,rho_mean,rho_std,rho_ci_lower,rho_ci_upper,r2_below_zero
VALIDATION,-0.01254316751479278,0.030742368185588727,-0.01556503055265771,-0.009521304476927851,3.518177857746391,0.17858516199518462,3.5006235855157515,3.5357321299770303,2.9297792461218393,0.11281575099333535,2.918689867907459,2.9408686243362196,0.058347131815440996,0.12180261156042115,0.046374377876386985,0.070319885754495,0.5625
