{
  "best_trial_number": 158,
  "best_value_internal_minimized": 6.267646065518406,
  "best_params": {
    "regressor": "KNeighborsRegressor",
    "knn_n_neighbors": 14,
    "knn_weights": "uniform",
    "knn_metric": "minkowski",
    "rfe_proxy_type": "ExtraTrees",
    "rfe_proxy_et_n_estimators": 30,
    "rfe_proxy_et_max_depth": 12,
    "rfe_proxy_et_min_samples_split": 2,
    "rfe_proxy_et_min_samples_leaf": 5,
    "rfe_n_features": 10
  },
  "best_metadata": {
    "regressor": "KNeighborsRegressor",
    "use_scaler": true,
    "rfe_estimator": {
      "mode": "proxy",
      "type": "ExtraTrees"
    },
    "n_candidate_features": 13,
    "rfe_n_features": 10,
    "rfe_selected_features": [
      "nodes_T2W30",
      "re_T2W30",
      "pe_T2W30",
      "l1_T2W30",
      "l2_T2W30",
      "lcc_T2W30",
      "lsc_T2W30",
      "density_T2W30",
      "diameter_T2W30",
      "asp_T2W30"
    ]
  },
  "validation_summary": {
    "n_splits_val": 400,
    "mae_mean_val": 6.2903495440729476,
    "mae_std_val": 0.3409338889797266,
    "mae_ci_lower_val": 6.256836982150462,
    "mae_ci_upper_val": 6.323862105995433,
    "mae_samperror_val": 0.0335125619224852,
    "mae_t_critical_val": 1.965927295920882,
    "mae_df_val": 399,
    "d2mae_mean_val": 0.005875196819855836,
    "d2mae_std_val": 0.041635188157314554,
    "d2mae_ci_lower_val": 0.00178260917639251,
    "d2mae_ci_upper_val": 0.009967784463319161,
    "d2mae_samperror_val": 0.004092587643463326,
    "d2mae_t_critical_val": 1.965927295920882,
    "d2mae_df_val": 399,
    "rmse_mean_val": 7.519480039299447,
    "rmse_std_val": 0.39800039241546814,
    "rmse_ci_lower_val": 7.4803580475376075,
    "rmse_ci_upper_val": 7.5586020310612865,
    "rmse_samperror_val": 0.03912199176183956,
    "rmse_t_critical_val": 1.965927295920882,
    "rmse_df_val": 399,
    "mape_mean_val": 327400741907702.3,
    "mape_std_val": 611277103284058.1,
    "mape_ci_lower_val": 267314424771823.4,
    "mape_ci_upper_val": 387487059043581.25,
    "mape_samperror_val": 60086317135878.91,
    "mape_t_critical_val": 1.965927295920882,
    "mape_df_val": 399,
    "r2_mean_val": 0.0009296342897628221,
    "r2_std_val": 0.07109101070604179,
    "r2_ci_lower_val": -0.006058353632317739,
    "r2_ci_upper_val": 0.007917622211843382,
    "r2_samperror_val": 0.0069879879220805605,
    "r2_t_critical_val": 1.965927295920882,
    "r2_df_val": 399,
    "median_ae_mean_val": 5.810892857142857,
    "median_ae_std_val": 0.5477003492785695,
    "median_ae_ci_lower_val": 5.75705590381125,
    "median_ae_ci_upper_val": 5.864729810474464,
    "median_ae_samperror_val": 0.05383695333160703,
    "median_ae_t_critical_val": 1.965927295920882,
    "median_ae_df_val": 399,
    "max_error_mean_val": 17.071964285714284,
    "max_error_std_val": 1.7425061771344004,
    "max_error_ci_lower_val": 16.90068226286732,
    "max_error_ci_upper_val": 17.243246308561247,
    "max_error_samperror_val": 0.17128202284696326,
    "max_error_t_critical_val": 1.965927295920882,
    "max_error_df_val": 399,
    "rho_mean_val": 0.13430388565794427,
    "rho_std_val": 0.12409548292504992,
    "rho_ci_lower_val": 0.1221057507988023,
    "rho_ci_upper_val": 0.14650202051708625,
    "rho_samperror_val": 0.012198134859141969,
    "rho_t_critical_val": 1.965927295920882,
    "rho_df_val": 399,
    "r2_below_zero_val": 0.4725
  },
  "test_summary": {
    "n_splits_test": 400,
    "mae_mean_test": 6.373905279503106,
    "mae_std_test": 0.5262789838486782,
    "mae_ci_lower_test": 6.3221739685222245,
    "mae_ci_upper_test": 6.425636590483987,
    "mae_samperror_test": 0.05173131098088108,
    "mae_t_critical_test": 1.965927295920882,
    "mae_df_test": 399,
    "d2mae_mean_test": -0.001108476943439331,
    "d2mae_std_test": 0.06260994182045959,
    "d2mae_ci_lower_test": -0.007262806624482324,
    "d2mae_ci_upper_test": 0.005045852737603662,
    "d2mae_samperror_test": 0.006154329681042993,
    "d2mae_t_critical_test": 1.965927295920882,
    "d2mae_df_test": 399,
    "rmse_mean_test": 7.591262356382308,
    "rmse_std_test": 0.618812991100155,
    "rmse_ci_lower_test": 7.530435288868596,
    "rmse_ci_upper_test": 7.65208942389602,
    "rmse_samperror_test": 0.06082706751371202,
    "rmse_t_critical_test": 1.965927295920882,
    "rmse_df_test": 399,
    "mape_mean_test": 302279648902313.94,
    "mape_std_test": 911785861263529.1,
    "mape_ci_lower_test": 212654413267678.8,
    "mape_ci_upper_test": 391904884536949.06,
    "mape_samperror_test": 89625235634635.11,
    "mape_t_critical_test": 1.965927295920882,
    "mape_df_test": 399,
    "r2_mean_test": -0.007382318612373666,
    "r2_std_test": 0.10878615953246756,
    "r2_ci_lower_test": -0.01807560263453775,
    "r2_ci_upper_test": 0.003310965409790416,
    "r2_samperror_test": 0.010693284022164082,
    "r2_t_critical_test": 1.965927295920882,
    "r2_df_test": 399,
    "median_ae_mean_test": 5.925357142857143,
    "median_ae_std_test": 0.8517192504286937,
    "median_ae_ci_lower_test": 5.841636236713191,
    "median_ae_ci_upper_test": 6.009078049001095,
    "median_ae_samperror_test": 0.08372090614395211,
    "median_ae_t_critical_test": 1.965927295920882,
    "median_ae_df_test": 399,
    "max_error_mean_test": 15.844642857142858,
    "max_error_std_test": 2.4439179140470264,
    "max_error_ci_lower_test": 15.604414610332105,
    "max_error_ci_upper_test": 16.084871103953613,
    "max_error_samperror_test": 0.24022824681075364,
    "max_error_t_critical_test": 1.965927295920882,
    "max_error_df_test": 399,
    "rho_mean_test": 0.1259344038466191,
    "rho_std_test": 0.19326573220266172,
    "rho_ci_lower_test": 0.10693708493145171,
    "rho_ci_upper_test": 0.1449317227617865,
    "rho_samperror_test": 0.018997318915167406,
    "rho_t_critical_test": 1.965927295920882,
    "rho_df_test": 399,
    "r2_below_zero_test": 0.5025
  },
  "selected_features": [
    "nodes_T2W30",
    "re_T2W30",
    "pe_T2W30",
    "l1_T2W30",
    "l2_T2W30",
    "lcc_T2W30",
    "lsc_T2W30",
    "density_T2W30",
    "diameter_T2W30",
    "asp_T2W30"
  ]
}