{
  "best_trial_number": 265,
  "best_value_internal_minimized": 6.305787340749384,
  "best_params": {
    "regressor": "ElasticNet",
    "use_scaler": true,
    "elastic_alpha": 0.23354561920137007,
    "elastic_l1_ratio": 0.754516871576379,
    "rfe_n_features": 2
  },
  "best_metadata": {
    "regressor": "ElasticNet",
    "use_scaler": true,
    "rfe_estimator": {
      "mode": "original",
      "type": "ElasticNet"
    },
    "n_candidate_features": 13,
    "rfe_n_features": 2,
    "rfe_selected_features": [
      "l2_T2W30",
      "asp_T2W30"
    ]
  },
  "validation_summary": {
    "n_splits_val": 400,
    "mae_mean_val": 6.337253612208976,
    "mae_std_val": 0.2675135203623416,
    "mae_ci_lower_val": 6.310958005623566,
    "mae_ci_upper_val": 6.363549218794387,
    "mae_samperror_val": 0.0262956065854107,
    "mae_t_critical_val": 1.965927295920882,
    "mae_df_val": 399,
    "d2mae_mean_val": -0.0015171927986762227,
    "d2mae_std_val": 0.02357721865675459,
    "d2mae_ci_lower_val": -0.003834747684636669,
    "d2mae_ci_upper_val": 0.0008003620872842232,
    "d2mae_samperror_val": 0.002317554885960446,
    "d2mae_t_critical_val": 1.965927295920882,
    "d2mae_df_val": 399,
    "rmse_mean_val": 7.48121879286666,
    "rmse_std_val": 0.3444735811184761,
    "rmse_ci_lower_val": 7.447358292074438,
    "rmse_ci_upper_val": 7.515079293658881,
    "rmse_samperror_val": 0.033860500792221415,
    "rmse_t_critical_val": 1.965927295920882,
    "rmse_df_val": 399,
    "mape_mean_val": 305895308306480.25,
    "mape_std_val": 568550012429552.1,
    "mape_ci_lower_val": 250008908879909.6,
    "mape_ci_upper_val": 361781707733050.94,
    "mape_samperror_val": 55886399426570.664,
    "mape_t_critical_val": 1.965927295920882,
    "mape_df_val": 399,
    "r2_mean_val": 0.011979141185822252,
    "r2_std_val": 0.04252968079728718,
    "r2_ci_lower_val": 0.0077986281675128,
    "r2_ci_upper_val": 0.016159654204131704,
    "r2_samperror_val": 0.004180513018309452,
    "r2_t_critical_val": 1.965927295920882,
    "r2_df_val": 399,
    "median_ae_mean_val": 6.178455311101565,
    "median_ae_std_val": 0.4015520728796518,
    "median_ae_ci_lower_val": 6.138984202061179,
    "median_ae_ci_upper_val": 6.217926420141952,
    "median_ae_samperror_val": 0.039471109040385935,
    "median_ae_t_critical_val": 1.965927295920882,
    "median_ae_df_val": 399,
    "max_error_mean_val": 16.451093921879785,
    "max_error_std_val": 1.6298092990177826,
    "max_error_ci_lower_val": 16.290889592475548,
    "max_error_ci_upper_val": 16.611298251284023,
    "max_error_samperror_val": 0.16020432940423687,
    "max_error_t_critical_val": 1.965927295920882,
    "max_error_df_val": 399,
    "rho_mean_val": 0.12404884934251392,
    "rho_std_val": 0.13342526532839402,
    "rho_ci_lower_val": 0.11093363078878513,
    "rho_ci_upper_val": 0.13716406789624272,
    "rho_samperror_val": 0.013115218553728793,
    "rho_t_critical_val": 1.965927295920882,
    "rho_df_val": 399,
    "r2_below_zero_val": 0.325
  },
  "test_summary": {
    "n_splits_test": 400,
    "mae_mean_test": 6.396812173181176,
    "mae_std_test": 0.43835756403570475,
    "mae_ci_lower_test": 6.353723218155617,
    "mae_ci_upper_test": 6.439901128206735,
    "mae_samperror_test": 0.043088955025558894,
    "mae_t_critical_test": 1.965927295920882,
    "mae_df_test": 399,
    "d2mae_mean_test": -0.004465942036366755,
    "d2mae_std_test": 0.03588858739189326,
    "d2mae_ci_lower_test": -0.007993659714655004,
    "d2mae_ci_upper_test": -0.0009382243580785062,
    "d2mae_samperror_test": 0.0035277176782882486,
    "d2mae_t_critical_test": 1.965927295920882,
    "d2mae_df_test": 399,
    "rmse_mean_test": 7.529147885092457,
    "rmse_std_test": 0.5400848458075953,
    "rmse_ci_lower_test": 7.476059508068139,
    "rmse_ci_upper_test": 7.582236262116775,
    "rmse_samperror_test": 0.05308837702431862,
    "rmse_t_critical_test": 1.965927295920882,
    "rmse_df_test": 399,
    "mape_mean_test": 278139873097297.47,
    "mape_std_test": 835626927735539.6,
    "mape_ci_lower_test": 196000783775207.28,
    "mape_ci_upper_test": 360278962419387.6,
    "mape_samperror_test": 82139089322090.19,
    "mape_t_critical_test": 1.965927295920882,
    "mape_df_test": 399,
    "r2_mean_test": 0.011356212153039152,
    "r2_std_test": 0.060703070289777825,
    "r2_ci_lower_test": 0.005389321011595245,
    "r2_ci_upper_test": 0.01732310329448306,
    "r2_samperror_test": 0.005966891141443907,
    "r2_t_critical_test": 1.965927295920882,
    "r2_df_test": 399,
    "median_ae_mean_test": 6.216151470694083,
    "median_ae_std_test": 0.6204995205040137,
    "median_ae_ci_lower_test": 6.15515862347085,
    "median_ae_ci_upper_test": 6.277144317917315,
    "median_ae_samperror_test": 0.06099284722323298,
    "median_ae_t_critical_test": 1.965927295920882,
    "median_ae_df_test": 399,
    "max_error_mean_test": 15.306272635446817,
    "max_error_std_test": 2.2166448945674064,
    "max_error_ci_lower_test": 15.08838450026713,
    "max_error_ci_upper_test": 15.524160770626503,
    "max_error_samperror_test": 0.2178881351796865,
    "max_error_t_critical_test": 1.965927295920882,
    "max_error_df_test": 399,
    "rho_mean_test": 0.12529037717428182,
    "rho_std_test": 0.21237160004565253,
    "rho_ci_lower_test": 0.10441502090387478,
    "rho_ci_upper_test": 0.14616573344468886,
    "rho_samperror_test": 0.020875356270407035,
    "rho_t_critical_test": 1.965927295920882,
    "rho_df_test": 399,
    "r2_below_zero_test": 0.375
  },
  "selected_features": [
    "l2_T2W30",
    "asp_T2W30"
  ]
}