{
  "best_trial_number": 260,
  "best_value_internal_minimized": 6.301429641524399,
  "best_params": {
    "regressor": "ElasticNet",
    "use_scaler": false,
    "elastic_alpha": 0.07408895532632936,
    "elastic_l1_ratio": 0.00022033082652957864,
    "rfe_n_features": 2
  },
  "best_metadata": {
    "regressor": "ElasticNet",
    "use_scaler": false,
    "rfe_estimator": {
      "mode": "original",
      "type": "ElasticNet"
    },
    "n_candidate_features": 13,
    "rfe_n_features": 2,
    "rfe_selected_features": [
      "l2_T2W30",
      "asp_T2W30"
    ]
  },
  "validation_summary": {
    "n_splits_val": 400,
    "mae_mean_val": 6.331415982381957,
    "mae_std_val": 0.2670231138240852,
    "mae_ci_lower_val": 6.305168580976529,
    "mae_ci_upper_val": 6.357663383787385,
    "mae_samperror_val": 0.026247401405427886,
    "mae_t_critical_val": 1.965927295920882,
    "mae_df_val": 399,
    "d2mae_mean_val": -0.0005892140183937805,
    "d2mae_std_val": 0.023203694618024913,
    "d2mae_ci_lower_val": -0.0028700528491831627,
    "d2mae_ci_upper_val": 0.0016916248123956014,
    "d2mae_samperror_val": 0.002280838830789382,
    "d2mae_t_critical_val": 1.965927295920882,
    "d2mae_df_val": 399,
    "rmse_mean_val": 7.473581219058689,
    "rmse_std_val": 0.34297071172408117,
    "rmse_ci_lower_val": 7.4398684448646994,
    "rmse_ci_upper_val": 7.507293993252678,
    "rmse_samperror_val": 0.03371277419398916,
    "rmse_t_critical_val": 1.965927295920882,
    "rmse_df_val": 399,
    "mape_mean_val": 304816618597722.56,
    "mape_std_val": 566540004773701.1,
    "mape_ci_lower_val": 249127795616934.28,
    "mape_ci_upper_val": 360505441578510.9,
    "mape_samperror_val": 55688822980788.29,
    "mape_t_critical_val": 1.965927295920882,
    "mape_df_val": 399,
    "r2_mean_val": 0.014025680200532404,
    "r2_std_val": 0.04124137207718973,
    "r2_ci_lower_val": 0.009971803246143576,
    "r2_ci_upper_val": 0.01807955715492123,
    "r2_samperror_val": 0.004053876954388829,
    "r2_t_critical_val": 1.965927295920882,
    "r2_df_val": 399,
    "median_ae_mean_val": 6.1789643857407395,
    "median_ae_std_val": 0.3957033980710457,
    "median_ae_ci_lower_val": 6.140068180172913,
    "median_ae_ci_upper_val": 6.217860591308566,
    "median_ae_samperror_val": 0.03889620556782576,
    "median_ae_t_critical_val": 1.965927295920882,
    "median_ae_df_val": 399,
    "max_error_mean_val": 16.436889827361412,
    "max_error_std_val": 1.6369298062947417,
    "max_error_ci_lower_val": 16.275985577976346,
    "max_error_ci_upper_val": 16.597794076746478,
    "max_error_samperror_val": 0.16090424938506576,
    "max_error_t_critical_val": 1.965927295920882,
    "max_error_df_val": 399,
    "rho_mean_val": 0.12877920721495725,
    "rho_std_val": 0.13421905555675287,
    "rho_ci_lower_val": 0.11558596196737017,
    "rho_ci_upper_val": 0.14197245246254434,
    "rho_samperror_val": 0.013193245247587089,
    "rho_t_critical_val": 1.965927295920882,
    "rho_df_val": 399,
    "r2_below_zero_val": 0.325
  },
  "test_summary": {
    "n_splits_test": 400,
    "mae_mean_test": 6.390909487018473,
    "mae_std_test": 0.43687136452494046,
    "mae_ci_lower_test": 6.347966620002184,
    "mae_ci_upper_test": 6.433852354034762,
    "mae_samperror_test": 0.042942867016289105,
    "mae_t_critical_test": 1.965927295920882,
    "mae_df_test": 399,
    "d2mae_mean_test": -0.003541232077778563,
    "d2mae_std_test": 0.03553448349787344,
    "d2mae_ci_lower_test": -0.007034142630524541,
    "d2mae_ci_upper_test": -4.8321525032586025e-05,
    "d2mae_samperror_test": 0.003492910552745977,
    "d2mae_t_critical_test": 1.965927295920882,
    "d2mae_df_test": 399,
    "rmse_mean_test": 7.521600269557524,
    "rmse_std_test": 0.5387590232953325,
    "rmse_ci_lower_test": 7.468642216066526,
    "rmse_ci_upper_test": 7.574558323048523,
    "rmse_samperror_test": 0.05295805349099843,
    "rmse_t_critical_test": 1.965927295920882,
    "rmse_df_test": 399,
    "mape_mean_test": 277282722809558.25,
    "mape_std_test": 833057212466110.5,
    "mape_ci_lower_test": 195396227157013.84,
    "mape_ci_upper_test": 359169218462102.6,
    "mape_samperror_test": 81886495652544.4,
    "mape_t_critical_test": 1.965927295920882,
    "mape_df_test": 399,
    "r2_mean_test": 0.01338197290419825,
    "r2_std_test": 0.05939704382602117,
    "r2_ci_lower_test": 0.0075434594164690534,
    "r2_ci_upper_test": 0.019220486391927447,
    "r2_samperror_test": 0.0058385134877291965,
    "r2_t_critical_test": 1.965927295920882,
    "r2_df_test": 399,
    "median_ae_mean_test": 6.210561505415771,
    "median_ae_std_test": 0.6166345307787896,
    "median_ae_ci_lower_test": 6.149948572632502,
    "median_ae_ci_upper_test": 6.27117443819904,
    "median_ae_samperror_test": 0.06061293278326939,
    "median_ae_t_critical_test": 1.965927295920882,
    "median_ae_df_test": 399,
    "max_error_mean_test": 15.28314733443227,
    "max_error_std_test": 2.218910689857434,
    "max_error_ci_lower_test": 15.065036479812202,
    "max_error_ci_upper_test": 15.501258189052338,
    "max_error_samperror_test": 0.2181108546200682,
    "max_error_t_critical_test": 1.965927295920882,
    "max_error_df_test": 399,
    "rho_mean_test": 0.13021538911133176,
    "rho_std_test": 0.21258235968775205,
    "rho_ci_lower_test": 0.10931931593426063,
    "rho_ci_upper_test": 0.1511114622884029,
    "rho_samperror_test": 0.020896073177071137,
    "rho_t_critical_test": 1.965927295920882,
    "rho_df_test": 399,
    "r2_below_zero_test": 0.3825
  },
  "selected_features": [
    "l2_T2W30",
    "asp_T2W30"
  ]
}