{
  "mean_abs_shap": {
    "nodes_T2W30": 0.3623432197355585,
    "re_T2W30": 0.1618647071872226,
    "pe_T2W30": 0.3621282132176537,
    "l1_T2W30": 0.16939411553671357,
    "l2_T2W30": 0.19170784859837653,
    "lcc_T2W30": 0.336984333475741,
    "lsc_T2W30": 0.8791323685190654,
    "density_T2W30": 9.888100167628677e-05,
    "diameter_T2W30": 0.3050863718273136,
    "asp_T2W30": 0.058771704350017065
  },
  "mean_shap": {
    "nodes_T2W30": 0.025487122481842733,
    "re_T2W30": -0.013140002136120339,
    "pe_T2W30": -0.0014752456538175498,
    "l1_T2W30": 0.06052578707811594,
    "l2_T2W30": -0.005138301455848284,
    "lcc_T2W30": 0.02385165467153014,
    "lsc_T2W30": -0.2442572603437508,
    "density_T2W30": 3.315587104413343e-05,
    "diameter_T2W30": 0.005089969272732686,
    "asp_T2W30": -0.00047998537579317934
  },
  "regressor": "KNeighborsRegressor",
  "n_subjects": 230,
  "n_features": 10
}