{
  "mean_abs_shap": {
    "l2_T2W30": 0.7715380270911301,
    "asp_T2W30": 0.2519560876175115
  },
  "mean_shap": {
    "l2_T2W30": -0.036630727305013835,
    "asp_T2W30": 0.025010996714930678
  },
  "regressor": "ElasticNet",
  "n_subjects": 230,
  "n_features": 2
}