{
  "best_trial_number": 72,
  "best_value_internal_minimized": 1.741100235471454,
  "best_params": {
    "regressor": "SVR",
    "svr_kernel": "rbf",
    "svr_C": 0.0010015741375924909,
    "svr_epsilon": 0.0022356562798331926,
    "svr_gamma": "auto",
    "rfe_proxy_type": "LinearSVC",
    "rfe_proxy_svc_C": 0.008676166603561597,
    "rfe_n_features": 7
  },
  "best_metadata": {
    "regressor": "SVR",
    "use_scaler": true,
    "rfe_estimator": {
      "mode": "proxy",
      "type": "LinearSVC",
      "C": 0.008676166603561597,
      "epsilon": 0.0022356562798331926
    },
    "n_candidate_features": 13,
    "rfe_n_features": 7,
    "rfe_selected_features": [
      "nodes_T6W40",
      "edges_T6W40",
      "l1_T6W40",
      "l3_T6W40",
      "atd_T6W40",
      "diameter_T6W40",
      "asp_T6W40"
    ]
  },
  "validation_summary": {
    "n_splits_val": 400,
    "mae_mean_val": 1.7408649332942172,
    "mae_std_val": 0.11062960676064647,
    "mae_ci_lower_val": 1.7299904451108299,
    "mae_ci_upper_val": 1.7517394214776045,
    "mae_samperror_val": 0.010874488183387413,
    "mae_t_critical_val": 1.965927295920882,
    "mae_df_val": 399,
    "d2mae_mean_val": -4.827574237698584e-05,
    "d2mae_std_val": 0.00017599544393442757,
    "d2mae_ci_lower_val": -6.557545473640606e-05,
    "d2mae_ci_upper_val": -3.097603001756562e-05,
    "d2mae_samperror_val": 1.7299712359420223e-05,
    "d2mae_t_critical_val": 1.965927295920882,
    "d2mae_df_val": 399,
    "rmse_mean_val": 2.2647841867719376,
    "rmse_std_val": 0.1653481772336532,
    "rmse_ci_lower_val": 2.2485310620242176,
    "rmse_ci_upper_val": 2.2810373115196576,
    "rmse_samperror_val": 0.01625312474772013,
    "rmse_t_critical_val": 1.965927295920882,
    "rmse_df_val": 399,
    "mape_mean_val": 0.2725186962631969,
    "mape_std_val": 0.04514480758071673,
    "mape_ci_lower_val": 0.26808112578859555,
    "mape_ci_upper_val": 0.2769562667377983,
    "mape_samperror_val": 0.004437570474601349,
    "mape_t_critical_val": 1.965927295920882,
    "mape_df_val": 399,
    "r2_mean_val": -0.007479359548489361,
    "r2_std_val": 0.008691875149476185,
    "r2_ci_lower_val": -0.008333739278943942,
    "r2_ci_upper_val": -0.00662497981803478,
    "r2_samperror_val": 0.0008543797304545814,
    "r2_t_critical_val": 1.965927295920882,
    "r2_df_val": 399,
    "median_ae_mean_val": 1.1053379647402783,
    "median_ae_std_val": 0.3012573247819253,
    "median_ae_ci_lower_val": 1.075725464846034,
    "median_ae_ci_upper_val": 1.1349504646345228,
    "median_ae_samperror_val": 0.029612499894244467,
    "median_ae_t_critical_val": 1.965927295920882,
    "median_ae_df_val": 399,
    "max_error_mean_val": 5.961657089744375,
    "max_error_std_val": 0.7579280581865918,
    "max_error_ci_lower_val": 5.8871555168477085,
    "max_error_ci_upper_val": 6.036158662641042,
    "max_error_samperror_val": 0.07450157289666658,
    "max_error_t_critical_val": 1.965927295920882,
    "max_error_df_val": 399,
    "rho_mean_val": 0.14052779945881544,
    "rho_std_val": 0.11725990268211978,
    "rho_ci_lower_val": 0.12900157728882516,
    "rho_ci_upper_val": 0.1520540216288057,
    "rho_samperror_val": 0.011526222169990274,
    "rho_t_critical_val": 1.965927295920882,
    "rho_df_val": 399,
    "r2_below_zero_val": 0.895
  },
  "test_summary": {
    "n_splits_test": 400,
    "mae_mean_test": 1.6706969904608406,
    "mae_std_test": 0.17633789691210391,
    "mae_ci_lower_test": 1.6533636162186012,
    "mae_ci_upper_test": 1.68803036470308,
    "mae_samperror_test": 0.017333374242239383,
    "mae_t_critical_test": 1.965927295920882,
    "mae_df_test": 399,
    "d2mae_mean_test": -0.00013547658974315035,
    "d2mae_std_test": 0.00029824265952123374,
    "d2mae_ci_lower_test": -0.00016479275900119192,
    "d2mae_ci_upper_test": -0.00010616042048510878,
    "d2mae_samperror_test": 2.9316169258041565e-05,
    "d2mae_t_critical_test": 1.965927295920882,
    "d2mae_df_test": 399,
    "rmse_mean_test": 2.1849394853528765,
    "rmse_std_test": 0.26148506577384517,
    "rmse_ci_lower_test": 2.159236453938853,
    "rmse_ci_upper_test": 2.2106425167669,
    "rmse_samperror_test": 0.02570303141402347,
    "rmse_t_critical_test": 1.965927295920882,
    "rmse_df_test": 399,
    "mape_mean_test": 0.2692604038517993,
    "mape_std_test": 0.07088339527659755,
    "mape_ci_lower_test": 0.26229282377170865,
    "mape_ci_upper_test": 0.2762279839318899,
    "mape_samperror_test": 0.006967580080090623,
    "mape_t_critical_test": 1.965927295920882,
    "mape_df_test": 399,
    "r2_mean_test": -0.006952793876494595,
    "r2_std_test": 0.010124342344877456,
    "r2_ci_lower_test": -0.007947979924946707,
    "r2_ci_upper_test": -0.005957607828042485,
    "r2_samperror_test": 0.000995186048452111,
    "r2_t_critical_test": 1.965927295920882,
    "r2_df_test": 399,
    "median_ae_mean_test": 1.1457035326500407,
    "median_ae_std_test": 0.29214570122676525,
    "median_ae_ci_lower_test": 1.1169866722286583,
    "median_ae_ci_upper_test": 1.174420393071423,
    "median_ae_samperror_test": 0.028716860421382225,
    "median_ae_t_critical_test": 1.965927295920882,
    "median_ae_df_test": 399,
    "max_error_mean_test": 5.272371527854489,
    "max_error_std_test": 0.9631048692844166,
    "max_error_ci_lower_test": 5.177701820286462,
    "max_error_ci_upper_test": 5.367041235422516,
    "max_error_samperror_test": 0.09466970756802738,
    "max_error_t_critical_test": 1.965927295920882,
    "max_error_df_test": 399,
    "rho_mean_test": 0.1355928522835117,
    "rho_std_test": 0.17441128966839017,
    "rho_ci_lower_test": 0.1184488565297191,
    "rho_ci_upper_test": 0.1527368480373043,
    "rho_samperror_test": 0.0171439957537926,
    "rho_t_critical_test": 1.965927295920882,
    "rho_df_test": 399,
    "r2_below_zero_test": 0.885
  },
  "selected_features": [
    "nodes_T6W40",
    "edges_T6W40",
    "l1_T6W40",
    "l3_T6W40",
    "atd_T6W40",
    "diameter_T6W40",
    "asp_T6W40"
  ]
}