{
  "best_trial_number": 203,
  "best_value_internal_minimized": 1.713940101389818,
  "best_params": {
    "regressor": "ExtraTreesRegressor",
    "use_scaler": false,
    "et_n_estimators": 451,
    "et_max_depth": 6,
    "et_min_samples_split": 5,
    "et_min_samples_leaf": 1,
    "et_max_features": null,
    "rfe_n_features": 4
  },
  "best_metadata": {
    "regressor": "ExtraTreesRegressor",
    "use_scaler": false,
    "rfe_estimator": {
      "mode": "original",
      "type": "ExtraTreesRegressor"
    },
    "n_candidate_features": 13,
    "rfe_n_features": 4,
    "rfe_selected_features": [
      "re_T6W40",
      "pe_T6W40",
      "l2_T6W40",
      "l3_T6W40"
    ]
  },
  "validation_summary": {
    "n_splits_val": 400,
    "mae_mean_val": 1.706589659356784,
    "mae_std_val": 0.12646625631412195,
    "mae_ci_lower_val": 1.6941584860917411,
    "mae_ci_upper_val": 1.7190208326218268,
    "mae_samperror_val": 0.012431173265042946,
    "mae_t_critical_val": 1.965927295920882,
    "mae_df_val": 399,
    "d2mae_mean_val": 0.01302809068133187,
    "d2mae_std_val": 0.04955391994575927,
    "d2mae_ci_lower_val": 0.008157120489269552,
    "d2mae_ci_upper_val": 0.017899060873394188,
    "d2mae_samperror_val": 0.004870970192062319,
    "d2mae_t_critical_val": 1.965927295920882,
    "d2mae_df_val": 399,
    "rmse_mean_val": 2.160888351071605,
    "rmse_std_val": 0.17793039535723298,
    "rmse_ci_lower_val": 2.143398440021266,
    "rmse_ci_upper_val": 2.178378262121944,
    "rmse_samperror_val": 0.017489911050338924,
    "rmse_t_critical_val": 1.965927295920882,
    "rmse_df_val": 399,
    "mape_mean_val": 0.2634093767568209,
    "mape_std_val": 0.045968243836846424,
    "mape_ci_lower_val": 0.25889086549160073,
    "mape_ci_upper_val": 0.2679278880220411,
    "mape_samperror_val": 0.004518511265220162,
    "mape_t_critical_val": 1.965927295920882,
    "mape_df_val": 399,
    "r2_mean_val": 0.06789855617158329,
    "r2_std_val": 0.0786720989753123,
    "r2_ci_lower_val": 0.060165374831435504,
    "r2_ci_upper_val": 0.07563173751173108,
    "r2_samperror_val": 0.007733181340147785,
    "r2_t_critical_val": 1.965927295920882,
    "r2_df_val": 399,
    "median_ae_mean_val": 1.4171285451243094,
    "median_ae_std_val": 0.15410283338797234,
    "median_ae_ci_lower_val": 1.4019807967975013,
    "median_ae_ci_upper_val": 1.4322762934511175,
    "median_ae_samperror_val": 0.015147748326808133,
    "median_ae_t_critical_val": 1.965927295920882,
    "median_ae_df_val": 399,
    "max_error_mean_val": 5.670912959698993,
    "max_error_std_val": 0.7104301231072728,
    "max_error_ci_lower_val": 5.601080261155942,
    "max_error_ci_upper_val": 5.7407456582420435,
    "max_error_samperror_val": 0.069832698543051,
    "max_error_t_critical_val": 1.965927295920882,
    "max_error_df_val": 399,
    "rho_mean_val": 0.24302988050675942,
    "rho_std_val": 0.12296404466049721,
    "rho_ci_lower_val": 0.23094296191601413,
    "rho_ci_upper_val": 0.25511679909750473,
    "rho_samperror_val": 0.012086918590745292,
    "rho_t_critical_val": 1.965927295920882,
    "rho_df_val": 399,
    "r2_below_zero_val": 0.1925
  },
  "test_summary": {
    "n_splits_test": 400,
    "mae_mean_test": 1.655077435609026,
    "mae_std_test": 0.19568851638661436,
    "mae_ci_lower_test": 1.6358419658158907,
    "mae_ci_upper_test": 1.6743129054021615,
    "mae_samperror_test": 0.0192354697931353,
    "mae_t_critical_test": 1.965927295920882,
    "mae_df_test": 399,
    "d2mae_mean_test": 0.0007377183335055995,
    "d2mae_std_test": 0.07195915004692795,
    "d2mae_ci_lower_test": -0.006335604529920503,
    "d2mae_ci_upper_test": 0.007811041196931703,
    "d2mae_samperror_test": 0.007073322863426103,
    "d2mae_t_critical_test": 1.965927295920882,
    "d2mae_df_test": 399,
    "rmse_mean_test": 2.095968877680479,
    "rmse_std_test": 0.26131542897229626,
    "rmse_ci_lower_test": 2.0702825209473836,
    "rmse_ci_upper_test": 2.1216552344135744,
    "rmse_samperror_test": 0.025686356733095585,
    "rmse_t_critical_test": 1.965927295920882,
    "rmse_df_test": 399,
    "mape_mean_test": 0.26158739936334335,
    "mape_std_test": 0.0657625207521241,
    "mape_ci_lower_test": 0.25512318263358513,
    "mape_ci_upper_test": 0.2680516160931016,
    "mape_samperror_test": 0.006464216729758211,
    "mape_t_critical_test": 1.965927295920882,
    "mape_df_test": 399,
    "r2_mean_test": 0.05598705220916244,
    "r2_std_test": 0.11661725182060591,
    "r2_ci_lower_test": 0.044524000282692024,
    "r2_ci_upper_test": 0.06745010413563285,
    "r2_samperror_test": 0.011463051926470416,
    "r2_t_critical_test": 1.965927295920882,
    "r2_df_test": 399,
    "median_ae_mean_test": 1.3689884639501542,
    "median_ae_std_test": 0.2232775674123932,
    "median_ae_ci_lower_test": 1.3470410907330121,
    "median_ae_ci_upper_test": 1.3909358371672962,
    "median_ae_samperror_test": 0.021947373217141932,
    "median_ae_t_critical_test": 1.965927295920882,
    "median_ae_df_test": 399,
    "max_error_mean_test": 5.097498250043104,
    "max_error_std_test": 0.9103064278478129,
    "max_error_ci_lower_test": 5.008018437335192,
    "max_error_ci_upper_test": 5.186978062751017,
    "max_error_samperror_test": 0.08947981270791242,
    "max_error_t_critical_test": 1.965927295920882,
    "max_error_df_test": 399,
    "rho_mean_test": 0.23816596923903113,
    "rho_std_test": 0.17367993601363993,
    "rho_ci_lower_test": 0.2210938628908808,
    "rho_ci_upper_test": 0.2552380755871815,
    "rho_samperror_test": 0.017072106348150345,
    "rho_t_critical_test": 1.965927295920882,
    "rho_df_test": 399,
    "r2_below_zero_test": 0.275
  },
  "selected_features": [
    "re_T6W40",
    "pe_T6W40",
    "l2_T6W40",
    "l3_T6W40"
  ]
}