{
  "best_trial_number": 161,
  "best_value_internal_minimized": 1.7204105790580426,
  "best_params": {
    "regressor": "ExtraTreesRegressor",
    "use_scaler": false,
    "et_n_estimators": 142,
    "et_max_depth": 15,
    "et_min_samples_split": 11,
    "et_min_samples_leaf": 1,
    "et_max_features": "sqrt",
    "rfe_n_features": 6
  },
  "best_metadata": {
    "regressor": "ExtraTreesRegressor",
    "use_scaler": false,
    "rfe_estimator": {
      "mode": "original",
      "type": "ExtraTreesRegressor"
    },
    "n_candidate_features": 13,
    "rfe_n_features": 6,
    "rfe_selected_features": [
      "re_T6W40",
      "pe_T6W40",
      "l2_T6W40",
      "l3_T6W40",
      "lcc_T6W40",
      "lsc_T6W40"
    ]
  },
  "validation_summary": {
    "n_splits_val": 400,
    "mae_mean_val": 1.7133448205147783,
    "mae_std_val": 0.1275362143713712,
    "mae_ci_lower_val": 1.7008084742622236,
    "mae_ci_upper_val": 1.725881166767333,
    "mae_samperror_val": 0.012536346252554785,
    "mae_t_critical_val": 1.965927295920882,
    "mae_df_val": 399,
    "d2mae_mean_val": 0.00938172745236732,
    "d2mae_std_val": 0.04442534905177915,
    "d2mae_ci_lower_val": 0.005014877135782045,
    "d2mae_ci_upper_val": 0.013748577768952594,
    "d2mae_samperror_val": 0.004366850316585275,
    "d2mae_t_critical_val": 1.965927295920882,
    "d2mae_df_val": 399,
    "rmse_mean_val": 2.1827730730410346,
    "rmse_std_val": 0.1775861561039555,
    "rmse_ci_lower_val": 2.165316999457913,
    "rmse_ci_upper_val": 2.200229146624156,
    "rmse_samperror_val": 0.017456073583121644,
    "rmse_t_critical_val": 1.965927295920882,
    "rmse_df_val": 399,
    "mape_mean_val": 0.2657095661597022,
    "mape_std_val": 0.046604329469469706,
    "mape_ci_lower_val": 0.2611285299890962,
    "mape_ci_upper_val": 0.2702906023303082,
    "mape_samperror_val": 0.0045810361706060225,
    "mape_t_critical_val": 1.965927295920882,
    "mape_df_val": 399,
    "r2_mean_val": 0.04953577700307225,
    "r2_std_val": 0.07012398079323971,
    "r2_ci_lower_val": 0.042642844606069166,
    "r2_ci_upper_val": 0.05642870940007533,
    "r2_samperror_val": 0.006892932397003081,
    "r2_t_critical_val": 1.965927295920882,
    "r2_df_val": 399,
    "median_ae_mean_val": 1.374329425823385,
    "median_ae_std_val": 0.1562638555804885,
    "median_ae_ci_lower_val": 1.358969256870809,
    "median_ae_ci_upper_val": 1.3896895947759609,
    "median_ae_samperror_val": 0.01536016895257605,
    "median_ae_t_critical_val": 1.965927295920882,
    "median_ae_df_val": 399,
    "max_error_mean_val": 5.6468864167299015,
    "max_error_std_val": 0.626295562233226,
    "max_error_ci_lower_val": 5.585323839674481,
    "max_error_ci_upper_val": 5.708448993785322,
    "max_error_samperror_val": 0.061562577055420724,
    "max_error_t_critical_val": 1.965927295920882,
    "max_error_df_val": 399,
    "rho_mean_val": 0.23653107676787752,
    "rho_std_val": 0.11766227880974318,
    "rho_ci_lower_val": 0.22496530248726115,
    "rho_ci_upper_val": 0.24809685104849388,
    "rho_samperror_val": 0.011565774280616366,
    "rho_t_critical_val": 1.965927295920882,
    "rho_df_val": 399,
    "r2_below_zero_val": 0.215
  },
  "test_summary": {
    "n_splits_test": 400,
    "mae_mean_test": 1.661240978681611,
    "mae_std_test": 0.19488268269193745,
    "mae_ci_lower_test": 1.6420847194112924,
    "mae_ci_upper_test": 1.6803972379519294,
    "mae_samperror_test": 0.019156259270318395,
    "mae_t_critical_test": 1.965927295920882,
    "mae_df_test": 399,
    "d2mae_mean_test": -0.0025471176568930796,
    "d2mae_std_test": 0.06433262275895586,
    "d2mae_ci_lower_test": -0.008870780611893694,
    "d2mae_ci_upper_test": 0.0037765452981075353,
    "d2mae_samperror_test": 0.006323662955000615,
    "d2mae_t_critical_test": 1.965927295920882,
    "d2mae_df_test": 399,
    "rmse_mean_test": 2.118145191704297,
    "rmse_std_test": 0.2591542501499291,
    "rmse_ci_lower_test": 2.0926712709931143,
    "rmse_ci_upper_test": 2.1436191124154798,
    "rmse_samperror_test": 0.025473920711182697,
    "rmse_t_critical_test": 1.965927295920882,
    "rmse_df_test": 399,
    "mape_mean_test": 0.2638578978929469,
    "mape_std_test": 0.06661936004632749,
    "mape_ci_lower_test": 0.25730945697535407,
    "mape_ci_upper_test": 0.2704063388105397,
    "mape_samperror_test": 0.006548440917592812,
    "mape_t_critical_test": 1.965927295920882,
    "mape_df_test": 399,
    "r2_mean_test": 0.037474713360178054,
    "r2_std_test": 0.10064584614154314,
    "r2_ci_lower_test": 0.027581592552642403,
    "r2_ci_upper_test": 0.0473678341677137,
    "r2_samperror_test": 0.009893120807535651,
    "r2_t_critical_test": 1.965927295920882,
    "r2_df_test": 399,
    "median_ae_mean_test": 1.3449068963889375,
    "median_ae_std_test": 0.2250793210727838,
    "median_ae_ci_lower_test": 1.322782417336721,
    "median_ae_ci_upper_test": 1.3670313754411538,
    "median_ae_samperror_test": 0.022124479052216293,
    "median_ae_t_critical_test": 1.965927295920882,
    "median_ae_df_test": 399,
    "max_error_mean_test": 5.126172942713776,
    "max_error_std_test": 0.8266063481640623,
    "max_error_ci_lower_test": 5.044920543571916,
    "max_error_ci_upper_test": 5.207425341855636,
    "max_error_samperror_test": 0.08125239914186051,
    "max_error_t_critical_test": 1.965927295920882,
    "max_error_df_test": 399,
    "rho_mean_test": 0.2253984893233257,
    "rho_std_test": 0.16696324105656385,
    "rho_ci_lower_test": 0.20898660967289986,
    "rho_ci_upper_test": 0.24181036897375155,
    "rho_samperror_test": 0.01641187965042585,
    "rho_t_critical_test": 1.965927295920882,
    "rho_df_test": 399,
    "r2_below_zero_test": 0.315
  },
  "selected_features": [
    "re_T6W40",
    "pe_T6W40",
    "l2_T6W40",
    "l3_T6W40",
    "lcc_T6W40",
    "lsc_T6W40"
  ]
}