{
  "mean_abs_shap": {
    "nodes_T6W40": 0.0018152971381757445,
    "edges_T6W40": 3.520210972982263e-05,
    "l1_T6W40": 0.00010245677974375685,
    "l3_T6W40": 0.00035512162694202284,
    "atd_T6W40": 1.904458155092633e-05,
    "diameter_T6W40": 0.0004109607392047688,
    "asp_T6W40": 5.402720370233053e-05
  },
  "mean_shap": {
    "nodes_T6W40": 0.00011254750014461136,
    "edges_T6W40": -3.7709016967904003e-06,
    "l1_T6W40": 8.866789435421321e-06,
    "l3_T6W40": 7.060191043436033e-05,
    "atd_T6W40": 2.267278315458387e-06,
    "diameter_T6W40": 6.885533330129556e-05,
    "asp_T6W40": 8.40882564979796e-06
  },
  "regressor": "SVR",
  "n_subjects": 252,
  "n_features": 7
}