{
  "mean_abs_shap": {
    "re_T6W40": 0.2618942617322575,
    "pe_T6W40": 0.1730925450931953,
    "l2_T6W40": 0.1024844327691061,
    "l3_T6W40": 0.27206698207620483
  },
  "mean_shap": {
    "re_T6W40": 0.0037291561079795007,
    "pe_T6W40": -0.016167762279814122,
    "l2_T6W40": 0.015234878451763792,
    "l3_T6W40": -0.0027962722799298578
  },
  "regressor": "ExtraTreesRegressor",
  "n_subjects": 252,
  "n_features": 4
}