{
  "mean_abs_shap": {
    "re_T6W40": 0.17070393203586995,
    "pe_T6W40": 0.16321704350461483,
    "l2_T6W40": 0.11679801874051249,
    "l3_T6W40": 0.19252152824593163,
    "lcc_T6W40": 0.16867029294160807,
    "lsc_T6W40": 0.10440333647640333
  },
  "mean_shap": {
    "re_T6W40": -0.003222111700792337,
    "pe_T6W40": -0.024022546128849652,
    "l2_T6W40": 0.026352552345730487,
    "l3_T6W40": 0.005276421374388192,
    "lcc_T6W40": -0.014469921606743532,
    "lsc_T6W40": 0.010085605716267097
  },
  "regressor": "ExtraTreesRegressor",
  "n_subjects": 252,
  "n_features": 6
}