target,window,set,metric,mean,std,ci_lower,ci_upper,t_critical,df,significant
COG,T2W10,VALIDATION,R2,-0.001511,0.032801,-0.004735,0.001714,1.9659,399,False
COG,T2W10,VALIDATION,RMSE,2.257808,0.181375,2.239979,2.275636,1.9659,399,True
COG,T2W10,VALIDATION,MAE,1.762051,0.122246,1.750034,1.774067,1.9659,399,True
COG,T2W10,VALIDATION,rho,0.132015,0.124271,0.119799,0.14423,1.9659,399,True
COG,T2W10,TEST,R2,-0.003811,0.05424,-0.009143,0.00152,1.9659,399,False
COG,T2W10,TEST,RMSE,2.206562,0.293066,2.177755,2.23537,1.9659,399,True
COG,T2W10,TEST,MAE,1.731701,0.192807,1.712749,1.750653,1.9659,399,True
COG,T2W10,TEST,rho,0.1406,0.189075,0.122015,0.159186,1.9659,399,True
