set,r2_mean,r2_std,r2_ci_lower,r2_ci_upper,rmse_mean,rmse_std,rmse_ci_lower,rmse_ci_upper,mae_mean,mae_std,mae_ci_lower,mae_ci_upper,rho_mean,rho_std,rho_ci_lower,rho_ci_upper,r2_below_zero
TEST,-0.00381106682727232,0.054239504809746306,-0.00914261297840793,0.0015204793238632903,2.2065624748211285,0.29306598010628643,2.1777551543312907,2.2353697953109664,1.731701132424961,0.19280688330291904,1.712748916688629,1.750653348161293,0.14060049631424135,0.18907534375481636,0.12201507735058048,0.1591859152779022,0.5075
