set,r2_mean,r2_std,r2_ci_lower,r2_ci_upper,rmse_mean,rmse_std,rmse_ci_lower,rmse_ci_upper,mae_mean,mae_std,mae_ci_lower,mae_ci_upper,rho_mean,rho_std,rho_ci_lower,rho_ci_upper,r2_below_zero
VALIDATION,-0.001510505329069748,0.03280117571889503,-0.004734741663273397,0.0017137310051339011,2.257807805452975,0.1813745863163159,2.239979342951695,2.275636267954255,1.7620507659494706,0.12224594417619673,1.7500344340258904,1.7740670978730508,0.13201459613605973,0.1242714902392939,0.11979916039775007,0.1442300318743694,0.4425
