set,r2_mean,r2_std,r2_ci_lower,r2_ci_upper,rmse_mean,rmse_std,rmse_ci_lower,rmse_ci_upper,mae_mean,mae_std,mae_ci_lower,mae_ci_upper,rho_mean,rho_std,rho_ci_lower,rho_ci_upper,r2_below_zero
TEST,-0.01576465396728869,0.03698096657157114,-0.01939974854791816,-0.012129559386659222,7.741533151214385,0.49301758773789583,7.693071314559234,7.789994987869535,6.597851294015674,0.3652291938112257,6.561950591946641,6.633751996084707,0.026021170826600715,0.18698072620556158,0.007641645153669593,0.044400696499531836,0.6625
