set,r2_mean,r2_std,r2_ci_lower,r2_ci_upper,rmse_mean,rmse_std,rmse_ci_lower,rmse_ci_upper,mae_mean,mae_std,mae_ci_lower,mae_ci_upper,rho_mean,rho_std,rho_ci_lower,rho_ci_upper,r2_below_zero
VALIDATION,-0.013636772697135653,0.023359126825208274,-0.015932889948863386,-0.01134065544540792,7.783332650516999,0.3393590878931086,7.749974885816605,7.816690415217393,6.673164618825433,0.2521329974186501,6.64838086173405,6.697948375916817,0.016550531624204036,0.12541130071238152,0.004223056659833399,0.028878006588574673,0.7
