{
  "best_trial_number": 10,
  "best_value_internal_minimized": 2.775843541800988,
  "best_params": {
    "regressor": "QuantileRegressor",
    "use_scaler": true,
    "quantile_alpha": 0.9944336509929226,
    "rfe_n_features": 5
  },
  "best_metadata": {
    "regressor": "QuantileRegressor",
    "use_scaler": true,
    "rfe_estimator": {
      "mode": "original",
      "type": "QuantileRegressor"
    },
    "n_candidate_features": 10,
    "rfe_n_features": 5,
    "rfe_selected_features": [
      "z_lsc_T2W30",
      "z_atd_T2W30",
      "z_density_T2W30",
      "z_diameter_T2W30",
      "z_asp_T2W30"
    ]
  },
  "validation_summary": {
    "n_splits_val": 400,
    "mae_mean_val": 2.7788297872340424,
    "mae_std_val": 0.11882927272259144,
    "mae_ci_lower_val": 2.767149301694054,
    "mae_ci_upper_val": 2.7905102727740307,
    "mae_samperror_val": 0.011680485539988461,
    "mae_t_critical_val": 1.965927295920882,
    "mae_df_val": 399,
    "d2mae_mean_val": -0.0003609647529221666,
    "d2mae_std_val": 0.0018788287911752888,
    "d2mae_ci_lower_val": -0.0005456467931688433,
    "d2mae_ci_upper_val": -0.00017628271267548982,
    "d2mae_samperror_val": 0.00018468204024667676,
    "d2mae_t_critical_val": 1.965927295920882,
    "d2mae_df_val": 399,
    "rmse_mean_val": 3.492409724013603,
    "rmse_std_val": 0.19618790172525866,
    "rmse_ci_lower_val": 3.473125166457047,
    "rmse_ci_upper_val": 3.5116942815701595,
    "rmse_samperror_val": 0.019284557556556475,
    "rmse_t_critical_val": 1.965927295920882,
    "rmse_df_val": 399,
    "mape_mean_val": 810887486098358.4,
    "mape_std_val": 498050657930350.94,
    "mape_ci_lower_val": 761930916939526.9,
    "mape_ci_upper_val": 859844055257189.9,
    "mape_samperror_val": 48956569158831.55,
    "mape_t_critical_val": 1.965927295920882,
    "mape_df_val": 399,
    "r2_mean_val": -0.024021291239671595,
    "r2_std_val": 0.009589604225373286,
    "r2_ci_lower_val": -0.024963914474858573,
    "r2_ci_upper_val": -0.023078668004484618,
    "r2_samperror_val": 0.0009426232351869785,
    "r2_t_critical_val": 1.965927295920882,
    "r2_df_val": 399,
    "median_ae_mean_val": 2.425,
    "median_ae_std_val": 0.49496208811552356,
    "median_ae_ci_lower_val": 2.3763470260263846,
    "median_ae_ci_upper_val": 2.473652973973615,
    "median_ae_samperror_val": 0.048652973973615225,
    "median_ae_t_critical_val": 1.965927295920882,
    "median_ae_df_val": 399,
    "max_error_mean_val": 8.77,
    "max_error_std_val": 0.879792639045871,
    "max_error_ci_lower_val": 8.683519581807472,
    "max_error_ci_upper_val": 8.856480418192527,
    "max_error_samperror_val": 0.08648041819252729,
    "max_error_t_critical_val": 1.965927295920882,
    "max_error_df_val": 399,
    "rho_mean_val": NaN,
    "rho_std_val": NaN,
    "rho_ci_lower_val": NaN,
    "rho_ci_upper_val": NaN,
    "rho_samperror_val": NaN,
    "rho_t_critical_val": NaN,
    "rho_df_val": NaN,
    "r2_below_zero_val": 1.0
  },
  "test_summary": {
    "n_splits_test": 400,
    "mae_mean_test": 2.6892391304347827,
    "mae_std_test": 0.1808088249637368,
    "mae_ci_lower_test": 2.6714662802178033,
    "mae_ci_upper_test": 2.707011980651762,
    "mae_samperror_test": 0.017772850216979556,
    "mae_t_critical_test": 1.965927295920882,
    "mae_df_test": 399,
    "d2mae_mean_test": -0.001300334535878791,
    "d2mae_std_test": 0.005577165123120144,
    "d2mae_ci_lower_test": -0.001848549593348783,
    "d2mae_ci_upper_test": -0.0007521194784087991,
    "d2mae_samperror_test": 0.0005482150574699919,
    "d2mae_t_critical_test": 1.965927295920882,
    "d2mae_df_test": 399,
    "rmse_mean_test": 3.3632823512921863,
    "rmse_std_test": 0.28808998041875383,
    "rmse_ci_lower_test": 3.334964153482859,
    "rmse_ci_upper_test": 3.3916005491015135,
    "rmse_samperror_test": 0.02831819780932703,
    "rmse_t_critical_test": 1.965927295920882,
    "rmse_df_test": 399,
    "mape_mean_test": 770996675337884.5,
    "mape_std_test": 782586508101068.0,
    "mape_ci_lower_test": 694071266453119.6,
    "mape_ci_upper_test": 847922084222649.4,
    "mape_samperror_test": 76925408884764.89,
    "mape_t_critical_test": 1.965927295920882,
    "mape_df_test": 399,
    "r2_mean_test": -0.016025334662465446,
    "r2_std_test": 0.011490243059988199,
    "r2_ci_lower_test": -0.01715478378588526,
    "r2_ci_upper_test": -0.014895885539045632,
    "r2_samperror_test": 0.001129449123419814,
    "r2_t_critical_test": 1.965927295920882,
    "r2_df_test": 399,
    "median_ae_mean_test": 2.3775,
    "median_ae_std_test": 0.48536862977217354,
    "median_ae_ci_lower_test": 2.3297900281073582,
    "median_ae_ci_upper_test": 2.4252099718926416,
    "median_ae_samperror_test": 0.047709971892641645,
    "median_ae_t_critical_test": 1.965927295920882,
    "median_ae_df_test": 399,
    "max_error_mean_test": 7.78,
    "max_error_std_test": 1.3326815449501153,
    "max_error_ci_lower_test": 7.649002248700628,
    "max_error_ci_upper_test": 7.910997751299372,
    "max_error_samperror_test": 0.1309977512993722,
    "max_error_t_critical_test": 1.965927295920882,
    "max_error_df_test": 399,
    "rho_mean_test": NaN,
    "rho_std_test": NaN,
    "rho_ci_lower_test": NaN,
    "rho_ci_upper_test": NaN,
    "rho_samperror_test": NaN,
    "rho_t_critical_test": NaN,
    "rho_df_test": NaN,
    "r2_below_zero_test": 0.9975
  },
  "selected_features": [
    "z_lsc_T2W30",
    "z_atd_T2W30",
    "z_density_T2W30",
    "z_diameter_T2W30",
    "z_asp_T2W30"
  ]
}