set,r2_mean,r2_std,r2_ci_lower,r2_ci_upper,rmse_mean,rmse_std,rmse_ci_lower,rmse_ci_upper,mae_mean,mae_std,mae_ci_lower,mae_ci_upper,rho_mean,rho_std,rho_ci_lower,rho_ci_upper,r2_below_zero
VALIDATION,-0.026035415293445698,0.05268947346088001,-0.03121459899766784,-0.020856231589223555,2.234552561256067,0.17323463220705754,2.2175242266533335,2.2515808958588,1.738402950060939,0.12060804842798872,1.7265476173353225,1.7502582827865556,0.030718811148768975,0.13019979464839687,0.017920644637640128,0.04351697765989782,0.625
