set,r2_mean,r2_std,r2_ci_lower,r2_ci_upper,rmse_mean,rmse_std,rmse_ci_lower,rmse_ci_upper,mae_mean,mae_std,mae_ci_lower,mae_ci_upper,rho_mean,rho_std,rho_ci_lower,rho_ci_upper,r2_below_zero
TEST,-0.03252540226546587,0.08458679079623681,-0.04083997631049943,-0.024210828220432315,2.1919808363384545,0.26712462010860755,2.1657234572342543,2.2182382154426548,1.6939360734059203,0.18367045688932815,1.6758819351732708,1.71199021163857,0.04848918022098537,0.19122285359430022,0.029692668846739503,0.06728569159523123,0.635
