{
  "best_trial_number": 20,
  "best_value_internal_minimized": 2.8524015666872806,
  "best_params": {
    "regressor": "QuantileRegressor",
    "use_scaler": true,
    "quantile_alpha": 0.8635997339735054,
    "rfe_n_features": 14
  },
  "best_metadata": {
    "regressor": "QuantileRegressor",
    "use_scaler": true,
    "rfe_estimator": {
      "mode": "original",
      "type": "QuantileRegressor"
    },
    "n_candidate_features": 23,
    "rfe_n_features": 14,
    "rfe_selected_features": [
      "atd_T2W10",
      "density_T2W10",
      "diameter_T2W10",
      "asp_T2W10",
      "z_re_T2W10",
      "z_pe_T2W10",
      "z_l1_T2W10",
      "z_l2_T2W10",
      "z_l3_T2W10",
      "z_lsc_T2W10",
      "z_atd_T2W10",
      "z_density_T2W10",
      "z_diameter_T2W10",
      "z_asp_T2W10"
    ]
  },
  "validation_summary": {
    "n_splits_val": 400,
    "mae_mean_val": 2.844744897959184,
    "mae_std_val": 0.11691668236550141,
    "mae_ci_lower_val": 2.8332524130986414,
    "mae_ci_upper_val": 2.8562373828197263,
    "mae_samperror_val": 0.011492484860542542,
    "mae_t_critical_val": 1.965927295920882,
    "mae_df_val": 399,
    "d2mae_mean_val": -0.0011313504289807252,
    "d2mae_std_val": 0.004064868119941498,
    "d2mae_ci_lower_val": -0.0015309121885463046,
    "d2mae_ci_upper_val": -0.0007317886694151459,
    "d2mae_samperror_val": 0.0003995617595655794,
    "d2mae_t_critical_val": 1.965927295920882,
    "d2mae_df_val": 399,
    "rmse_mean_val": 3.5433334213896472,
    "rmse_std_val": 0.16967265045518787,
    "rmse_ci_lower_val": 3.5266552166445924,
    "rmse_ci_upper_val": 3.560011626134702,
    "rmse_samperror_val": 0.016678204745054822,
    "rmse_t_critical_val": 1.965927295920882,
    "rmse_df_val": 399,
    "mape_mean_val": 921399719681413.2,
    "mape_std_val": 513402006823421.1,
    "mape_ci_lower_val": 870934168731677.1,
    "mape_ci_upper_val": 971865270631149.4,
    "mape_samperror_val": 50465550949736.125,
    "mape_t_critical_val": 1.965927295920882,
    "mape_df_val": 399,
    "r2_mean_val": -0.03697395327796546,
    "r2_std_val": 0.011480020977033033,
    "r2_ci_lower_val": -0.03810239760779014,
    "r2_ci_upper_val": -0.03584550894814078,
    "r2_samperror_val": 0.0011284443298246777,
    "r2_t_critical_val": 1.965927295920882,
    "r2_df_val": 399,
    "median_ae_mean_val": 2.615,
    "median_ae_std_val": 0.4872047013860105,
    "median_ae_ci_lower_val": 2.5671095489422133,
    "median_ae_ci_upper_val": 2.662890451057787,
    "median_ae_samperror_val": 0.04789045105778702,
    "median_ae_t_critical_val": 1.965927295920882,
    "median_ae_df_val": 399,
    "max_error_mean_val": 8.75,
    "max_error_std_val": 0.8510644963469901,
    "max_error_ci_lower_val": 8.666343453802115,
    "max_error_ci_upper_val": 8.833656546197885,
    "max_error_samperror_val": 0.08365654619788529,
    "max_error_t_critical_val": 1.965927295920882,
    "max_error_df_val": 399,
    "rho_mean_val": NaN,
    "rho_std_val": NaN,
    "rho_ci_lower_val": NaN,
    "rho_ci_upper_val": NaN,
    "rho_samperror_val": NaN,
    "rho_t_critical_val": NaN,
    "rho_df_val": NaN,
    "r2_below_zero_val": 1.0
  },
  "test_summary": {
    "n_splits_test": 400,
    "mae_mean_test": 2.805729166666666,
    "mae_std_test": 0.17792290776521777,
    "mae_ci_lower_test": 2.7882399916194034,
    "mae_ci_upper_test": 2.823218341713929,
    "mae_samperror_test": 0.017489175047262752,
    "mae_t_critical_test": 1.965927295920882,
    "mae_df_test": 399,
    "d2mae_mean_test": -0.002404998535763611,
    "d2mae_std_test": 0.008972090295459346,
    "d2mae_ci_lower_test": -0.0032869223964291303,
    "d2mae_ci_upper_test": -0.0015230746750980921,
    "d2mae_samperror_test": 0.0008819238606655191,
    "d2mae_t_critical_test": 1.965927295920882,
    "d2mae_df_test": 399,
    "rmse_mean_test": 3.4950931607635094,
    "rmse_std_test": 0.2654004353082254,
    "rmse_ci_lower_test": 3.469005262757423,
    "rmse_ci_upper_test": 3.5211810587695958,
    "rmse_samperror_test": 0.026087898006086224,
    "rmse_t_critical_test": 1.965927295920882,
    "rmse_df_test": 399,
    "mape_mean_test": 896028675862255.6,
    "mape_std_test": 798773640880244.6,
    "mape_ci_lower_test": 817512130668826.8,
    "mape_ci_upper_test": 974545221055684.5,
    "mape_samperror_test": 78516545193428.86,
    "mape_t_critical_test": 1.965927295920882,
    "mape_df_test": 399,
    "r2_mean_test": -0.030592554436062097,
    "r2_std_test": 0.015471792779520233,
    "r2_ci_lower_test": -0.03211337542316662,
    "r2_ci_upper_test": -0.029071733448957575,
    "r2_samperror_test": 0.0015208209871045218,
    "r2_t_critical_test": 1.965927295920882,
    "r2_df_test": 399,
    "median_ae_mean_test": 2.54625,
    "median_ae_std_test": 0.4170380550361932,
    "median_ae_ci_lower_test": 2.50525667520833,
    "median_ae_ci_upper_test": 2.5872433247916704,
    "median_ae_samperror_test": 0.04099332479167036,
    "median_ae_t_critical_test": 1.965927295920882,
    "median_ae_df_test": 399,
    "max_error_mean_test": 8.0325,
    "max_error_std_test": 1.210415844365368,
    "max_error_ci_lower_test": 7.91352052260735,
    "max_error_ci_upper_test": 8.15147947739265,
    "max_error_samperror_test": 0.11897947739264997,
    "max_error_t_critical_test": 1.965927295920882,
    "max_error_df_test": 399,
    "rho_mean_test": NaN,
    "rho_std_test": NaN,
    "rho_ci_lower_test": NaN,
    "rho_ci_upper_test": NaN,
    "rho_samperror_test": NaN,
    "rho_t_critical_test": NaN,
    "rho_df_test": NaN,
    "r2_below_zero_test": 1.0
  },
  "selected_features": [
    "atd_T2W10",
    "density_T2W10",
    "diameter_T2W10",
    "asp_T2W10",
    "z_re_T2W10",
    "z_pe_T2W10",
    "z_l1_T2W10",
    "z_l2_T2W10",
    "z_l3_T2W10",
    "z_lsc_T2W10",
    "z_atd_T2W10",
    "z_density_T2W10",
    "z_diameter_T2W10",
    "z_asp_T2W10"
  ]
}