{
  "best_trial_number": 235,
  "best_value_internal_minimized": 2.8503727618012813,
  "best_params": {
    "regressor": "XGBRegressor",
    "use_scaler": false,
    "xgb_n_estimators": 172,
    "xgb_max_depth": 3,
    "xgb_learning_rate": 0.0028665332547584666,
    "xgb_subsample": 0.671053810431797,
    "xgb_colsample_bytree": 0.7149788098899108,
    "xgb_reg_alpha": 0.3009833970105686,
    "xgb_reg_lambda": 1.1995541049382383e-07,
    "xgb_booster": "gbtree",
    "rfe_n_features": 8
  },
  "best_metadata": {
    "regressor": "XGBRegressor",
    "use_scaler": false,
    "rfe_estimator": {
      "mode": "original",
      "type": "XGBRegressor"
    },
    "n_candidate_features": 22,
    "rfe_n_features": 8,
    "rfe_selected_features": [
      "pe_T2W10",
      "density_T2W10",
      "diameter_T2W10",
      "asp_T2W10",
      "z_pe_T2W10",
      "z_l1_T2W10",
      "z_l2_T2W10",
      "z_l3_T2W10"
    ]
  },
  "validation_summary": {
    "n_splits_val": 400,
    "mae_mean_val": 2.844770499662477,
    "mae_std_val": 0.12256171254530004,
    "mae_ci_lower_val": 2.8327231288560966,
    "mae_ci_upper_val": 2.856817870468858,
    "mae_samperror_val": 0.012047370806380707,
    "mae_t_critical_val": 1.965927295920882,
    "mae_df_val": 399,
    "d2mae_mean_val": -0.0012046830791218497,
    "d2mae_std_val": 0.0177419982368491,
    "d2mae_ci_lower_val": -0.0029486570100219402,
    "d2mae_ci_upper_val": 0.0005392908517782408,
    "d2mae_samperror_val": 0.0017439739309000905,
    "d2mae_t_critical_val": 1.965927295920882,
    "d2mae_df_val": 399,
    "rmse_mean_val": 3.4472703391115447,
    "rmse_std_val": 0.16402446596095654,
    "rmse_ci_lower_val": 3.43114733036997,
    "rmse_ci_upper_val": 3.463393347853119,
    "rmse_samperror_val": 0.0161230087415745,
    "rmse_t_critical_val": 1.965927295920882,
    "rmse_df_val": 399,
    "mape_mean_val": 1020708751465005.5,
    "mape_std_val": 572428175156494.0,
    "mape_ci_lower_val": 964441142740289.0,
    "mape_ci_upper_val": 1076976360189722.0,
    "mape_samperror_val": 56267608724716.56,
    "mape_t_critical_val": 1.965927295920882,
    "mape_df_val": 399,
    "r2_mean_val": 0.018195373370656714,
    "r2_std_val": 0.02563980696329916,
    "r2_ci_lower_val": 0.01567507355209211,
    "r2_ci_upper_val": 0.02071567318922132,
    "r2_samperror_val": 0.002520299818564606,
    "r2_t_critical_val": 1.965927295920882,
    "r2_df_val": 399,
    "median_ae_mean_val": 2.545879452228546,
    "median_ae_std_val": 0.1512379212426526,
    "median_ae_ci_lower_val": 2.5310133143510827,
    "median_ae_ci_upper_val": 2.560745590106009,
    "median_ae_samperror_val": 0.014866137877463166,
    "median_ae_t_critical_val": 1.965927295920882,
    "median_ae_df_val": 399,
    "max_error_mean_val": 8.02507926940918,
    "max_error_std_val": 0.8217436815442972,
    "max_error_ci_lower_val": 7.944304852719257,
    "max_error_ci_upper_val": 8.105853686099103,
    "max_error_samperror_val": 0.08077441668992252,
    "max_error_t_critical_val": 1.965927295920882,
    "max_error_df_val": 399,
    "rho_mean_val": 0.13808131860220638,
    "rho_std_val": 0.12411545802942334,
    "rho_ci_lower_val": 0.1258812202629181,
    "rho_ci_upper_val": 0.15028141694149466,
    "rho_samperror_val": 0.012200098339288297,
    "rho_t_critical_val": 1.965927295920882,
    "rho_df_val": 399,
    "r2_below_zero_val": 0.23
  },
  "test_summary": {
    "n_splits_test": 400,
    "mae_mean_test": 2.821443645954132,
    "mae_std_test": 0.1775719976819054,
    "mae_ci_lower_test": 2.803988964092429,
    "mae_ci_upper_test": 2.838898327815835,
    "mae_samperror_test": 0.017454681861702872,
    "mae_t_critical_test": 1.965927295920882,
    "mae_df_test": 399,
    "d2mae_mean_test": -0.00841199113733138,
    "d2mae_std_test": 0.028813065561537926,
    "d2mae_ci_lower_test": -0.011244210740660647,
    "d2mae_ci_upper_test": -0.005579771534002112,
    "d2mae_samperror_test": 0.002832219603329267,
    "d2mae_t_critical_test": 1.965927295920882,
    "d2mae_df_test": 399,
    "rmse_mean_test": 3.4175483759237357,
    "rmse_std_test": 0.24569561327421277,
    "rmse_ci_lower_test": 3.393397390292546,
    "rmse_ci_upper_test": 3.4416993615549254,
    "rmse_samperror_test": 0.024150985631189795,
    "rmse_t_critical_test": 1.965927295920882,
    "rmse_df_test": 399,
    "mape_mean_test": 994130968091908.1,
    "mape_std_test": 887310589581064.1,
    "mape_ci_lower_test": 906911562691054.9,
    "mape_ci_upper_test": 1081350373492761.4,
    "mape_samperror_test": 87219405400853.23,
    "mape_t_critical_test": 1.965927295920882,
    "mape_df_test": 399,
    "r2_mean_test": 0.01318461968431337,
    "r2_std_test": 0.04413222769192564,
    "r2_ci_lower_test": 0.008846582131845769,
    "r2_ci_upper_test": 0.01752265723678097,
    "r2_samperror_test": 0.0043380375524676015,
    "r2_t_critical_test": 1.965927295920882,
    "r2_df_test": 399,
    "median_ae_mean_test": 2.537618460059166,
    "median_ae_std_test": 0.2543114532931171,
    "median_ae_ci_lower_test": 2.512620568674454,
    "median_ae_ci_upper_test": 2.5626163514438782,
    "median_ae_samperror_test": 0.02499789138471237,
    "median_ae_t_critical_test": 1.965927295920882,
    "median_ae_df_test": 399,
    "max_error_mean_test": 7.38550488114357,
    "max_error_std_test": 1.0917204415838004,
    "max_error_ci_lower_test": 7.27819273036235,
    "max_error_ci_upper_test": 7.4928170319247895,
    "max_error_samperror_test": 0.1073121507812196,
    "max_error_t_critical_test": 1.965927295920882,
    "max_error_df_test": 399,
    "rho_mean_test": 0.12091801130563107,
    "rho_std_test": 0.19377108790407693,
    "rho_ci_lower_test": 0.1018710177620856,
    "rho_ci_upper_test": 0.13996500484917654,
    "rho_samperror_test": 0.019046993543545478,
    "rho_t_critical_test": 1.965927295920882,
    "rho_df_test": 399,
    "r2_below_zero_test": 0.345
  },
  "selected_features": [
    "pe_T2W10",
    "density_T2W10",
    "diameter_T2W10",
    "asp_T2W10",
    "z_pe_T2W10",
    "z_l1_T2W10",
    "z_l2_T2W10",
    "z_l3_T2W10"
  ]
}