{
  "best_trial_number": 232,
  "best_value_internal_minimized": 2.8132307017174822,
  "best_params": {
    "regressor": "QuantileRegressor",
    "use_scaler": false,
    "quantile_alpha": 0.001893259403775451,
    "rfe_n_features": 2
  },
  "best_metadata": {
    "regressor": "QuantileRegressor",
    "use_scaler": false,
    "rfe_estimator": {
      "mode": "original",
      "type": "QuantileRegressor"
    },
    "n_candidate_features": 22,
    "rfe_n_features": 2,
    "rfe_selected_features": [
      "pe_T2W10",
      "z_l2_T2W10"
    ]
  },
  "validation_summary": {
    "n_splits_val": 400,
    "mae_mean_val": 2.808823853064159,
    "mae_std_val": 0.1352165945609186,
    "mae_ci_lower_val": 2.7955325533587203,
    "mae_ci_upper_val": 2.822115152769598,
    "mae_samperror_val": 0.013291299705438847,
    "mae_t_critical_val": 1.965927295920882,
    "mae_df_val": 399,
    "d2mae_mean_val": 0.01145792381442248,
    "d2mae_std_val": 0.027353064208837118,
    "d2mae_ci_lower_val": 0.008769217036661009,
    "d2mae_ci_upper_val": 0.01414663059218395,
    "d2mae_samperror_val": 0.0026887067777614706,
    "d2mae_t_critical_val": 1.965927295920882,
    "d2mae_df_val": 399,
    "rmse_mean_val": 3.4756685342296922,
    "rmse_std_val": 0.17768858126622492,
    "rmse_ci_lower_val": 3.4582023926254557,
    "rmse_ci_upper_val": 3.493134675833929,
    "rmse_samperror_val": 0.017466141604236374,
    "rmse_t_critical_val": 1.965927295920882,
    "rmse_df_val": 399,
    "mape_mean_val": 924668559565489.6,
    "mape_std_val": 517496029270651.6,
    "mape_ci_lower_val": 873800581091797.4,
    "mape_ci_upper_val": 975536538039181.9,
    "mape_samperror_val": 50867978473692.29,
    "mape_t_critical_val": 1.965927295920882,
    "mape_df_val": 399,
    "r2_mean_val": 0.0013986452401233654,
    "r2_std_val": 0.05146421524386815,
    "r2_ci_lower_val": -0.0036601000354300325,
    "r2_ci_upper_val": 0.006457390515676763,
    "r2_samperror_val": 0.005058745275553398,
    "r2_t_critical_val": 1.965927295920882,
    "r2_df_val": 399,
    "median_ae_mean_val": 2.5107473746653004,
    "median_ae_std_val": 0.26142716384645903,
    "median_ae_ci_lower_val": 2.4850500348002535,
    "median_ae_ci_upper_val": 2.5364447145303473,
    "median_ae_samperror_val": 0.02569733986504673,
    "median_ae_t_critical_val": 1.965927295920882,
    "median_ae_df_val": 399,
    "max_error_mean_val": 8.53097573967616,
    "max_error_std_val": 0.9260449189757168,
    "max_error_ci_lower_val": 8.439948890503,
    "max_error_ci_upper_val": 8.62200258884932,
    "max_error_samperror_val": 0.09102684917316016,
    "max_error_t_critical_val": 1.965927295920882,
    "max_error_df_val": 399,
    "rho_mean_val": 0.11573908651316106,
    "rho_std_val": 0.13667886074261495,
    "rho_ci_lower_val": 0.10225307396648119,
    "rho_ci_upper_val": 0.12922509905984092,
    "rho_samperror_val": 0.013486012546679868,
    "rho_t_critical_val": 1.9659726084695506,
    "rho_df_val": 396,
    "r2_below_zero_val": 0.455
  },
  "test_summary": {
    "n_splits_test": 400,
    "mae_mean_test": 2.7738365384832684,
    "mae_std_test": 0.1900600960632191,
    "mae_ci_lower_test": 2.755154321947467,
    "mae_ci_upper_test": 2.7925187550190698,
    "mae_samperror_test": 0.01868221653580137,
    "mae_t_critical_test": 1.965927295920882,
    "mae_df_test": 399,
    "d2mae_mean_test": 0.008654039571253734,
    "d2mae_std_test": 0.03756449055648029,
    "d2mae_ci_lower_test": 0.004961586704136394,
    "d2mae_ci_upper_test": 0.012346492438371074,
    "d2mae_samperror_test": 0.0036924528671173403,
    "d2mae_t_critical_test": 1.965927295920882,
    "d2mae_df_test": 399,
    "rmse_mean_test": 3.430844456754006,
    "rmse_std_test": 0.2678792427622019,
    "rmse_ci_lower_test": 3.4045129009861648,
    "rmse_ci_upper_test": 3.4571760125218476,
    "rmse_samperror_test": 0.02633155576784145,
    "rmse_t_critical_test": 1.965927295920882,
    "rmse_df_test": 399,
    "mape_mean_test": 897866045379330.5,
    "mape_std_test": 801130040037579.5,
    "mape_ci_lower_test": 819117874714727.1,
    "mape_ci_upper_test": 976614216043933.9,
    "mape_samperror_test": 78748170664603.33,
    "mape_t_critical_test": 1.965927295920882,
    "mape_df_test": 399,
    "r2_mean_test": 0.005164029578204583,
    "r2_std_test": 0.06736341687714548,
    "r2_ci_lower_test": -0.0014575494210593027,
    "r2_ci_upper_test": 0.011785608577468468,
    "r2_samperror_test": 0.0066215789992638855,
    "r2_t_critical_test": 1.965927295920882,
    "r2_df_test": 399,
    "median_ae_mean_test": 2.491335537133285,
    "median_ae_std_test": 0.3220288789909898,
    "median_ae_ci_lower_test": 2.4596812689691254,
    "median_ae_ci_upper_test": 2.522989805297444,
    "median_ae_samperror_test": 0.03165426816415948,
    "median_ae_t_critical_test": 1.965927295920882,
    "median_ae_df_test": 399,
    "max_error_mean_test": 7.8219192556283765,
    "max_error_std_test": 1.1939294335894062,
    "max_error_ci_lower_test": 7.704560332483538,
    "max_error_ci_upper_test": 7.939278178773215,
    "max_error_samperror_test": 0.11735892314483858,
    "max_error_t_critical_test": 1.965927295920882,
    "max_error_df_test": 399,
    "rho_mean_test": 0.10280361099964185,
    "rho_std_test": 0.2022532988642114,
    "rho_ci_lower_test": 0.0828474121312113,
    "rho_ci_upper_test": 0.12275980986807239,
    "rho_samperror_test": 0.019956198868430544,
    "rho_t_critical_test": 1.9659726084695506,
    "rho_df_test": 396,
    "r2_below_zero_test": 0.4825
  },
  "selected_features": [
    "pe_T2W10",
    "z_l2_T2W10"
  ]
}