{
  "mean_abs_shap": {
    "pe_T2W10": 0.06276895454798977,
    "density_T2W10": 0.06304578987408664,
    "diameter_T2W10": 0.05021413222843281,
    "asp_T2W10": 0.05391849054929345,
    "z_pe_T2W10": 0.09007706185180583,
    "z_l1_T2W10": 0.0433403651923414,
    "z_l2_T2W10": 0.0627040107624736,
    "z_l3_T2W10": 0.03607249968996666
  },
  "mean_shap": {
    "pe_T2W10": -0.004882333309107209,
    "density_T2W10": -0.00795985766524907,
    "diameter_T2W10": 0.011726338524585937,
    "asp_T2W10": 0.0011839854153509555,
    "z_pe_T2W10": 0.020068410671338435,
    "z_l1_T2W10": 0.00017971157772195268,
    "z_l2_T2W10": 0.011019055351770324,
    "z_l3_T2W10": -0.0022104656974341014
  },
  "regressor": "XGBRegressor",
  "n_subjects": 240,
  "n_features": 8
}