{
  "best_trial_number": 223,
  "best_value_internal_minimized": 1.69166402973546,
  "best_params": {
    "regressor": "XGBRegressor",
    "use_scaler": false,
    "xgb_n_estimators": 411,
    "xgb_max_depth": 3,
    "xgb_learning_rate": 0.0033379608917892926,
    "xgb_subsample": 0.9607492010633998,
    "xgb_colsample_bytree": 0.6360575481717415,
    "xgb_reg_alpha": 0.01300632262949412,
    "xgb_reg_lambda": 0.09029780424627341,
    "xgb_booster": "gbtree",
    "rfe_n_features": 4
  },
  "best_metadata": {
    "regressor": "XGBRegressor",
    "use_scaler": false,
    "rfe_estimator": {
      "mode": "original",
      "type": "XGBRegressor"
    },
    "n_candidate_features": 22,
    "rfe_n_features": 4,
    "rfe_selected_features": [
      "re_T6W40",
      "pe_T6W40",
      "l2_T6W40",
      "l3_T6W40"
    ]
  },
  "validation_summary": {
    "n_splits_val": 400,
    "mae_mean_val": 1.6910539192078158,
    "mae_std_val": 0.12761160782002276,
    "mae_ci_lower_val": 1.6785101620533291,
    "mae_ci_upper_val": 1.7035976763623024,
    "mae_samperror_val": 0.01254375715448667,
    "mae_t_critical_val": 1.965927295920882,
    "mae_df_val": 399,
    "d2mae_mean_val": 0.02253042801673486,
    "d2mae_std_val": 0.03907846536749586,
    "d2mae_ci_lower_val": 0.01868915692930191,
    "d2mae_ci_upper_val": 0.02637169910416781,
    "d2mae_samperror_val": 0.0038412710874329487,
    "d2mae_t_critical_val": 1.965927295920882,
    "d2mae_df_val": 399,
    "rmse_mean_val": 2.1552620197362957,
    "rmse_std_val": 0.1830517528779335,
    "rmse_ci_lower_val": 2.137268697858851,
    "rmse_ci_upper_val": 2.1732553416137406,
    "rmse_samperror_val": 0.017993321877444665,
    "rmse_t_critical_val": 1.965927295920882,
    "rmse_df_val": 399,
    "mape_mean_val": 0.26307557006713245,
    "mape_std_val": 0.04716966942485713,
    "mape_ci_lower_val": 0.2584389630340379,
    "mape_ci_upper_val": 0.267712177100227,
    "mape_samperror_val": 0.0046366070330945645,
    "mape_t_critical_val": 1.965927295920882,
    "mape_df_val": 399,
    "r2_mean_val": 0.07439504253901469,
    "r2_std_val": 0.0599468599918916,
    "r2_ci_lower_val": 0.06850248412087433,
    "r2_ci_upper_val": 0.08028760095715505,
    "r2_samperror_val": 0.005892558418140357,
    "r2_t_critical_val": 1.965927295920882,
    "r2_df_val": 399,
    "median_ae_mean_val": 1.3512463450431824,
    "median_ae_std_val": 0.14534938779899262,
    "median_ae_ci_lower_val": 1.336959028597211,
    "median_ae_ci_upper_val": 1.3655336614891538,
    "median_ae_samperror_val": 0.01428731644597146,
    "median_ae_t_critical_val": 1.965927295920882,
    "median_ae_df_val": 399,
    "max_error_mean_val": 5.676738133430481,
    "max_error_std_val": 0.7516865376438923,
    "max_error_ci_lower_val": 5.602850079313962,
    "max_error_ci_upper_val": 5.750626187547001,
    "max_error_samperror_val": 0.07388805411651936,
    "max_error_t_critical_val": 1.965927295920882,
    "max_error_df_val": 399,
    "rho_mean_val": 0.26392244487287836,
    "rho_std_val": 0.12412004259630685,
    "rho_ci_lower_val": 0.25172189588733124,
    "rho_ci_upper_val": 0.2761229938584255,
    "rho_samperror_val": 0.012200548985547111,
    "rho_t_critical_val": 1.965927295920882,
    "rho_df_val": 399,
    "r2_below_zero_val": 0.1175
  },
  "test_summary": {
    "n_splits_test": 400,
    "mae_mean_test": 1.6417370400061972,
    "mae_std_test": 0.18973783850882267,
    "mae_ci_lower_test": 1.6230865002165211,
    "mae_ci_upper_test": 1.6603875797958734,
    "mae_samperror_test": 0.018650539789676138,
    "mae_t_critical_test": 1.965927295920882,
    "mae_df_test": 399,
    "d2mae_mean_test": 0.009408514251939615,
    "d2mae_std_test": 0.056163350901196736,
    "d2mae_ci_lower_test": 0.0038878610235873476,
    "d2mae_ci_upper_test": 0.014929167480291883,
    "d2mae_samperror_test": 0.005520653228352267,
    "d2mae_t_critical_test": 1.965927295920882,
    "d2mae_df_test": 399,
    "rmse_mean_test": 2.090733312516467,
    "rmse_std_test": 0.2630028848710201,
    "rmse_ci_lower_test": 2.0648810850027735,
    "rmse_ci_upper_test": 2.1165855400301608,
    "rmse_samperror_test": 0.02585222751369378,
    "rmse_t_critical_test": 1.965927295920882,
    "rmse_df_test": 399,
    "mape_mean_test": 0.261392984678488,
    "mape_std_test": 0.06627975144703545,
    "mape_ci_lower_test": 0.25487792605165904,
    "mape_ci_upper_test": 0.2679080433053169,
    "mape_samperror_test": 0.006515058626828928,
    "mape_t_critical_test": 1.965927295920882,
    "mape_df_test": 399,
    "r2_mean_test": 0.06358541767507415,
    "r2_std_test": 0.08972949794555207,
    "r2_ci_lower_test": 0.05476533421205228,
    "r2_ci_upper_test": 0.07240550113809603,
    "r2_samperror_test": 0.008820083463021875,
    "r2_t_critical_test": 1.965927295920882,
    "r2_df_test": 399,
    "median_ae_mean_test": 1.3253143781423569,
    "median_ae_std_test": 0.20050874827653067,
    "median_ae_ci_lower_test": 1.3056050970769688,
    "median_ae_ci_upper_test": 1.345023659207745,
    "median_ae_samperror_test": 0.019709281065388037,
    "median_ae_t_critical_test": 1.965927295920882,
    "median_ae_df_test": 399,
    "max_error_mean_test": 5.072504153251648,
    "max_error_std_test": 0.9287180947408066,
    "max_error_ci_lower_test": 4.981214540618319,
    "max_error_ci_upper_test": 5.163793765884978,
    "max_error_samperror_test": 0.09128961263332938,
    "max_error_t_critical_test": 1.965927295920882,
    "max_error_df_test": 399,
    "rho_mean_test": 0.2518011217717063,
    "rho_std_test": 0.17638460932719968,
    "rho_ci_lower_test": 0.23446315586887218,
    "rho_ci_upper_test": 0.2691390876745405,
    "rho_samperror_test": 0.017337965902834145,
    "rho_t_critical_test": 1.965927295920882,
    "rho_df_test": 399,
    "r2_below_zero_test": 0.2275
  },
  "selected_features": [
    "re_T6W40",
    "pe_T6W40",
    "l2_T6W40",
    "l3_T6W40"
  ]
}