{
  "best_trial_number": 233,
  "best_value_internal_minimized": 1.7224589804533808,
  "best_params": {
    "regressor": "RandomForestRegressor",
    "use_scaler": true,
    "rf_n_estimators": 203,
    "rf_max_depth": 3,
    "rf_min_samples_split": 6,
    "rf_min_samples_leaf": 2,
    "rf_max_features": null,
    "rfe_n_features": 5
  },
  "best_metadata": {
    "regressor": "RandomForestRegressor",
    "use_scaler": true,
    "rfe_estimator": {
      "mode": "original",
      "type": "RandomForestRegressor"
    },
    "n_candidate_features": 22,
    "rfe_n_features": 5,
    "rfe_selected_features": [
      "re_T6W40",
      "pe_T6W40",
      "l2_T6W40",
      "l3_T6W40",
      "lcc_T6W40"
    ]
  },
  "validation_summary": {
    "n_splits_val": 400,
    "mae_mean_val": 1.7148230023685394,
    "mae_std_val": 0.12958776578831083,
    "mae_ci_lower_val": 1.7020849960695073,
    "mae_ci_upper_val": 1.7275610086675715,
    "mae_samperror_val": 0.012738006299032123,
    "mae_t_critical_val": 1.965927295920882,
    "mae_df_val": 399,
    "d2mae_mean_val": 0.008348365816404956,
    "d2mae_std_val": 0.050123480846264126,
    "d2mae_ci_lower_val": 0.003421409858293048,
    "d2mae_ci_upper_val": 0.013275321774516863,
    "d2mae_samperror_val": 0.004926955958111908,
    "d2mae_t_critical_val": 1.965927295920882,
    "d2mae_df_val": 399,
    "rmse_mean_val": 2.175170731219266,
    "rmse_std_val": 0.18028912471605926,
    "rmse_ci_lower_val": 2.1574489656474167,
    "rmse_ci_upper_val": 2.1928924967911154,
    "rmse_samperror_val": 0.017721765571849252,
    "rmse_t_critical_val": 1.965927295920882,
    "rmse_df_val": 399,
    "mape_mean_val": 0.26631456381612373,
    "mape_std_val": 0.047081289421869225,
    "mape_ci_lower_val": 0.26168664421604354,
    "mape_ci_upper_val": 0.2709424834162039,
    "mape_samperror_val": 0.00462791960008019,
    "mape_t_critical_val": 1.965927295920882,
    "mape_df_val": 399,
    "r2_mean_val": 0.05563723924740719,
    "r2_std_val": 0.07943283004459017,
    "r2_ci_lower_val": 0.04782928080856198,
    "r2_ci_upper_val": 0.0634451976862524,
    "r2_samperror_val": 0.007807958438845208,
    "r2_t_critical_val": 1.965927295920882,
    "r2_df_val": 399,
    "median_ae_mean_val": 1.4097304913687563,
    "median_ae_std_val": 0.16012244159866706,
    "median_ae_ci_lower_val": 1.3939910374373405,
    "median_ae_ci_upper_val": 1.425469945300172,
    "median_ae_samperror_val": 0.015739453931415844,
    "median_ae_t_critical_val": 1.965927295920882,
    "median_ae_df_val": 399,
    "max_error_mean_val": 5.694293314988344,
    "max_error_std_val": 0.7566322544244639,
    "max_error_ci_lower_val": 5.619919114890983,
    "max_error_ci_upper_val": 5.7686675150857045,
    "max_error_samperror_val": 0.07437420009736036,
    "max_error_t_critical_val": 1.965927295920882,
    "max_error_df_val": 399,
    "rho_mean_val": 0.23575910472858932,
    "rho_std_val": 0.12655728960520032,
    "rho_ci_lower_val": 0.22331898322195795,
    "rho_ci_upper_val": 0.2481992262352207,
    "rho_samperror_val": 0.012440121506631372,
    "rho_t_critical_val": 1.965927295920882,
    "rho_df_val": 399,
    "r2_below_zero_val": 0.2225
  },
  "test_summary": {
    "n_splits_test": 400,
    "mae_mean_test": 1.6673757210003068,
    "mae_std_test": 0.19591794621124894,
    "mae_ci_lower_test": 1.6481176990894342,
    "mae_ci_upper_test": 1.6866337429111795,
    "mae_samperror_test": 0.019258021910872673,
    "mae_t_critical_test": 1.965927295920882,
    "mae_df_test": 399,
    "d2mae_mean_test": -0.006732921573830717,
    "d2mae_std_test": 0.07191556511467605,
    "d2mae_ci_lower_test": -0.013801960196856576,
    "d2mae_ci_upper_test": 0.0003361170491951431,
    "d2mae_samperror_test": 0.00706903862302586,
    "d2mae_t_critical_test": 1.965927295920882,
    "d2mae_df_test": 399,
    "rmse_mean_test": 2.113748001512395,
    "rmse_std_test": 0.2646480958308747,
    "rmse_ci_lower_test": 2.0877340557420245,
    "rmse_ci_upper_test": 2.139761947282765,
    "rmse_samperror_test": 0.026013945770370094,
    "rmse_t_critical_test": 1.965927295920882,
    "rmse_df_test": 399,
    "mape_mean_test": 0.2651892794890645,
    "mape_std_test": 0.06713721128002352,
    "mape_ci_lower_test": 0.2585899356776942,
    "mape_ci_upper_test": 0.2717886233004348,
    "mape_samperror_test": 0.006599343811370279,
    "mape_t_critical_test": 1.965927295920882,
    "mape_df_test": 399,
    "r2_mean_test": 0.040112441205105986,
    "r2_std_test": 0.11810081375033815,
    "r2_ci_lower_test": 0.028503560533993087,
    "r2_ci_upper_test": 0.05172132187621889,
    "r2_samperror_test": 0.0116088806711129,
    "r2_t_critical_test": 1.965927295920882,
    "r2_df_test": 399,
    "median_ae_mean_test": 1.3741965182399383,
    "median_ae_std_test": 0.2185151279663917,
    "median_ae_ci_lower_test": 1.3527172755078996,
    "median_ae_ci_upper_test": 1.395675760971977,
    "median_ae_samperror_test": 0.021479242732038696,
    "median_ae_t_critical_test": 1.965927295920882,
    "median_ae_df_test": 399,
    "max_error_mean_test": 5.11632271048642,
    "max_error_std_test": 0.9474013953194,
    "max_error_ci_lower_test": 5.023196597323823,
    "max_error_ci_upper_test": 5.2094488236490175,
    "max_error_samperror_test": 0.09312611316259693,
    "max_error_t_critical_test": 1.965927295920882,
    "max_error_df_test": 399,
    "rho_mean_test": 0.22879267013938445,
    "rho_std_test": 0.17660033869207278,
    "rho_ci_lower_test": 0.21143349882420354,
    "rho_ci_upper_test": 0.24615184145456537,
    "rho_samperror_test": 0.017359171315180926,
    "rho_t_critical_test": 1.965927295920882,
    "rho_df_test": 399,
    "r2_below_zero_test": 0.32
  },
  "selected_features": [
    "re_T6W40",
    "pe_T6W40",
    "l2_T6W40",
    "l3_T6W40",
    "lcc_T6W40"
  ]
}