{
  "mean_abs_shap": {
    "re_T6W40": 0.17430399226470422,
    "pe_T6W40": 0.22453468233647056,
    "l2_T6W40": 0.09425465909963925,
    "l3_T6W40": 0.31950928646339655,
    "lcc_T6W40": 0.07459266353705378
  },
  "mean_shap": {
    "re_T6W40": -0.0008660083018348791,
    "pe_T6W40": -0.01802820015064377,
    "l2_T6W40": 0.014953938233121989,
    "l3_T6W40": 0.01350491268986673,
    "lcc_T6W40": 0.001611538719067435
  },
  "regressor": "RandomForestRegressor",
  "n_subjects": 252,
  "n_features": 5
}