{
  "mean_abs_shap": {
    "re_T6W40": 0.16700831055641174,
    "pe_T6W40": 0.18795394897460938,
    "l2_T6W40": 0.08466514945030212,
    "l3_T6W40": 0.22925037145614624
  },
  "mean_shap": {
    "re_T6W40": 0.011264163069427013,
    "pe_T6W40": -0.009720562025904655,
    "l2_T6W40": 0.0029934700578451157,
    "l3_T6W40": -0.0033964684698730707
  },
  "regressor": "XGBRegressor",
  "n_subjects": 252,
  "n_features": 4
}