set,r2_mean,r2_std,r2_ci_lower,r2_ci_upper,rmse_mean,rmse_std,rmse_ci_lower,rmse_ci_upper,mae_mean,mae_std,mae_ci_lower,mae_ci_upper,rho_mean,rho_std,rho_ci_lower,rho_ci_upper,r2_below_zero
VALIDATION,-0.008498560574501978,0.024575628722571338,-0.010914255540507989,-0.006082865608495967,3.4484071990861422,0.17807136371269408,3.43090343135891,3.4659109668133743,2.862445768925303,0.11713318150340168,2.8509320029865237,2.8739595348640825,0.026441478958607857,0.11649035756677494,0.014990900276002533,0.03789205764121318,0.585
