set,r2_mean,r2_std,r2_ci_lower,r2_ci_upper,rmse_mean,rmse_std,rmse_ci_lower,rmse_ci_upper,mae_mean,mae_std,mae_ci_lower,mae_ci_upper,rho_mean,rho_std,rho_ci_lower,rho_ci_upper,r2_below_zero
TEST,-0.009995629002450308,0.03426972450726532,-0.013364218344076393,-0.006627039660824224,3.487416133920763,0.2741428328465855,3.460468890017054,3.514363377824472,2.8955492117339996,0.1827412487820369,2.877586411280436,2.9135120121875633,0.044609660606501754,0.1888268005289647,0.026048672538436787,0.06317064867456672,0.5375
