set,r2_mean,r2_std,r2_ci_lower,r2_ci_upper,rmse_mean,rmse_std,rmse_ci_lower,rmse_ci_upper,mae_mean,mae_std,mae_ci_lower,mae_ci_upper,rho_mean,rho_std,rho_ci_lower,rho_ci_upper,r2_below_zero
VALIDATION,0.03441473662742902,0.061718882696050976,0.02834799481913374,0.0404814784357243,1.3120799897153013,0.07549435671996542,1.3046591688871128,1.3195008105434898,1.033311056661052,0.06036879567149421,1.0273770234994288,1.039245089822675,0.20220641098278289,0.135044615822248,0.18893201616217756,0.21548080580338821,0.285
