set,r2_mean,r2_std,r2_ci_lower,r2_ci_upper,rmse_mean,rmse_std,rmse_ci_lower,rmse_ci_upper,mae_mean,mae_std,mae_ci_lower,mae_ci_upper,rho_mean,rho_std,rho_ci_lower,rho_ci_upper,r2_below_zero
TEST,0.023379228836149447,0.09189427077597473,0.01434635607328778,0.03241210159901112,1.297402689879929,0.11666968248456075,1.285934484209788,1.3088708955500699,1.0282999760595666,0.09311639465355705,1.019146972962208,1.0374529791569251,0.1826579425950219,0.20029314925170705,0.16296985413002762,0.2023460310600162,0.315
