set,r2_mean,r2_std,r2_ci_lower,r2_ci_upper,rmse_mean,rmse_std,rmse_ci_lower,rmse_ci_upper,mae_mean,mae_std,mae_ci_lower,mae_ci_upper,rho_mean,rho_std,rho_ci_lower,rho_ci_upper,r2_below_zero
TEST,-0.004073295063159824,0.04251194882508521,-0.008252065093061159,0.00010547496674151013,3.46482811505912,0.2674915568168598,3.438534667410388,3.4911215627078516,2.8759412629955023,0.17786915744034795,2.8584573714097807,2.893425154581224,0.10816697617006049,0.19703966696571532,0.0887986931867075,0.1275352591534135,0.465
