set,r2_mean,r2_std,r2_ci_lower,r2_ci_upper,rmse_mean,rmse_std,rmse_ci_lower,rmse_ci_upper,mae_mean,mae_std,mae_ci_lower,mae_ci_upper,rho_mean,rho_std,rho_ci_lower,rho_ci_upper,r2_below_zero
VALIDATION,-0.00017383615669916002,0.03262456762677517,-0.003380712557453862,0.003033040244055542,3.448609028631081,0.17544252609094327,3.431363666085706,3.465854391176456,2.8498178565943237,0.117574567851882,2.838260703982018,2.8613750092066295,0.10068920076613455,0.12611649492949153,0.0882924077737468,0.1130859937585223,0.3475
