set,r2_mean,r2_std,r2_ci_lower,r2_ci_upper,rmse_mean,rmse_std,rmse_ci_lower,rmse_ci_upper,mae_mean,mae_std,mae_ci_lower,mae_ci_upper,rho_mean,rho_std,rho_ci_lower,rho_ci_upper,r2_below_zero
VALIDATION,-3.5598738699283904e+17,1.2427282029552904e+18,-4.781430517728646e+17,-2.338317222128135e+17,802054210.9822495,1868887511.6715386,618349362.3722129,985759059.5922861,112310056.25274919,261696596.33333582,86586232.15368453,138033880.35181385,0.07506770321587183,0.12269022515528337,0.06300770008709931,0.08712770634464435,0.6325
