set,r2_mean,r2_std,r2_ci_lower,r2_ci_upper,rmse_mean,rmse_std,rmse_ci_lower,rmse_ci_upper,mae_mean,mae_std,mae_ci_lower,mae_ci_upper,rho_mean,rho_std,rho_ci_lower,rho_ci_upper,r2_below_zero
TEST,-6.451993127131607e+17,5.471719559984139e+18,-1.1830494546430116e+18,-1.0734917078330989e+17,715375794.659539,2669905645.2558093,452933775.3824564,977817813.9366215,143075161.18122002,533981129.1920675,90586757.31195301,195563565.05048704,0.09795017272527826,0.19419294754107155,0.07886171191296204,0.11703863353759447,0.5575
