set,r2_mean,r2_std,r2_ci_lower,r2_ci_upper,rmse_mean,rmse_std,rmse_ci_lower,rmse_ci_upper,mae_mean,mae_std,mae_ci_lower,mae_ci_upper,rho_mean,rho_std,rho_ci_lower,rho_ci_upper,r2_below_zero
TEST,-0.014338401092571229,0.021143462661275956,-0.016416726611375547,-0.012260075573766911,1.3525142799693544,0.11048385662566809,1.3416541184944037,1.363374441444305,1.0364928736283359,0.07857875056959195,1.0287688680971299,1.0442168791595419,-0.08786986664303802,0.19165456867672023,-0.10670881404051338,-0.06903091924556265,0.81
