set,r2_mean,r2_std,r2_ci_lower,r2_ci_upper,rmse_mean,rmse_std,rmse_ci_lower,rmse_ci_upper,mae_mean,mae_std,mae_ci_lower,mae_ci_upper,rho_mean,rho_std,rho_ci_lower,rho_ci_upper,r2_below_zero
VALIDATION,-0.012720290948958107,0.019959353495477245,-0.014682222841242737,-0.010758359056673477,1.3440723591013608,0.07615251560074984,1.336586843647733,1.3515578745549885,1.0326807672767044,0.05305649691173899,1.027465506501468,1.037896028051941,-0.10105543638465228,0.11712254728706077,-0.11256815701862313,-0.08954271575068143,0.875
