set,r2_mean,r2_std,r2_ci_lower,r2_ci_upper,rmse_mean,rmse_std,rmse_ci_lower,rmse_ci_upper,mae_mean,mae_std,mae_ci_lower,mae_ci_upper,rho_mean,rho_std,rho_ci_lower,rho_ci_upper,r2_below_zero
VALIDATION,-0.015241516118442568,0.01797019311138003,-0.01700792077597414,-0.013475111460910998,2.2237821402462,0.1703946809215673,2.207032962531028,2.2405313179613717,1.7206257848070123,0.11309900062116,1.7095085641838867,1.731743005430138,-0.08351093568931393,0.1251980270464602,-0.09581744662761778,-0.07120442475101009,0.905
