set,r2_mean,r2_std,r2_ci_lower,r2_ci_upper,rmse_mean,rmse_std,rmse_ci_lower,rmse_ci_upper,mae_mean,mae_std,mae_ci_lower,mae_ci_upper,rho_mean,rho_std,rho_ci_lower,rho_ci_upper,r2_below_zero
TEST,-0.018574944725481747,0.02771139763701568,-0.021298874376618072,-0.01585101507434542,2.1804859949078117,0.2706956560475357,2.1538775959522587,2.2070943938633647,1.672354931299897,0.17986456724684163,1.654674898183919,1.6900349644158752,-0.06786451778951513,0.19327670210299583,-0.08686291500600755,-0.04886612057302271,0.85
