set,r2_mean,r2_std,r2_ci_lower,r2_ci_upper,rmse_mean,rmse_std,rmse_ci_lower,rmse_ci_upper,mae_mean,mae_std,mae_ci_lower,mae_ci_upper,rho_mean,rho_std,rho_ci_lower,rho_ci_upper,r2_below_zero
TEST,0.0012785405813920817,0.08189612489775494,-0.0067715507869400265,0.00932863194972419,2.1604417985939794,0.270213849433755,2.133880759477096,2.187002837710863,1.6893876260772078,0.18737388238310054,1.6709694545812275,1.7078057975731882,0.14144939295050019,0.19472958550576075,0.12230818257704347,0.16059060332395692,0.415
