set,r2_mean,r2_std,r2_ci_lower,r2_ci_upper,rmse_mean,rmse_std,rmse_ci_lower,rmse_ci_upper,mae_mean,mae_std,mae_ci_lower,mae_ci_upper,rho_mean,rho_std,rho_ci_lower,rho_ci_upper,r2_below_zero
VALIDATION,0.009292001471794759,0.053427008760644754,0.0040403207286969795,0.014543682214892538,2.2305666035599456,0.1894496912599346,2.2119443875973612,2.24918881952253,1.747770897408742,0.12719415020319746,1.7352681748204457,1.7602736199970384,0.1525238150471858,0.1255876370882802,0.14017900685808302,0.16486862323628856,0.3325
