{
  "best_trial_number": 9,
  "best_value_internal_minimized": 1.7438832772166106,
  "best_params": {
    "regressor": "QuantileRegressor",
    "use_scaler": false,
    "quantile_alpha": 5.18260989109199,
    "rfe_n_features": 4
  },
  "best_metadata": {
    "regressor": "QuantileRegressor",
    "use_scaler": false,
    "rfe_estimator": {
      "mode": "original",
      "type": "QuantileRegressor"
    },
    "n_candidate_features": 9,
    "rfe_n_features": 4,
    "rfe_selected_features": [
      "z_lsc_T2W40",
      "z_density_T2W40",
      "z_diameter_T2W40",
      "z_asp_T2W40"
    ]
  },
  "validation_summary": {
    "n_splits_val": 400,
    "mae_mean_val": 1.7505000000000002,
    "mae_std_val": 0.12513699909189402,
    "mae_ci_lower_val": 1.7381994878877811,
    "mae_ci_upper_val": 1.7628005121122192,
    "mae_samperror_val": 0.012300512112219055,
    "mae_t_critical_val": 1.965927295920882,
    "mae_df_val": 399,
    "d2mae_mean_val": 0.0,
    "d2mae_std_val": 0.0,
    "d2mae_ci_lower_val": 0.0,
    "d2mae_ci_upper_val": 0.0,
    "d2mae_samperror_val": 0.0,
    "d2mae_t_critical_val": 1.965927295920882,
    "d2mae_df_val": 399,
    "rmse_mean_val": 2.2621463477425405,
    "rmse_std_val": 0.18180845678973298,
    "rmse_ci_lower_val": 2.244275237350931,
    "rmse_ci_upper_val": 2.28001745813415,
    "rmse_samperror_val": 0.017871110391609414,
    "rmse_t_critical_val": 1.965927295920882,
    "rmse_df_val": 399,
    "mape_mean_val": 0.26019424526091195,
    "mape_std_val": 0.045854475517836786,
    "mape_ci_lower_val": 0.2556869170078794,
    "mape_ci_upper_val": 0.2647015735139445,
    "mape_samperror_val": 0.004507328253032558,
    "mape_t_critical_val": 1.965927295920882,
    "mape_df_val": 399,
    "r2_mean_val": -0.02157761043850906,
    "r2_std_val": 0.016616971182370557,
    "r2_ci_lower_val": -0.02321099829965671,
    "r2_ci_upper_val": -0.01994422257736141,
    "r2_samperror_val": 0.0016333878611476487,
    "r2_t_critical_val": 1.965927295920882,
    "r2_df_val": 399,
    "median_ae_mean_val": 1.2325,
    "median_ae_std_val": 0.4229550536920076,
    "median_ae_ci_lower_val": 1.19092505574996,
    "median_ae_ci_upper_val": 1.2740749442500399,
    "median_ae_samperror_val": 0.04157494425004,
    "median_ae_t_critical_val": 1.965927295920882,
    "median_ae_df_val": 399,
    "max_error_mean_val": 5.835,
    "max_error_std_val": 0.7964677659865708,
    "max_error_ci_lower_val": 5.756710113926294,
    "max_error_ci_upper_val": 5.913289886073706,
    "max_error_samperror_val": 0.07828988607370624,
    "max_error_t_critical_val": 1.965927295920882,
    "max_error_df_val": 399,
    "rho_mean_val": NaN,
    "rho_std_val": NaN,
    "rho_ci_lower_val": NaN,
    "rho_ci_upper_val": NaN,
    "rho_samperror_val": NaN,
    "rho_t_critical_val": NaN,
    "rho_df_val": NaN,
    "r2_below_zero_val": 0.9975
  },
  "test_summary": {
    "n_splits_test": 400,
    "mae_mean_test": 1.6375,
    "mae_std_test": 0.17979902200348902,
    "mae_ci_lower_test": 1.619826409743173,
    "mae_ci_upper_test": 1.655173590256827,
    "mae_samperror_test": 0.017673590256826917,
    "mae_t_critical_test": 1.965927295920882,
    "mae_df_test": 399,
    "d2mae_mean_test": 0.0,
    "d2mae_std_test": 0.0,
    "d2mae_ci_lower_test": 0.0,
    "d2mae_ci_upper_test": 0.0,
    "d2mae_samperror_test": 0.0,
    "d2mae_t_critical_test": 1.965927295920882,
    "d2mae_df_test": 399,
    "rmse_mean_test": 2.1709197435631338,
    "rmse_std_test": 0.2825012999420544,
    "rmse_ci_lower_test": 2.143150892728673,
    "rmse_ci_upper_test": 2.1986885943975945,
    "rmse_samperror_test": 0.027768850834460852,
    "rmse_t_critical_test": 1.965927295920882,
    "rmse_df_test": 399,
    "mape_mean_test": 0.25130789017745536,
    "mape_std_test": 0.06852492371451449,
    "mape_ci_lower_test": 0.24457213927839236,
    "mape_ci_upper_test": 0.2580436410765184,
    "mape_samperror_test": 0.00673575089906301,
    "mape_t_critical_test": 1.965927295920882,
    "mape_df_test": 399,
    "r2_mean_test": -0.017547818283172163,
    "r2_std_test": 0.020289492465880566,
    "r2_ci_lower_test": -0.019542201636124946,
    "r2_ci_upper_test": -0.015553434930219379,
    "r2_samperror_test": 0.001994383352952785,
    "r2_t_critical_test": 1.965927295920882,
    "r2_df_test": 399,
    "median_ae_mean_test": 1.1325,
    "median_ae_std_test": 0.33945814112189865,
    "median_ae_ci_lower_test": 1.0991324987272948,
    "median_ae_ci_upper_test": 1.1658675012727053,
    "median_ae_samperror_test": 0.03336750127270517,
    "median_ae_t_critical_test": 1.965927295920882,
    "median_ae_df_test": 399,
    "max_error_mean_test": 5.205,
    "max_error_std_test": 1.0890086545221118,
    "max_error_ci_lower_test": 5.097954408029046,
    "max_error_ci_upper_test": 5.312045591970954,
    "max_error_samperror_test": 0.10704559197095467,
    "max_error_t_critical_test": 1.965927295920882,
    "max_error_df_test": 399,
    "rho_mean_test": NaN,
    "rho_std_test": NaN,
    "rho_ci_lower_test": NaN,
    "rho_ci_upper_test": NaN,
    "rho_samperror_test": NaN,
    "rho_t_critical_test": NaN,
    "rho_df_test": NaN,
    "r2_below_zero_test": 0.9625
  },
  "selected_features": [
    "z_lsc_T2W40",
    "z_density_T2W40",
    "z_diameter_T2W40",
    "z_asp_T2W40"
  ]
}