set,r2_mean,r2_std,r2_ci_lower,r2_ci_upper,rmse_mean,rmse_std,rmse_ci_lower,rmse_ci_upper,mae_mean,mae_std,mae_ci_lower,mae_ci_upper,rho_mean,rho_std,rho_ci_lower,rho_ci_upper,r2_below_zero
TEST,-0.009370821147082735,0.030332225682106844,-0.012352368667807046,-0.006389273626358423,3.502637571154182,0.27253960780753245,3.4758479184437623,3.529427223864602,2.911813491918922,0.1800885385087847,2.894111443242076,2.929515540595768,0.05581829664786206,0.19214690270444887,0.03693095460519556,0.07470563869052856,0.53
