set,r2_mean,r2_std,r2_ci_lower,r2_ci_upper,rmse_mean,rmse_std,rmse_ci_lower,rmse_ci_upper,mae_mean,mae_std,mae_ci_lower,mae_ci_upper,rho_mean,rho_std,rho_ci_lower,rho_ci_upper,r2_below_zero
VALIDATION,-0.00817606829570787,0.02313426478856573,-0.010450082426653004,-0.005902054164762735,3.5107935123371043,0.176028123690112,3.493490587676498,3.5280964369977106,2.928447960697824,0.1147647213347099,2.9171670057837913,2.939728915611857,0.04477543898884659,0.12238798082475524,0.0327451453790452,0.056805732598647976,0.57
