set,r2_mean,r2_std,r2_ci_lower,r2_ci_upper,rmse_mean,rmse_std,rmse_ci_lower,rmse_ci_upper,mae_mean,mae_std,mae_ci_lower,mae_ci_upper,rho_mean,rho_std,rho_ci_lower,rho_ci_upper,r2_below_zero
TEST,0.003277666389424533,0.07656862881594281,-0.004248751480600275,0.01080408425944934,2.1584504051951114,0.2682307730497976,2.132084295277884,2.184816515112339,1.6914857370181926,0.18661504859562497,1.6731421561250055,1.7098293179113797,0.14118900898459358,0.19368196173581448,0.1221507762193965,0.16022724174979064,0.43
