set,r2_mean,r2_std,r2_ci_lower,r2_ci_upper,rmse_mean,rmse_std,rmse_ci_lower,rmse_ci_upper,mae_mean,mae_std,mae_ci_lower,mae_ci_upper,rho_mean,rho_std,rho_ci_lower,rho_ci_upper,r2_below_zero
VALIDATION,0.010988076669283002,0.049820384170678515,0.006090914012562926,0.015885239326003078,2.2286787189639994,0.18736934218429854,2.2102609937530566,2.247096444174942,1.7505069222371543,0.12546091381221675,1.7381745704854237,1.762839273988885,0.15232264945169363,0.1248798947101414,0.140047409765574,0.16459788913781326,0.3575
