target,window,set,metric,mean,std,ci_lower,ci_upper,t_critical,df,significant
MOT_V4,T7W50,VALIDATION,R2,-0.008197,0.02514,-0.010668,-0.005726,1.9659,399,True
MOT_V4,T7W50,VALIDATION,RMSE,3.510769,0.176169,3.493452,3.528086,1.9659,399,True
MOT_V4,T7W50,VALIDATION,MAE,2.924988,0.112251,2.913955,2.936022,1.9659,399,True
MOT_V4,T7W50,VALIDATION,rho,0.061213,0.121812,0.049239,0.073187,1.9659,399,True
MOT_V4,T7W50,TEST,R2,-0.009925,0.032608,-0.013131,-0.00672,1.9659,399,True
MOT_V4,T7W50,TEST,RMSE,3.503655,0.27524,3.4766,3.53071,1.9659,399,True
MOT_V4,T7W50,TEST,MAE,2.912564,0.177818,2.895085,2.930043,1.9659,399,True
MOT_V4,T7W50,TEST,rho,0.062783,0.181549,0.044937,0.080628,1.9659,399,True
