set,r2_mean,r2_std,r2_ci_lower,r2_ci_upper,rmse_mean,rmse_std,rmse_ci_lower,rmse_ci_upper,mae_mean,mae_std,mae_ci_lower,mae_ci_upper,rho_mean,rho_std,rho_ci_lower,rho_ci_upper,r2_below_zero
TEST,-0.009925489866133933,0.03260812824361254,-0.013130750335284259,-0.006720229396983607,3.503654870132314,0.2752398265825356,3.476599795732157,3.530709944532471,2.91256412334738,0.1778181678585574,2.8950852438521912,2.930043002842569,0.06278273348941768,0.18154882860538396,0.04493714360452837,0.08062832337430699,0.6025
