set,r2_mean,r2_std,r2_ci_lower,r2_ci_upper,rmse_mean,rmse_std,rmse_ci_lower,rmse_ci_upper,mae_mean,mae_std,mae_ci_lower,mae_ci_upper,rho_mean,rho_std,rho_ci_lower,rho_ci_upper,r2_below_zero
VALIDATION,-0.008197178409083737,0.025140225508884922,-0.010668371186759902,-0.0057259856314075715,3.510768944675318,0.17616883199105635,3.4934521889002323,3.528085700450404,2.92498844164768,0.11225098374957605,2.913954578000317,2.9360223052950434,0.06121319818874004,0.12181239251456301,0.049239482817449644,0.07318691356003043,0.54
