set,r2_mean,r2_std,r2_ci_lower,r2_ci_upper,rmse_mean,rmse_std,rmse_ci_lower,rmse_ci_upper,mae_mean,mae_std,mae_ci_lower,mae_ci_upper,rho_mean,rho_std,rho_ci_lower,rho_ci_upper,r2_below_zero
TEST,0.017898281041328134,0.0907669772629532,0.008976217132854646,0.026820344949801622,1.3297844135066046,0.12235312709302362,1.317757545891932,1.3418112811212772,1.0439856658896831,0.09419774557283071,1.0347263699278912,1.053244961851475,0.1767357180435272,0.1912918469570734,0.15793242487252568,0.1955390112145287,0.3325
