set,r2_mean,r2_std,r2_ci_lower,r2_ci_upper,rmse_mean,rmse_std,rmse_ci_lower,rmse_ci_upper,mae_mean,mae_std,mae_ci_lower,mae_ci_upper,rho_mean,rho_std,rho_ci_lower,rho_ci_upper,r2_below_zero
VALIDATION,0.032002930118840776,0.058862028547182935,0.02621700668813172,0.03778885354954983,1.3218275581075989,0.08220801095831937,1.3137468094732827,1.329908306741915,1.0403321413198825,0.06499731801193506,1.0339431412378168,1.0467211414019482,0.18816923088712698,0.1298620820391581,0.1754042602978321,0.20093420147642185,0.2225
