set,r2_mean,r2_std,r2_ci_lower,r2_ci_upper,rmse_mean,rmse_std,rmse_ci_lower,rmse_ci_upper,mae_mean,mae_std,mae_ci_lower,mae_ci_upper,rho_mean,rho_std,rho_ci_lower,rho_ci_upper,r2_below_zero
VALIDATION,-0.0012598488568261756,0.05074875894918807,-0.006248267379442073,0.0037285696657897217,2.2420036327934416,0.18372188782749724,2.223944439086532,2.2600628265003513,1.7639652823995504,0.12527449879703675,1.7516512545661553,1.7762793102329455,0.10624376327511956,0.130802700008988,0.09338633335872855,0.11910119319151057,0.4175
