set,r2_mean,r2_std,r2_ci_lower,r2_ci_upper,rmse_mean,rmse_std,rmse_ci_lower,rmse_ci_upper,mae_mean,mae_std,mae_ci_lower,mae_ci_upper,rho_mean,rho_std,rho_ci_lower,rho_ci_upper,r2_below_zero
TEST,-0.006810043592179995,0.06799759315375943,-0.013493959814074922,-0.00012612737028506842,2.169252517674384,0.2627252718540336,2.14342757851108,2.195077456837688,1.700441759444307,0.18967895175266788,1.6817970080086957,1.7190865108799185,0.10173367135422247,0.18369800947203782,0.08367682480285188,0.11979051790559306,0.47
