{
  "best_trial_number": 188,
  "best_value_internal_minimized": 2.8227551392236294,
  "best_params": {
    "regressor": "QuantileRegressor",
    "use_scaler": true,
    "quantile_alpha": 0.009610996297600935,
    "rfe_n_features": 3
  },
  "best_metadata": {
    "regressor": "QuantileRegressor",
    "use_scaler": true,
    "rfe_estimator": {
      "mode": "original",
      "type": "QuantileRegressor"
    },
    "n_candidate_features": 13,
    "rfe_n_features": 3,
    "rfe_selected_features": [
      "l1_T6W50",
      "density_T6W50",
      "asp_T6W50"
    ]
  },
  "validation_summary": {
    "n_splits_val": 400,
    "mae_mean_val": 2.8088895656955835,
    "mae_std_val": 0.13831920683826196,
    "mae_ci_lower_val": 2.79529329048191,
    "mae_ci_upper_val": 2.822485840909257,
    "mae_samperror_val": 0.013596275213673275,
    "mae_t_critical_val": 1.965927295920882,
    "mae_df_val": 399,
    "d2mae_mean_val": 0.0035432752835802784,
    "d2mae_std_val": 0.030021270936706437,
    "d2mae_ci_lower_val": 0.0005922934839449061,
    "d2mae_ci_upper_val": 0.006494257083215651,
    "d2mae_samperror_val": 0.0029509817996353723,
    "d2mae_t_critical_val": 1.965927295920882,
    "d2mae_df_val": 399,
    "rmse_mean_val": 3.4645315808425785,
    "rmse_std_val": 0.19479376928564374,
    "rmse_ci_lower_val": 3.4453840614368803,
    "rmse_ci_upper_val": 3.4836791002482768,
    "rmse_samperror_val": 0.019147519405698088,
    "rmse_t_critical_val": 1.965927295920882,
    "rmse_df_val": 399,
    "mape_mean_val": 895122009958520.4,
    "mape_std_val": 511997833739311.6,
    "mape_ci_lower_val": 844794484118496.6,
    "mape_ci_upper_val": 945449535798544.1,
    "mape_samperror_val": 50327525840023.71,
    "mape_t_critical_val": 1.965927295920882,
    "mape_df_val": 399,
    "r2_mean_val": -0.009978124605684669,
    "r2_std_val": 0.058351703075758196,
    "r2_ci_lower_val": -0.015713884897689843,
    "r2_ci_upper_val": -0.004242364313679492,
    "r2_samperror_val": 0.0057357602920051765,
    "r2_t_critical_val": 1.965927295920882,
    "r2_df_val": 399,
    "median_ae_mean_val": 2.5305785409148287,
    "median_ae_std_val": 0.1900315083359405,
    "median_ae_ci_lower_val": 2.5118991344486967,
    "median_ae_ci_upper_val": 2.5492579473809607,
    "median_ae_samperror_val": 0.018679406466132104,
    "median_ae_t_critical_val": 1.965927295920882,
    "median_ae_df_val": 399,
    "max_error_mean_val": 8.68251729511837,
    "max_error_std_val": 1.0195923312259583,
    "max_error_ci_lower_val": 8.582295075384934,
    "max_error_ci_upper_val": 8.782739514851805,
    "max_error_samperror_val": 0.10022221973343583,
    "max_error_t_critical_val": 1.965927295920882,
    "max_error_df_val": 399,
    "rho_mean_val": 0.12074636534447979,
    "rho_std_val": 0.1309157874589644,
    "rho_ci_lower_val": 0.10759354485362276,
    "rho_ci_upper_val": 0.13389918583533683,
    "rho_samperror_val": 0.013152820490857036,
    "rho_t_critical_val": 1.9661935068270102,
    "rho_df_val": 382,
    "r2_below_zero_val": 0.5325
  },
  "test_summary": {
    "n_splits_test": 400,
    "mae_mean_test": 2.8150390229206126,
    "mae_std_test": 0.21285191432951586,
    "mae_ci_lower_test": 2.7941164535021423,
    "mae_ci_upper_test": 2.835961592339083,
    "mae_samperror_test": 0.020922569418470417,
    "mae_t_critical_test": 1.965927295920882,
    "mae_df_test": 399,
    "d2mae_mean_test": 0.0021043464348961603,
    "d2mae_std_test": 0.04475678330684266,
    "d2mae_ci_lower_test": -0.0022950826641307425,
    "d2mae_ci_upper_test": 0.006503775533923064,
    "d2mae_samperror_test": 0.004399429099026903,
    "d2mae_t_critical_test": 1.965927295920882,
    "d2mae_df_test": 399,
    "rmse_mean_test": 3.4612744091613536,
    "rmse_std_test": 0.3050497613759079,
    "rmse_ci_lower_test": 3.431289126536201,
    "rmse_ci_upper_test": 3.491259691786506,
    "rmse_samperror_test": 0.029985282625152446,
    "rmse_t_critical_test": 1.965927295920882,
    "rmse_df_test": 399,
    "mape_mean_test": 946927412446525.8,
    "mape_std_test": 786401167739609.6,
    "mape_ci_lower_test": 869627036386358.0,
    "mape_ci_upper_test": 1024227788506693.5,
    "mape_samperror_test": 77300376060167.73,
    "mape_t_critical_test": 1.965927295920882,
    "mape_df_test": 399,
    "r2_mean_test": -0.002682631650257582,
    "r2_std_test": 0.08309501084727774,
    "r2_ci_lower_test": -0.010850569149232835,
    "r2_ci_upper_test": 0.005485305848717672,
    "r2_samperror_test": 0.008167937498975254,
    "r2_t_critical_test": 1.965927295920882,
    "r2_df_test": 399,
    "median_ae_mean_test": 2.532408793105012,
    "median_ae_std_test": 0.2547791419614037,
    "median_ae_ci_lower_test": 2.5073649296243508,
    "median_ae_ci_upper_test": 2.5574526565856734,
    "median_ae_samperror_test": 0.025043863480661246,
    "median_ae_t_critical_test": 1.965927295920882,
    "median_ae_df_test": 399,
    "max_error_mean_test": 7.952047671197662,
    "max_error_std_test": 1.3145332698850327,
    "max_error_ci_lower_test": 7.822833829364506,
    "max_error_ci_upper_test": 8.081261513030817,
    "max_error_samperror_test": 0.12921384183315585,
    "max_error_t_critical_test": 1.965927295920882,
    "max_error_df_test": 399,
    "rho_mean_test": 0.13200341717515052,
    "rho_std_test": 0.1956638366845266,
    "rho_ci_lower_test": 0.11234550295093504,
    "rho_ci_upper_test": 0.151661331399366,
    "rho_samperror_test": 0.019657914224215478,
    "rho_t_critical_test": 1.9661935068270102,
    "rho_df_test": 382,
    "r2_below_zero_test": 0.5025
  },
  "selected_features": [
    "l1_T6W50",
    "density_T6W50",
    "asp_T6W50"
  ]
}