{
  "best_trial_number": 13,
  "best_value_internal_minimized": 2.8308575955634785,
  "best_params": {
    "regressor": "QuantileRegressor",
    "use_scaler": true,
    "quantile_alpha": 3.0073864110366135,
    "rfe_n_features": 4
  },
  "best_metadata": {
    "regressor": "QuantileRegressor",
    "use_scaler": true,
    "rfe_estimator": {
      "mode": "original",
      "type": "QuantileRegressor"
    },
    "n_candidate_features": 13,
    "rfe_n_features": 4,
    "rfe_selected_features": [
      "atd_T6W50",
      "density_T6W50",
      "diameter_T6W50",
      "asp_T6W50"
    ]
  },
  "validation_summary": {
    "n_splits_val": 400,
    "mae_mean_val": 2.8207352941176476,
    "mae_std_val": 0.11234672486874062,
    "mae_ci_lower_val": 2.809692019466309,
    "mae_ci_upper_val": 2.831778568768986,
    "mae_samperror_val": 0.011043274651338527,
    "mae_t_critical_val": 1.965927295920882,
    "mae_df_val": 399,
    "d2mae_mean_val": -0.0006294874060862465,
    "d2mae_std_val": 0.003354684635215264,
    "d2mae_ci_lower_val": -0.0009592407107650502,
    "d2mae_ci_upper_val": -0.0002997341014074428,
    "d2mae_samperror_val": 0.00032975330467880374,
    "d2mae_t_critical_val": 1.965927295920882,
    "d2mae_df_val": 399,
    "rmse_mean_val": 3.4908241496833043,
    "rmse_std_val": 0.17589710555235868,
    "rmse_ci_lower_val": 3.4735341036293614,
    "rmse_ci_upper_val": 3.5081141957372473,
    "rmse_samperror_val": 0.017290046053942923,
    "rmse_t_critical_val": 1.965927295920882,
    "rmse_df_val": 399,
    "mape_mean_val": 918381100483395.9,
    "mape_std_val": 520006086881276.4,
    "mape_ci_lower_val": 867266392471150.5,
    "mape_ci_upper_val": 969495808495641.2,
    "mape_samperror_val": 51114708012245.35,
    "mape_t_critical_val": 1.965927295920882,
    "mape_df_val": 399,
    "r2_mean_val": -0.024372251663738062,
    "r2_std_val": 0.008783466826882384,
    "r2_ci_lower_val": -0.025235634523127246,
    "r2_ci_upper_val": -0.023508868804348878,
    "r2_samperror_val": 0.0008633828593891828,
    "r2_t_critical_val": 1.965927295920882,
    "r2_df_val": 399,
    "median_ae_mean_val": 2.6,
    "median_ae_std_val": 0.4905114715879727,
    "median_ae_ci_lower_val": 2.551784505452144,
    "median_ae_ci_upper_val": 2.648215494547856,
    "median_ae_samperror_val": 0.048215494547855786,
    "median_ae_t_critical_val": 1.965927295920882,
    "median_ae_df_val": 399,
    "max_error_mean_val": 8.7275,
    "max_error_std_val": 0.8276207708551527,
    "max_error_ci_lower_val": 8.646147886795237,
    "max_error_ci_upper_val": 8.808852113204761,
    "max_error_samperror_val": 0.08135211320476132,
    "max_error_t_critical_val": 1.965927295920882,
    "max_error_df_val": 399,
    "rho_mean_val": NaN,
    "rho_std_val": NaN,
    "rho_ci_lower_val": NaN,
    "rho_ci_upper_val": NaN,
    "rho_samperror_val": NaN,
    "rho_t_critical_val": NaN,
    "rho_df_val": NaN,
    "r2_below_zero_val": 1.0
  },
  "test_summary": {
    "n_splits_test": 400,
    "mae_mean_test": 2.822019230769231,
    "mae_std_test": 0.17126536788618593,
    "mae_ci_lower_test": 2.8051844676905615,
    "mae_ci_upper_test": 2.8388539938479003,
    "mae_samperror_test": 0.016834763078669226,
    "mae_t_critical_test": 1.965927295920882,
    "mae_df_test": 399,
    "d2mae_mean_test": -0.00041447895020395477,
    "d2mae_std_test": 0.003378525929164406,
    "d2mae_ci_lower_test": -0.0007465757674099931,
    "d2mae_ci_upper_test": -8.238213299791648e-05,
    "d2mae_samperror_test": 0.0003320968172060383,
    "d2mae_t_critical_test": 1.965927295920882,
    "d2mae_df_test": 399,
    "rmse_mean_test": 3.481504166512479,
    "rmse_std_test": 0.27313679607136565,
    "rmse_ci_lower_test": 3.4546558123666253,
    "rmse_ci_upper_test": 3.508352520658333,
    "rmse_samperror_test": 0.02684835414585366,
    "rmse_t_critical_test": 1.965927295920882,
    "rmse_df_test": 399,
    "mape_mean_test": 980832034230209.6,
    "mape_std_test": 811129217509213.0,
    "mape_ci_lower_test": 901100980769194.2,
    "mape_ci_upper_test": 1060563087691225.0,
    "mape_samperror_test": 79731053461015.4,
    "mape_t_critical_test": 1.965927295920882,
    "mape_df_test": 399,
    "r2_mean_test": -0.012757047807142072,
    "r2_std_test": 0.009751212397380315,
    "r2_ci_lower_test": -0.013715556538158676,
    "r2_ci_upper_test": -0.011798539076125469,
    "r2_samperror_test": 0.0009585087310166032,
    "r2_t_critical_test": 1.965927295920882,
    "r2_df_test": 399,
    "median_ae_mean_test": 2.56,
    "median_ae_std_test": 0.38797721039962346,
    "median_ae_ci_lower_test": 2.521863250594007,
    "median_ae_ci_upper_test": 2.598136749405993,
    "median_ae_samperror_test": 0.038136749405992945,
    "median_ae_t_critical_test": 1.965927295920882,
    "median_ae_df_test": 399,
    "max_error_mean_test": 8.035,
    "max_error_std_test": 1.2196285230904693,
    "max_error_ci_lower_test": 7.915114949778639,
    "max_error_ci_upper_test": 8.154885050221361,
    "max_error_samperror_test": 0.11988505022136127,
    "max_error_t_critical_test": 1.965927295920882,
    "max_error_df_test": 399,
    "rho_mean_test": NaN,
    "rho_std_test": NaN,
    "rho_ci_lower_test": NaN,
    "rho_ci_upper_test": NaN,
    "rho_samperror_test": NaN,
    "rho_t_critical_test": NaN,
    "rho_df_test": NaN,
    "r2_below_zero_test": 0.9925
  },
  "selected_features": [
    "atd_T6W50",
    "density_T6W50",
    "diameter_T6W50",
    "asp_T6W50"
  ]
}