{
  "best_trial_number": 82,
  "best_value_internal_minimized": 2.8181810853862825,
  "best_params": {
    "regressor": "SVR",
    "svr_kernel": "rbf",
    "svr_C": 0.001021137792119699,
    "svr_epsilon": 0.0031048489462786356,
    "svr_gamma": "auto",
    "rfe_proxy_type": "LinearSVC",
    "rfe_proxy_svc_C": 0.2780472422336827,
    "rfe_n_features": 11
  },
  "best_metadata": {
    "regressor": "SVR",
    "use_scaler": true,
    "rfe_estimator": {
      "mode": "proxy",
      "type": "LinearSVC",
      "C": 0.2780472422336827,
      "epsilon": 0.0031048489462786356
    },
    "n_candidate_features": 13,
    "rfe_n_features": 11,
    "rfe_selected_features": [
      "nodes_T6W50",
      "edges_T6W50",
      "l1_T6W50",
      "l2_T6W50",
      "l3_T6W50",
      "lcc_T6W50",
      "lsc_T6W50",
      "atd_T6W50",
      "density_T6W50",
      "diameter_T6W50",
      "asp_T6W50"
    ]
  },
  "validation_summary": {
    "n_splits_val": 400,
    "mae_mean_val": 2.8181935093114707,
    "mae_std_val": 0.11602359474444214,
    "mae_ci_lower_val": 2.8067888117175226,
    "mae_ci_upper_val": 2.829598206905419,
    "mae_samperror_val": 0.01140469759394807,
    "mae_t_critical_val": 1.965927295920882,
    "mae_df_val": 399,
    "d2mae_mean_val": -0.0006289261617306302,
    "d2mae_std_val": 0.0031688593738880707,
    "d2mae_ci_lower_val": -0.0009404135187336959,
    "d2mae_ci_upper_val": -0.0003174388047275645,
    "d2mae_samperror_val": 0.0003114873570030657,
    "d2mae_t_critical_val": 1.965927295920882,
    "d2mae_df_val": 399,
    "rmse_mean_val": 3.4897616022082936,
    "rmse_std_val": 0.1784448998471459,
    "rmse_ci_lower_val": 3.472221117236925,
    "rmse_ci_upper_val": 3.5073020871796623,
    "rmse_samperror_val": 0.017540484971368606,
    "rmse_t_critical_val": 1.965927295920882,
    "rmse_df_val": 399,
    "mape_mean_val": 918446983577285.5,
    "mape_std_val": 504789708505411.8,
    "mape_ci_lower_val": 868827990244748.8,
    "mape_ci_upper_val": 968065976909822.2,
    "mape_samperror_val": 49618993332536.73,
    "mape_t_critical_val": 1.965927295920882,
    "mape_df_val": 399,
    "r2_mean_val": -0.02369711718264184,
    "r2_std_val": 0.008953559235458371,
    "r2_ci_lower_val": -0.024577219507473446,
    "r2_ci_upper_val": -0.022817014857810233,
    "r2_samperror_val": 0.0008801023248316059,
    "r2_t_critical_val": 1.965927295920882,
    "r2_df_val": 399,
    "median_ae_mean_val": 2.5969659861635854,
    "median_ae_std_val": 0.4857738227801551,
    "median_ae_ci_lower_val": 2.5492161852712183,
    "median_ae_ci_upper_val": 2.6447157870559526,
    "median_ae_samperror_val": 0.047749800892367,
    "median_ae_t_critical_val": 1.965927295920882,
    "median_ae_df_val": 399,
    "max_error_mean_val": 8.774326391530794,
    "max_error_std_val": 0.8622557201486224,
    "max_error_ci_lower_val": 8.68956978871559,
    "max_error_ci_upper_val": 8.859082994345998,
    "max_error_samperror_val": 0.0847566028152047,
    "max_error_t_critical_val": 1.965927295920882,
    "max_error_df_val": 399,
    "rho_mean_val": 0.10666490380259766,
    "rho_std_val": 0.12003001829860632,
    "rho_ci_lower_val": 0.094866389337442,
    "rho_ci_upper_val": 0.11846341826775332,
    "rho_samperror_val": 0.011798514465155657,
    "rho_t_critical_val": 1.965927295920882,
    "rho_df_val": 399,
    "r2_below_zero_val": 1.0
  },
  "test_summary": {
    "n_splits_test": 400,
    "mae_mean_test": 2.8078049931831117,
    "mae_std_test": 0.17732880021632483,
    "mae_ci_lower_test": 2.790374216748203,
    "mae_ci_upper_test": 2.8252357696180206,
    "mae_samperror_test": 0.01743077643490869,
    "mae_t_critical_test": 1.965927295920882,
    "mae_df_test": 399,
    "d2mae_mean_test": -0.0004789094659460688,
    "d2mae_std_test": 0.0032639932299774817,
    "d2mae_ci_lower_test": -0.0007997481351717536,
    "d2mae_ci_upper_test": -0.000158070796720384,
    "d2mae_samperror_test": 0.0003208386692256848,
    "d2mae_t_critical_test": 1.965927295920882,
    "d2mae_df_test": 399,
    "rmse_mean_test": 3.4624302654245254,
    "rmse_std_test": 0.2807596670497202,
    "rmse_ci_lower_test": 3.4348326107721903,
    "rmse_ci_upper_test": 3.4900279200768605,
    "rmse_samperror_test": 0.02759765465233518,
    "rmse_t_critical_test": 1.965927295920882,
    "rmse_df_test": 399,
    "mape_mean_test": 928991315464455.4,
    "mape_std_test": 816977775328817.6,
    "mape_ci_lower_test": 848685370030473.4,
    "mape_ci_upper_test": 1009297260898437.4,
    "mape_samperror_test": 80305945433982.02,
    "mape_t_critical_test": 1.965927295920882,
    "mape_df_test": 399,
    "r2_mean_test": -0.012663599827057077,
    "r2_std_test": 0.009952232125591078,
    "r2_ci_lower_test": -0.013641868066609086,
    "r2_ci_upper_test": -0.011685331587505067,
    "r2_samperror_test": 0.00097826823955201,
    "r2_t_critical_test": 1.965927295920882,
    "r2_df_test": 399,
    "median_ae_mean_test": 2.560833511570173,
    "median_ae_std_test": 0.39492738820658174,
    "median_ae_ci_lower_test": 2.52201358495107,
    "median_ae_ci_upper_test": 2.599653438189276,
    "median_ae_samperror_test": 0.03881992661910308,
    "median_ae_t_critical_test": 1.965927295920882,
    "median_ae_df_test": 399,
    "max_error_mean_test": 7.918626530247949,
    "max_error_std_test": 1.2503832227941776,
    "max_error_ci_lower_test": 7.79571840484532,
    "max_error_ci_upper_test": 8.04153465565058,
    "max_error_samperror_test": 0.12290812540262976,
    "max_error_t_critical_test": 1.965927295920882,
    "max_error_df_test": 399,
    "rho_mean_test": 0.09997188954361863,
    "rho_std_test": 0.17384196989265488,
    "rho_ci_lower_test": 0.08288385585418731,
    "rho_ci_upper_test": 0.11705992323304995,
    "rho_samperror_test": 0.017088033689431317,
    "rho_t_critical_test": 1.965927295920882,
    "rho_df_test": 399,
    "r2_below_zero_test": 0.975
  },
  "selected_features": [
    "nodes_T6W50",
    "edges_T6W50",
    "l1_T6W50",
    "l2_T6W50",
    "l3_T6W50",
    "lcc_T6W50",
    "lsc_T6W50",
    "atd_T6W50",
    "density_T6W50",
    "diameter_T6W50",
    "asp_T6W50"
  ]
}