{
  "mean_abs_shap": {
    "l1_T6W50": 0.17221975057792427,
    "density_T6W50": 0.5783145267772916,
    "asp_T6W50": 0.036923393038197375
  },
  "mean_shap": {
    "l1_T6W50": -0.012601077060303573,
    "density_T6W50": -0.05326190112737815,
    "asp_T6W50": 0.002287627310075229
  },
  "regressor": "QuantileRegressor",
  "n_subjects": 252,
  "n_features": 3
}