{
  "mean_abs_shap": {
    "nodes_T6W50": 0.0009352558021457027,
    "edges_T6W50": 8.289270258917096e-06,
    "l1_T6W50": 0.00016065043368483173,
    "l2_T6W50": 1.510036957866927e-05,
    "l3_T6W50": 2.9072713917158777e-05,
    "lcc_T6W50": 0.0011273658625680907,
    "lsc_T6W50": 0.0010750349543099161,
    "atd_T6W50": 0.0,
    "density_T6W50": 0.0,
    "diameter_T6W50": 0.0002452374013196444,
    "asp_T6W50": 2.0388470560547523e-05
  },
  "mean_shap": {
    "nodes_T6W50": -6.769335989386599e-05,
    "edges_T6W50": -5.611192112010597e-06,
    "l1_T6W50": -3.5651588481050336e-05,
    "l2_T6W50": -1.3109299331413824e-06,
    "l3_T6W50": 5.556418476382791e-07,
    "lcc_T6W50": -5.335583061892897e-05,
    "lsc_T6W50": -0.00012220394368728262,
    "atd_T6W50": 0.0,
    "density_T6W50": 0.0,
    "diameter_T6W50": 9.535622861183469e-06,
    "asp_T6W50": 2.825782165755066e-07
  },
  "regressor": "SVR",
  "n_subjects": 252,
  "n_features": 11
}