set,r2_mean,r2_std,r2_ci_lower,r2_ci_upper,rmse_mean,rmse_std,rmse_ci_lower,rmse_ci_upper,mae_mean,mae_std,mae_ci_lower,mae_ci_upper,rho_mean,rho_std,rho_ci_lower,rho_ci_upper,r2_below_zero
TEST,-0.012829407228501273,0.061934605797859414,-0.018917353833506848,-0.006741460623495697,2.215853772927259,0.29269824440960923,2.1870825995196106,2.2446249463349077,1.7406657704439719,0.19284704453709428,1.7217096070043147,1.759621933883629,0.0979946623020314,0.19650492324728647,0.07867894268229748,0.11731038192176531,0.5525
