set,r2_mean,r2_std,r2_ci_lower,r2_ci_upper,rmse_mean,rmse_std,rmse_ci_lower,rmse_ci_upper,mae_mean,mae_std,mae_ci_lower,mae_ci_upper,rho_mean,rho_std,rho_ci_lower,rho_ci_upper,r2_below_zero
VALIDATION,-0.00885710818694966,0.03637311079667738,-0.012432452754586789,-0.00528176361931253,2.2659795072150946,0.18215142541197493,2.2480746842546795,2.2838843301755096,1.769382184739644,0.12260935087300016,1.7573301312588254,1.7814342382204627,0.09013821048934828,0.11929117868193928,0.0784123212726783,0.10186409970601826,0.5175
