set,r2_mean,r2_std,r2_ci_lower,r2_ci_upper,rmse_mean,rmse_std,rmse_ci_lower,rmse_ci_upper,mae_mean,mae_std,mae_ci_lower,mae_ci_upper,rho_mean,rho_std,rho_ci_lower,rho_ci_upper,r2_below_zero
TEST,-0.01654338819337042,0.04324914874468287,-0.02079462229549614,-0.012292154091244699,1.3455085543665688,0.10893075513176667,1.334801057122628,1.3562160516105095,1.0429096123875408,0.07734956626734321,1.0353064312049103,1.0505127935701712,-0.013639584555939948,0.19907871156947032,-0.033208298211499045,0.00592912909961915,0.6875
