set,r2_mean,r2_std,r2_ci_lower,r2_ci_upper,rmse_mean,rmse_std,rmse_ci_lower,rmse_ci_upper,mae_mean,mae_std,mae_ci_lower,mae_ci_upper,rho_mean,rho_std,rho_ci_lower,rho_ci_upper,r2_below_zero
VALIDATION,-0.0160499389766033,0.032715421735238275,-0.019265746005946712,-0.01283413194725989,1.392126808665557,0.07683290369937697,1.3845744135351836,1.3996792037959302,1.0861091346940148,0.05820422182462842,1.0803878712728712,1.0918303981151585,-0.0162565254109958,0.13445351115194037,-0.029472816791295917,-0.0030402340306956866,0.7025
