target,window,set,metric,mean,std,ci_lower,ci_upper,t_critical,df,significant
MOT_V4,T6W50,VALIDATION,R2,-0.00033,0.030396,-0.003318,0.002657,1.9659,399,False
MOT_V4,T6W50,VALIDATION,RMSE,3.448914,0.174123,3.431798,3.466029,1.9659,399,True
MOT_V4,T6W50,VALIDATION,MAE,2.846767,0.117905,2.835177,2.858357,1.9659,399,True
MOT_V4,T6W50,VALIDATION,rho,0.111853,0.120195,0.100038,0.123668,1.9659,399,True
MOT_V4,T6W50,TEST,R2,-0.00595,0.048061,-0.010674,-0.001226,1.9659,399,True
MOT_V4,T6W50,TEST,RMSE,3.467911,0.271274,3.441246,3.494576,1.9659,399,True
MOT_V4,T6W50,TEST,MAE,2.875819,0.182126,2.857917,2.893722,1.9659,399,True
MOT_V4,T6W50,TEST,rho,0.117532,0.198252,0.098044,0.137019,1.9659,399,True
