set,r2_mean,r2_std,r2_ci_lower,r2_ci_upper,rmse_mean,rmse_std,rmse_ci_lower,rmse_ci_upper,mae_mean,mae_std,mae_ci_lower,mae_ci_upper,rho_mean,rho_std,rho_ci_lower,rho_ci_upper,r2_below_zero
TEST,-0.005949770891140274,0.04806095295094271,-0.01067398785485165,-0.0012255539274288975,3.4679109830177572,0.2712738235785262,3.4412457522956648,3.4945762137398497,2.8758193117047837,0.18212550593494983,2.857917036534738,2.8937215868748294,0.11753179117951915,0.19825176033841452,0.09804436382383645,0.13701921853520185,0.4775
