set,r2_mean,r2_std,r2_ci_lower,r2_ci_upper,rmse_mean,rmse_std,rmse_ci_lower,rmse_ci_upper,mae_mean,mae_std,mae_ci_lower,mae_ci_upper,rho_mean,rho_std,rho_ci_lower,rho_ci_upper,r2_below_zero
VALIDATION,-0.00033037522918601266,0.030396217945314063,-0.0033182129567586654,0.0026574624983866403,3.448913590975004,0.1741229331196351,3.4317979396217195,3.466029242328289,2.8467670850153466,0.11790511825975099,2.8351774404995655,2.8583567295311276,0.11185283058786027,0.12019486936414062,0.10003811186222984,0.12366754931349071,0.345
