{
  "best_trial_number": 89,
  "best_value_internal_minimized": 6.299628386795316,
  "best_params": {
    "regressor": "ExtraTreesRegressor",
    "use_scaler": false,
    "et_n_estimators": 112,
    "et_max_depth": 16,
    "et_min_samples_split": 3,
    "et_min_samples_leaf": 1,
    "et_max_features": "sqrt",
    "rfe_n_features": 5
  },
  "best_metadata": {
    "regressor": "ExtraTreesRegressor",
    "use_scaler": false,
    "rfe_estimator": {
      "mode": "original",
      "type": "ExtraTreesRegressor"
    },
    "n_candidate_features": 13,
    "rfe_n_features": 5,
    "rfe_selected_features": [
      "pe_T2W10",
      "l2_T2W10",
      "l3_T2W10",
      "diameter_T2W10",
      "asp_T2W10"
    ]
  },
  "validation_summary": {
    "n_splits_val": 400,
    "mae_mean_val": 6.377255651606785,
    "mae_std_val": 0.42432541567032767,
    "mae_ci_lower_val": 6.3355460057558215,
    "mae_ci_upper_val": 6.418965297457749,
    "mae_samperror_val": 0.041709645850963574,
    "mae_t_critical_val": 1.965927295920882,
    "mae_df_val": 399,
    "d2mae_mean_val": 0.02467109433685055,
    "d2mae_std_val": 0.05830538340956231,
    "d2mae_ci_lower_val": 0.018939887099650995,
    "d2mae_ci_upper_val": 0.030402301574050102,
    "d2mae_samperror_val": 0.005731207237199555,
    "d2mae_t_critical_val": 1.965927295920882,
    "d2mae_df_val": 399,
    "rmse_mean_val": 7.702102783982209,
    "rmse_std_val": 0.47507715999432987,
    "rmse_ci_lower_val": 7.655404426157138,
    "rmse_ci_upper_val": 7.74880114180728,
    "rmse_samperror_val": 0.04669835782507126,
    "rmse_t_critical_val": 1.965927295920882,
    "rmse_df_val": 399,
    "mape_mean_val": 189216890466320.16,
    "mape_std_val": 395150781922547.0,
    "mape_ci_lower_val": 150375005057019.4,
    "mape_ci_upper_val": 228058775875620.9,
    "mape_samperror_val": 38841885409300.75,
    "mape_t_critical_val": 1.965927295920882,
    "mape_df_val": 399,
    "r2_mean_val": 0.0037562674716957933,
    "r2_std_val": 0.11099370098306562,
    "r2_ci_lower_val": -0.0071540098501986634,
    "r2_ci_upper_val": 0.01466654479359025,
    "r2_samperror_val": 0.010910277321894457,
    "r2_t_critical_val": 1.965927295920882,
    "r2_df_val": 399,
    "median_ae_mean_val": 5.840962208198607,
    "median_ae_std_val": 0.6914406283370158,
    "median_ae_ci_lower_val": 5.772996107960786,
    "median_ae_ci_upper_val": 5.908928308436428,
    "median_ae_samperror_val": 0.06796610023782126,
    "median_ae_t_critical_val": 1.965927295920882,
    "median_ae_df_val": 399,
    "max_error_mean_val": 17.59820763233622,
    "max_error_std_val": 1.9393386075772001,
    "max_error_ci_lower_val": 17.40757769710276,
    "max_error_ci_upper_val": 17.78883756756968,
    "max_error_samperror_val": 0.19062993523346067,
    "max_error_t_critical_val": 1.965927295920882,
    "max_error_df_val": 399,
    "rho_mean_val": 0.23183561618829004,
    "rho_std_val": 0.11340988613596067,
    "rho_ci_lower_val": 0.22068783664919184,
    "rho_ci_upper_val": 0.24298339572738825,
    "rho_samperror_val": 0.011147779539098216,
    "rho_t_critical_val": 1.965927295920882,
    "rho_df_val": 399,
    "r2_below_zero_val": 0.4625
  },
  "test_summary": {
    "n_splits_test": 400,
    "mae_mean_test": 6.347862162788897,
    "mae_std_test": 0.6329440992820187,
    "mae_ci_lower_test": 6.285646058710368,
    "mae_ci_upper_test": 6.410078266867426,
    "mae_samperror_test": 0.062216104078528865,
    "mae_t_critical_test": 1.965927295920882,
    "mae_df_test": 399,
    "d2mae_mean_test": 0.020248514624359296,
    "d2mae_std_test": 0.09260383283329926,
    "d2mae_ci_lower_test": 0.011145894490665425,
    "d2mae_ci_upper_test": 0.029351134758053166,
    "d2mae_samperror_test": 0.00910262013369387,
    "d2mae_t_critical_test": 1.965927295920882,
    "d2mae_df_test": 399,
    "rmse_mean_test": 7.613726043718065,
    "rmse_std_test": 0.6974380483596692,
    "rmse_ci_lower_test": 7.545170418893862,
    "rmse_ci_upper_test": 7.682281668542268,
    "rmse_samperror_test": 0.06855562482420309,
    "rmse_t_critical_test": 1.965927295920882,
    "rmse_df_test": 399,
    "mape_mean_test": 200236461619080.72,
    "mape_std_test": 614852322710479.9,
    "mape_ci_lower_test": 139798713410236.36,
    "mape_ci_upper_test": 260674209827925.06,
    "mape_samperror_test": 60437748208844.36,
    "mape_t_critical_test": 1.965927295920882,
    "mape_df_test": 399,
    "r2_mean_test": 0.0009511947219588215,
    "r2_std_test": 0.17251578417657512,
    "r2_ci_lower_test": -0.01600647973253742,
    "r2_ci_upper_test": 0.017908869176455063,
    "r2_samperror_test": 0.01695767445449624,
    "r2_t_critical_test": 1.965927295920882,
    "r2_df_test": 399,
    "median_ae_mean_test": 5.853676184478227,
    "median_ae_std_test": 0.9849443155449865,
    "median_ae_ci_lower_test": 5.756859738733627,
    "median_ae_ci_upper_test": 5.9504926302228265,
    "median_ae_samperror_test": 0.09681644574459997,
    "median_ae_t_critical_test": 1.965927295920882,
    "median_ae_df_test": 399,
    "max_error_mean_test": 15.959484094455878,
    "max_error_std_test": 2.443055615104231,
    "max_error_ci_lower_test": 15.719340608496568,
    "max_error_ci_upper_test": 16.199627580415186,
    "max_error_samperror_test": 0.2401434859593094,
    "max_error_t_critical_test": 1.965927295920882,
    "max_error_df_test": 399,
    "rho_mean_test": 0.2310074141136137,
    "rho_std_test": 0.18732977283467947,
    "rho_ci_lower_test": 0.21259357842589596,
    "rho_ci_upper_test": 0.24942124980133143,
    "rho_samperror_test": 0.018413835687717726,
    "rho_t_critical_test": 1.965927295920882,
    "rho_df_test": 399,
    "r2_below_zero_test": 0.465
  },
  "selected_features": [
    "pe_T2W10",
    "l2_T2W10",
    "l3_T2W10",
    "diameter_T2W10",
    "asp_T2W10"
  ]
}