{
  "best_trial_number": 98,
  "best_value_internal_minimized": 6.3707897826614905,
  "best_params": {
    "regressor": "KNeighborsRegressor",
    "knn_n_neighbors": 16,
    "knn_weights": "distance",
    "knn_metric": "manhattan",
    "rfe_proxy_type": "ExtraTrees",
    "rfe_proxy_et_n_estimators": 60,
    "rfe_proxy_et_max_depth": 3,
    "rfe_proxy_et_min_samples_split": 10,
    "rfe_proxy_et_min_samples_leaf": 5,
    "rfe_n_features": 4
  },
  "best_metadata": {
    "regressor": "KNeighborsRegressor",
    "use_scaler": true,
    "rfe_estimator": {
      "mode": "proxy",
      "type": "ExtraTrees"
    },
    "n_candidate_features": 13,
    "rfe_n_features": 4,
    "rfe_selected_features": [
      "pe_T2W10",
      "l2_T2W10",
      "l3_T2W10",
      "asp_T2W10"
    ]
  },
  "validation_summary": {
    "n_splits_val": 400,
    "mae_mean_val": 6.410450782812429,
    "mae_std_val": 0.3724632335668532,
    "mae_ci_lower_val": 6.373839000932628,
    "mae_ci_upper_val": 6.447062564692231,
    "mae_samperror_val": 0.036611781879801575,
    "mae_t_critical_val": 1.965927295920882,
    "mae_df_val": 399,
    "d2mae_mean_val": 0.0196980052664278,
    "d2mae_std_val": 0.04729834209422161,
    "d2mae_ci_lower_val": 0.015048750177686105,
    "d2mae_ci_upper_val": 0.024347260355169497,
    "d2mae_samperror_val": 0.004649255088741695,
    "d2mae_t_critical_val": 1.965927295920882,
    "d2mae_df_val": 399,
    "rmse_mean_val": 7.623986121568814,
    "rmse_std_val": 0.4411033050512796,
    "rmse_ci_lower_val": 7.580627270182752,
    "rmse_ci_upper_val": 7.667344972954876,
    "rmse_samperror_val": 0.0433588513860613,
    "rmse_t_critical_val": 1.965927295920882,
    "rmse_df_val": 399,
    "mape_mean_val": 212658695598036.3,
    "mape_std_val": 441560649801768.94,
    "mape_ci_lower_val": 169254888885543.38,
    "mape_ci_upper_val": 256062502310529.25,
    "mape_samperror_val": 43403806712492.95,
    "mape_t_critical_val": 1.965927295920882,
    "mape_df_val": 399,
    "r2_mean_val": 0.02509278459732645,
    "r2_std_val": 0.09230864512477474,
    "r2_ci_lower_val": 0.016019180342313012,
    "r2_ci_upper_val": 0.034166388852339885,
    "r2_samperror_val": 0.009073604255013435,
    "r2_t_critical_val": 1.965927295920882,
    "r2_df_val": 399,
    "median_ae_mean_val": 5.876147776248048,
    "median_ae_std_val": 0.6174352437475017,
    "median_ae_ci_lower_val": 5.815456136290709,
    "median_ae_ci_upper_val": 5.936839416205387,
    "median_ae_samperror_val": 0.06069163995733883,
    "median_ae_t_critical_val": 1.965927295920882,
    "median_ae_df_val": 399,
    "max_error_mean_val": 17.661060702696872,
    "max_error_std_val": 1.763739331107035,
    "max_error_ci_lower_val": 17.487691538001243,
    "max_error_ci_upper_val": 17.8344298673925,
    "max_error_samperror_val": 0.17336916469562794,
    "max_error_t_critical_val": 1.965927295920882,
    "max_error_df_val": 399,
    "rho_mean_val": 0.21971197074877719,
    "rho_std_val": 0.12439005581298045,
    "rho_ci_lower_val": 0.20748488044558416,
    "rho_ci_upper_val": 0.2319390610519702,
    "rho_samperror_val": 0.012227090303193012,
    "rho_t_critical_val": 1.965927295920882,
    "rho_df_val": 399,
    "r2_below_zero_val": 0.3425
  },
  "test_summary": {
    "n_splits_test": 400,
    "mae_mean_test": 6.369525033294945,
    "mae_std_test": 0.5614953915179183,
    "mae_ci_lower_test": 6.314332077459002,
    "mae_ci_upper_test": 6.424717989130888,
    "mae_samperror_test": 0.0551929558359429,
    "mae_t_critical_test": 1.965927295920882,
    "mae_df_test": 399,
    "d2mae_mean_test": 0.017518040649294776,
    "d2mae_std_test": 0.07289103888294712,
    "d2mae_ci_lower_test": 0.010353116500893971,
    "d2mae_ci_upper_test": 0.02468296479769558,
    "d2mae_samperror_test": 0.007164924148400805,
    "d2mae_t_critical_test": 1.965927295920882,
    "d2mae_df_test": 399,
    "rmse_mean_test": 7.534246991554561,
    "rmse_std_test": 0.6606883549285263,
    "rmse_ci_lower_test": 7.469303728002008,
    "rmse_ci_upper_test": 7.599190255107113,
    "rmse_samperror_test": 0.06494326355255267,
    "rmse_t_critical_test": 1.965927295920882,
    "rmse_df_test": 399,
    "mape_mean_test": 221733379440148.3,
    "mape_std_test": 677417590908487.8,
    "mape_ci_lower_test": 155145692804950.25,
    "mape_ci_upper_test": 288321066075346.4,
    "mape_samperror_test": 66587686635198.08,
    "mape_t_critical_test": 1.965927295920882,
    "mape_df_test": 399,
    "r2_mean_test": 0.02574083020905248,
    "r2_std_test": 0.14017939081697517,
    "r2_ci_lower_test": 0.011961705672419854,
    "r2_ci_upper_test": 0.03951995474568511,
    "r2_samperror_test": 0.013779124536632626,
    "r2_t_critical_test": 1.965927295920882,
    "r2_df_test": 399,
    "median_ae_mean_test": 5.867498532677038,
    "median_ae_std_test": 0.8509099628746432,
    "median_ae_ci_lower_test": 5.783857176557723,
    "median_ae_ci_upper_test": 5.9511398887963525,
    "median_ae_samperror_test": 0.08364135611931427,
    "median_ae_t_critical_test": 1.965927295920882,
    "median_ae_df_test": 399,
    "max_error_mean_test": 15.906291031617865,
    "max_error_std_test": 2.56267266464021,
    "max_error_ci_lower_test": 15.65438962452154,
    "max_error_ci_upper_test": 16.158192438714188,
    "max_error_samperror_test": 0.25190140709632447,
    "max_error_t_critical_test": 1.965927295920882,
    "max_error_df_test": 399,
    "rho_mean_test": 0.2199113307404758,
    "rho_std_test": 0.19448479073635014,
    "rho_ci_lower_test": 0.20079418280297323,
    "rho_ci_upper_test": 0.23902847867797838,
    "rho_samperror_test": 0.01911714793750257,
    "rho_t_critical_test": 1.965927295920882,
    "rho_df_test": 399,
    "r2_below_zero_test": 0.415
  },
  "selected_features": [
    "pe_T2W10",
    "l2_T2W10",
    "l3_T2W10",
    "asp_T2W10"
  ]
}