{
  "best_trial_number": 230,
  "best_value_internal_minimized": 6.346164871919836,
  "best_params": {
    "regressor": "ExtraTreesRegressor",
    "use_scaler": true,
    "et_n_estimators": 142,
    "et_max_depth": 19,
    "et_min_samples_split": 8,
    "et_min_samples_leaf": 2,
    "et_max_features": null,
    "rfe_n_features": 3
  },
  "best_metadata": {
    "regressor": "ExtraTreesRegressor",
    "use_scaler": true,
    "rfe_estimator": {
      "mode": "original",
      "type": "ExtraTreesRegressor"
    },
    "n_candidate_features": 13,
    "rfe_n_features": 3,
    "rfe_selected_features": [
      "pe_T2W10",
      "l3_T2W10",
      "diameter_T2W10"
    ]
  },
  "validation_summary": {
    "n_splits_val": 400,
    "mae_mean_val": 6.387885347441711,
    "mae_std_val": 0.3621845827504875,
    "mae_ci_lower_val": 6.352283919572166,
    "mae_ci_upper_val": 6.423486775311256,
    "mae_samperror_val": 0.03560142786954494,
    "mae_t_critical_val": 1.965927295920882,
    "mae_df_val": 399,
    "d2mae_mean_val": 0.023131477611018077,
    "d2mae_std_val": 0.0456266176401492,
    "d2mae_ci_lower_val": 0.01864654695905235,
    "d2mae_ci_upper_val": 0.027616408262983803,
    "d2mae_samperror_val": 0.004484930651965726,
    "d2mae_t_critical_val": 1.965927295920882,
    "d2mae_df_val": 399,
    "rmse_mean_val": 7.613625848823737,
    "rmse_std_val": 0.41262759344949484,
    "rmse_ci_lower_val": 7.573066056373112,
    "rmse_ci_upper_val": 7.6541856412743625,
    "rmse_samperror_val": 0.04055979245062532,
    "rmse_t_critical_val": 1.965927295920882,
    "rmse_df_val": 399,
    "mape_mean_val": 196993723054092.9,
    "mape_std_val": 409321594348293.0,
    "mape_ci_lower_val": 156758898297134.72,
    "mape_ci_upper_val": 237228547811051.1,
    "mape_samperror_val": 40234824756958.19,
    "mape_t_critical_val": 1.965927295920882,
    "mape_df_val": 399,
    "r2_mean_val": 0.028119281975883616,
    "r2_std_val": 0.08311509735726894,
    "r2_ci_lower_val": 0.019949370045994785,
    "r2_ci_upper_val": 0.03628919390577245,
    "r2_samperror_val": 0.00816991192988883,
    "r2_t_critical_val": 1.965927295920882,
    "r2_df_val": 399,
    "median_ae_mean_val": 5.876944993650092,
    "median_ae_std_val": 0.5935273767043175,
    "median_ae_ci_lower_val": 5.818603410113125,
    "median_ae_ci_upper_val": 5.935286577187059,
    "median_ae_samperror_val": 0.05834158353696668,
    "median_ae_t_critical_val": 1.965927295920882,
    "median_ae_df_val": 399,
    "max_error_mean_val": 17.03005998668509,
    "max_error_std_val": 1.7473872876956755,
    "max_error_ci_lower_val": 16.858298168413786,
    "max_error_ci_upper_val": 17.201821804956392,
    "max_error_samperror_val": 0.17176181827130418,
    "max_error_t_critical_val": 1.965927295920882,
    "max_error_df_val": 399,
    "rho_mean_val": 0.20521406836417658,
    "rho_std_val": 0.11760170828006325,
    "rho_ci_lower_val": 0.1936542479464415,
    "rho_ci_upper_val": 0.21677388878191164,
    "rho_samperror_val": 0.011559820417735057,
    "rho_t_critical_val": 1.965927295920882,
    "rho_df_val": 399,
    "r2_below_zero_val": 0.3375
  },
  "test_summary": {
    "n_splits_test": 400,
    "mae_mean_test": 6.357966412120623,
    "mae_std_test": 0.5500516745744706,
    "mae_ci_lower_test": 6.303898332059976,
    "mae_ci_upper_test": 6.41203449218127,
    "mae_samperror_test": 0.054068080060647096,
    "mae_t_critical_test": 1.965927295920882,
    "mae_df_test": 399,
    "d2mae_mean_test": 0.0190084090579404,
    "d2mae_std_test": 0.07424691148902851,
    "d2mae_ci_lower_test": 0.011710207561235256,
    "d2mae_ci_upper_test": 0.026306610554645542,
    "d2mae_samperror_test": 0.007298201496705144,
    "d2mae_t_critical_test": 1.965927295920882,
    "d2mae_df_test": 399,
    "rmse_mean_test": 7.565824037724561,
    "rmse_std_test": 0.6283181906917426,
    "rmse_ci_lower_test": 7.504062643644335,
    "rmse_ci_upper_test": 7.627585431804787,
    "rmse_samperror_test": 0.061761394080225934,
    "rmse_t_critical_test": 1.965927295920882,
    "rmse_df_test": 399,
    "mape_mean_test": 205971553521076.7,
    "mape_std_test": 629758590496910.4,
    "mape_ci_lower_test": 144068573376149.84,
    "mape_ci_upper_test": 267874533666003.53,
    "mape_samperror_test": 61902980144926.85,
    "mape_t_critical_test": 1.965927295920882,
    "mape_df_test": 399,
    "r2_mean_test": 0.01746059034528248,
    "r2_std_test": 0.13424652464090905,
    "r2_ci_lower_test": 0.004264644986578562,
    "r2_ci_upper_test": 0.030656535703986403,
    "r2_samperror_test": 0.01319594535870392,
    "r2_t_critical_test": 1.965927295920882,
    "r2_df_test": 399,
    "median_ae_mean_test": 5.873686359685328,
    "median_ae_std_test": 0.8687262033503323,
    "median_ae_ci_lower_test": 5.788293731892921,
    "median_ae_ci_upper_test": 5.959078987477735,
    "median_ae_samperror_test": 0.08539262779240665,
    "median_ae_t_critical_test": 1.965927295920882,
    "median_ae_df_test": 399,
    "max_error_mean_test": 15.637849520130874,
    "max_error_std_test": 2.2232269857595397,
    "max_error_ci_lower_test": 15.419314389314245,
    "max_error_ci_upper_test": 15.856384650947504,
    "max_error_samperror_test": 0.21853513081662926,
    "max_error_t_critical_test": 1.965927295920882,
    "max_error_df_test": 399,
    "rho_mean_test": 0.19720476562853967,
    "rho_std_test": 0.1943892795523215,
    "rho_ci_lower_test": 0.17809700609322449,
    "rho_ci_upper_test": 0.21631252516385485,
    "rho_samperror_test": 0.01910775953531519,
    "rho_t_critical_test": 1.965927295920882,
    "rho_df_test": 399,
    "r2_below_zero_test": 0.43
  },
  "selected_features": [
    "pe_T2W10",
    "l3_T2W10",
    "diameter_T2W10"
  ]
}