{
  "best_trial_number": 279,
  "best_value_internal_minimized": 6.3245644809686,
  "best_params": {
    "regressor": "KNeighborsRegressor",
    "knn_n_neighbors": 11,
    "knn_weights": "distance",
    "knn_metric": "manhattan",
    "rfe_proxy_type": "LinearSVR",
    "rfe_proxy_lsvr_C": 0.16689964066521648,
    "rfe_proxy_lsvr_epsilon": 0.7019657918077259,
    "rfe_n_features": 4
  },
  "best_metadata": {
    "regressor": "KNeighborsRegressor",
    "use_scaler": true,
    "rfe_estimator": {
      "mode": "proxy",
      "type": "LinearSVR"
    },
    "n_candidate_features": 13,
    "rfe_n_features": 4,
    "rfe_selected_features": [
      "pe_T2W10",
      "l2_T2W10",
      "l3_T2W10",
      "diameter_T2W10"
    ]
  },
  "validation_summary": {
    "n_splits_val": 400,
    "mae_mean_val": 6.384952038075106,
    "mae_std_val": 0.3936711371988726,
    "mae_ci_lower_val": 6.346255596363332,
    "mae_ci_upper_val": 6.42364847978688,
    "mae_samperror_val": 0.0386964417117739,
    "mae_t_critical_val": 1.965927295920882,
    "mae_df_val": 399,
    "d2mae_mean_val": 0.023493361055144435,
    "d2mae_std_val": 0.053177565363741804,
    "d2mae_ci_lower_val": 0.018266199691184593,
    "d2mae_ci_upper_val": 0.028720522419104277,
    "d2mae_samperror_val": 0.005227161363959843,
    "d2mae_t_critical_val": 1.965927295920882,
    "d2mae_df_val": 399,
    "rmse_mean_val": 7.624203523822289,
    "rmse_std_val": 0.4413689046807976,
    "rmse_ci_lower_val": 7.580818564958155,
    "rmse_ci_upper_val": 7.667588482686424,
    "rmse_samperror_val": 0.0433849588641341,
    "rmse_t_critical_val": 1.965927295920882,
    "rmse_df_val": 399,
    "mape_mean_val": 205541740429853.28,
    "mape_std_val": 428033899297447.0,
    "mape_ci_lower_val": 163467564119438.22,
    "mape_ci_upper_val": 247615916740268.34,
    "mape_samperror_val": 42074176310415.055,
    "mape_t_critical_val": 1.965927295920882,
    "mape_df_val": 399,
    "r2_mean_val": 0.02447265651281588,
    "r2_std_val": 0.09887812471577953,
    "r2_ci_lower_val": 0.01475329629540487,
    "r2_ci_upper_val": 0.034192016730226885,
    "r2_samperror_val": 0.00971936021741101,
    "r2_t_critical_val": 1.965927295920882,
    "r2_df_val": 399,
    "median_ae_mean_val": 5.8971151385860345,
    "median_ae_std_val": 0.6235165890303679,
    "median_ae_ci_lower_val": 5.83582572449432,
    "median_ae_ci_upper_val": 5.958404552677749,
    "median_ae_samperror_val": 0.06128941409171415,
    "median_ae_t_critical_val": 1.965927295920882,
    "median_ae_df_val": 399,
    "max_error_mean_val": 17.31202164511022,
    "max_error_std_val": 1.75617176200127,
    "max_error_ci_lower_val": 17.139396344948032,
    "max_error_ci_upper_val": 17.48464694527241,
    "max_error_samperror_val": 0.17262530016218838,
    "max_error_t_critical_val": 1.965927295920882,
    "max_error_df_val": 399,
    "rho_mean_val": 0.22730803634591332,
    "rho_std_val": 0.12348454528295803,
    "rho_ci_lower_val": 0.21516995443610604,
    "rho_ci_upper_val": 0.2394461182557206,
    "rho_samperror_val": 0.01213808190980727,
    "rho_t_critical_val": 1.965927295920882,
    "rho_df_val": 399,
    "r2_below_zero_val": 0.33
  },
  "test_summary": {
    "n_splits_test": 400,
    "mae_mean_test": 6.358435595877161,
    "mae_std_test": 0.5908193241136548,
    "mae_ci_lower_test": 6.300360204065533,
    "mae_ci_upper_test": 6.416510987688789,
    "mae_samperror_test": 0.058075391811628026,
    "mae_t_critical_test": 1.965927295920882,
    "mae_df_test": 399,
    "d2mae_mean_test": 0.018888423995826225,
    "d2mae_std_test": 0.08216789344733541,
    "d2mae_ci_lower_test": 0.010811618767004462,
    "d2mae_ci_upper_test": 0.026965229224647988,
    "d2mae_samperror_test": 0.008076805228821763,
    "d2mae_t_critical_test": 1.965927295920882,
    "d2mae_df_test": 399,
    "rmse_mean_test": 7.547192290411849,
    "rmse_std_test": 0.6598844803748024,
    "rmse_ci_lower_test": 7.48232804480568,
    "rmse_ci_upper_test": 7.612056536018018,
    "rmse_samperror_test": 0.06486424560616959,
    "rmse_t_critical_test": 1.965927295920882,
    "rmse_df_test": 399,
    "mape_mean_test": 216182227253619.84,
    "mape_std_test": 661023908189139.1,
    "mape_ci_lower_test": 151205980035353.47,
    "mape_ci_upper_test": 281158474471886.22,
    "mape_samperror_test": 64976247218266.38,
    "mape_t_critical_test": 1.965927295920882,
    "mape_df_test": 399,
    "r2_mean_test": 0.020752565320463923,
    "r2_std_test": 0.15065228094324598,
    "r2_ci_lower_test": 0.0059439937555104926,
    "r2_ci_upper_test": 0.03556113688541736,
    "r2_samperror_test": 0.01480857156495343,
    "r2_t_critical_test": 1.965927295920882,
    "r2_df_test": 399,
    "median_ae_mean_test": 5.913260300670341,
    "median_ae_std_test": 0.8595327352789113,
    "median_ae_ci_lower_test": 5.828771357369224,
    "median_ae_ci_upper_test": 5.997749243971459,
    "median_ae_samperror_test": 0.08448894330111748,
    "median_ae_t_critical_test": 1.965927295920882,
    "median_ae_df_test": 399,
    "max_error_mean_test": 15.697419697328991,
    "max_error_std_test": 2.3088506755656173,
    "max_error_ci_lower_test": 15.470468069064001,
    "max_error_ci_upper_test": 15.924371325593981,
    "max_error_samperror_test": 0.2269516282649908,
    "max_error_t_critical_test": 1.965927295920882,
    "max_error_df_test": 399,
    "rho_mean_test": 0.22482728059555263,
    "rho_std_test": 0.1939683333812021,
    "rho_ci_lower_test": 0.20576089853863327,
    "rho_ci_upper_test": 0.24389366265247198,
    "rho_samperror_test": 0.019066382056919337,
    "rho_t_critical_test": 1.965927295920882,
    "rho_df_test": 399,
    "r2_below_zero_test": 0.4
  },
  "selected_features": [
    "pe_T2W10",
    "l2_T2W10",
    "l3_T2W10",
    "diameter_T2W10"
  ]
}