{
  "mean_abs_shap": {
    "pe_T2W10": 1.6214476478865016,
    "l2_T2W10": 1.5155618656210235,
    "l3_T2W10": 1.6921868648943383,
    "asp_T2W10": 2.012838771348762
  },
  "mean_shap": {
    "pe_T2W10": 0.019663150437001158,
    "l2_T2W10": -0.06106227748510382,
    "l3_T2W10": -0.016846307362755934,
    "asp_T2W10": 0.11074543441085988
  },
  "regressor": "KNeighborsRegressor",
  "n_subjects": 240,
  "n_features": 4
}