{
  "mean_abs_shap": {
    "pe_T2W10": 1.505322888131024,
    "l2_T2W10": 1.3820973305009832,
    "l3_T2W10": 1.5967997520966017,
    "diameter_T2W10": 2.4763756284310157
  },
  "mean_shap": {
    "pe_T2W10": -0.05520351575455127,
    "l2_T2W10": -0.04287258462804387,
    "l3_T2W10": -0.05909634962016963,
    "diameter_T2W10": 0.20967245000276608
  },
  "regressor": "KNeighborsRegressor",
  "n_subjects": 240,
  "n_features": 4
}