set,r2_mean,r2_std,r2_ci_lower,r2_ci_upper,rmse_mean,rmse_std,rmse_ci_lower,rmse_ci_upper,mae_mean,mae_std,mae_ci_lower,mae_ci_upper,rho_mean,rho_std,rho_ci_lower,rho_ci_upper,r2_below_zero
VALIDATION,-0.00038803442345001967,0.031626680208035975,-0.0034968221184669512,0.002720753271566912,3.4490096498144247,0.17525171948400242,3.431783042864891,3.4662362567639584,2.846405856608054,0.11906937185665911,2.8347017701959962,2.858109943020112,0.11076893136269085,0.12012458930750237,0.09896112091114562,0.12257674181423608,0.3625
