set,r2_mean,r2_std,r2_ci_lower,r2_ci_upper,rmse_mean,rmse_std,rmse_ci_lower,rmse_ci_upper,mae_mean,mae_std,mae_ci_lower,mae_ci_upper,rho_mean,rho_std,rho_ci_lower,rho_ci_upper,r2_below_zero
TEST,-0.005056077388868835,0.04824237451099507,-0.009798127432428985,-0.00031402734530868413,3.4662993048677624,0.2703978807432705,3.4397201761421448,3.49287843359338,2.8741712191824758,0.18189792019360415,2.8562913148634834,2.892051123501468,0.11694706487701861,0.1933044518949828,0.09794593995685003,0.1359481897971872,0.4575
