{
  "best_trial_number": 249,
  "best_value_internal_minimized": 2.7960182891022134,
  "best_params": {
    "regressor": "RandomForestRegressor",
    "use_scaler": false,
    "rf_n_estimators": 153,
    "rf_max_depth": 12,
    "rf_min_samples_split": 4,
    "rf_min_samples_leaf": 4,
    "rf_max_features": "sqrt",
    "rfe_n_features": 2
  },
  "best_metadata": {
    "regressor": "RandomForestRegressor",
    "use_scaler": false,
    "rfe_estimator": {
      "mode": "original",
      "type": "RandomForestRegressor"
    },
    "n_candidate_features": 13,
    "rfe_n_features": 2,
    "rfe_selected_features": [
      "pe_T2W40",
      "lsc_T2W40"
    ]
  },
  "validation_summary": {
    "n_splits_val": 400,
    "mae_mean_val": 2.7969582737198007,
    "mae_std_val": 0.19065553727477022,
    "mae_ci_lower_val": 2.778217527477454,
    "mae_ci_upper_val": 2.8156990199621474,
    "mae_samperror_val": 0.018740746242346597,
    "mae_t_critical_val": 1.965927295920882,
    "mae_df_val": 399,
    "d2mae_mean_val": -0.00091277200965479,
    "d2mae_std_val": 0.055326815802834294,
    "d2mae_ci_lower_val": -0.0063511968788137274,
    "d2mae_ci_upper_val": 0.004525652859504147,
    "d2mae_samperror_val": 0.005438424869158937,
    "d2mae_t_critical_val": 1.965927295920882,
    "d2mae_df_val": 399,
    "rmse_mean_val": 3.453753399501727,
    "rmse_std_val": 0.23482737886194444,
    "rmse_ci_lower_val": 3.4306707218050145,
    "rmse_ci_upper_val": 3.4768360771984397,
    "rmse_samperror_val": 0.023082677696712545,
    "rmse_t_critical_val": 1.965927295920882,
    "rmse_df_val": 399,
    "mape_mean_val": 789391503291731.9,
    "mape_std_val": 540707729746083.7,
    "mape_ci_lower_val": 736241899040570.0,
    "mape_ci_upper_val": 842541107542893.8,
    "mape_samperror_val": 53149604251161.87,
    "mape_t_critical_val": 1.965927295920882,
    "mape_df_val": 399,
    "r2_mean_val": -0.006501652809218404,
    "r2_std_val": 0.10233910852107499,
    "r2_ci_lower_val": -0.016561215153307936,
    "r2_ci_upper_val": 0.003557909534871128,
    "r2_samperror_val": 0.010059562344089532,
    "r2_t_critical_val": 1.965927295920882,
    "r2_df_val": 399,
    "median_ae_mean_val": 2.4527078309017294,
    "median_ae_std_val": 0.27461976527650134,
    "median_ae_ci_lower_val": 2.4257137062739065,
    "median_ae_ci_upper_val": 2.4797019555295523,
    "median_ae_samperror_val": 0.026994124627822982,
    "median_ae_t_critical_val": 1.965927295920882,
    "median_ae_df_val": 399,
    "max_error_mean_val": 8.450589910743123,
    "max_error_std_val": 1.322249641656867,
    "max_error_ci_lower_val": 8.32061757761538,
    "max_error_ci_upper_val": 8.580562243870865,
    "max_error_samperror_val": 0.12997233312774198,
    "max_error_t_critical_val": 1.965927295920882,
    "max_error_df_val": 399,
    "rho_mean_val": 0.17653925210691263,
    "rho_std_val": 0.12354923138251857,
    "rho_ci_lower_val": 0.16439481178866572,
    "rho_ci_upper_val": 0.18868369242515953,
    "rho_samperror_val": 0.012144440318246904,
    "rho_t_critical_val": 1.965927295920882,
    "rho_df_val": 399,
    "r2_below_zero_val": 0.4925
  },
  "test_summary": {
    "n_splits_test": 400,
    "mae_mean_test": 2.719503773249508,
    "mae_std_test": 0.27668488458606794,
    "mae_ci_lower_test": 2.6923066549006847,
    "mae_ci_upper_test": 2.7467008915983313,
    "mae_samperror_test": 0.027197118348823494,
    "mae_t_critical_test": 1.965927295920882,
    "mae_df_test": 399,
    "d2mae_mean_test": -0.011295983882237341,
    "d2mae_std_test": 0.08327574777608901,
    "d2mae_ci_lower_test": -0.019481687164299145,
    "d2mae_ci_upper_test": -0.0031102806001755377,
    "d2mae_samperror_test": 0.008185703282061804,
    "d2mae_t_critical_test": 1.965927295920882,
    "d2mae_df_test": 399,
    "rmse_mean_test": 3.349275329565295,
    "rmse_std_test": 0.33506838969119485,
    "rmse_ci_lower_test": 3.316339324900586,
    "rmse_ci_upper_test": 3.382211334230004,
    "rmse_samperror_test": 0.03293600466470875,
    "rmse_t_critical_test": 1.965927295920882,
    "rmse_df_test": 399,
    "mape_mean_test": 861274073114479.9,
    "mape_std_test": 859576636198471.4,
    "mape_ci_lower_test": 776780814512558.5,
    "mape_ci_upper_test": 945767331716401.2,
    "mape_samperror_test": 84493258601921.44,
    "mape_t_critical_test": 1.965927295920882,
    "mape_df_test": 399,
    "r2_mean_test": -0.0032640212936529945,
    "r2_std_test": 0.15044320187782706,
    "r2_ci_lower_test": -0.01805204114652079,
    "r2_ci_upper_test": 0.0115239985592148,
    "r2_samperror_test": 0.014788019852867795,
    "r2_t_critical_test": 1.965927295920882,
    "r2_df_test": 399,
    "median_ae_mean_test": 2.3933707306896057,
    "median_ae_std_test": 0.4120586662348182,
    "median_ae_ci_lower_test": 2.3528668617160164,
    "median_ae_ci_upper_test": 2.433874599663195,
    "median_ae_samperror_test": 0.04050386897358906,
    "median_ae_t_critical_test": 1.965927295920882,
    "median_ae_df_test": 399,
    "max_error_mean_test": 7.3701759093159716,
    "max_error_std_test": 1.432391816582607,
    "max_error_ci_lower_test": 7.229377000782299,
    "max_error_ci_upper_test": 7.510974817849644,
    "max_error_samperror_test": 0.14079890853367225,
    "max_error_t_critical_test": 1.965927295920882,
    "max_error_df_test": 399,
    "rho_mean_test": 0.1852487570691868,
    "rho_std_test": 0.18950875265629832,
    "rho_ci_lower_test": 0.16662073558604001,
    "rho_ci_upper_test": 0.2038767785523336,
    "rho_samperror_test": 0.01862802148314679,
    "rho_t_critical_test": 1.965927295920882,
    "rho_df_test": 399,
    "r2_below_zero_test": 0.47
  },
  "selected_features": [
    "pe_T2W40",
    "lsc_T2W40"
  ]
}