set,r2_mean,r2_std,r2_ci_lower,r2_ci_upper,rmse_mean,rmse_std,rmse_ci_lower,rmse_ci_upper,mae_mean,mae_std,mae_ci_lower,mae_ci_upper,rho_mean,rho_std,rho_ci_lower,rho_ci_upper,r2_below_zero
TEST,-0.014743031555508091,0.028240472475647524,-0.017518967339986983,-0.0119670957710292,3.4834990283801797,0.2617173448066703,3.457773164781611,3.5092248919787483,2.9137319718900905,0.17092824892368985,2.8969303463799383,2.9305335974002427,-0.05875786392711854,0.19073569714103708,-0.07750648959292171,-0.040009238261315375,0.7975
