set,r2_mean,r2_std,r2_ci_lower,r2_ci_upper,rmse_mean,rmse_std,rmse_ci_lower,rmse_ci_upper,mae_mean,mae_std,mae_ci_lower,mae_ci_upper,rho_mean,rho_std,rho_ci_lower,rho_ci_upper,r2_below_zero
VALIDATION,-0.011103465894170564,0.026157111776910793,-0.013674614895404688,-0.00853231689293644,3.467578532661779,0.1730064317004509,3.4505726293392898,3.4845844359842686,2.884337393031641,0.1163370256012029,2.8729018863238585,2.8957728997394234,-0.06304909501168483,0.12054183167728762,-0.07489791887141883,-0.051200271151950826,0.8325
