target,window,set,metric,mean,std,ci_lower,ci_upper,t_critical,df,significant
MOT_V4,T2W10,VALIDATION,R2,-0.002802,0.045286,-0.007254,0.001649,1.9659,399,False
MOT_V4,T2W10,VALIDATION,RMSE,3.482962,0.168571,3.466392,3.499532,1.9659,399,True
MOT_V4,T2W10,VALIDATION,MAE,2.87605,0.12484,2.863778,2.888321,1.9659,399,True
MOT_V4,T2W10,VALIDATION,rho,0.079035,0.134111,0.065852,0.092217,1.9659,399,True
MOT_V4,T2W10,TEST,R2,-0.006474,0.06902,-0.013259,0.00031,1.9659,399,False
MOT_V4,T2W10,TEST,RMSE,3.450473,0.264728,3.424451,3.476495,1.9659,399,True
MOT_V4,T2W10,TEST,MAE,2.851943,0.194831,2.832792,2.871095,1.9659,399,True
MOT_V4,T2W10,TEST,rho,0.069743,0.205034,0.049589,0.089897,1.9659,399,True
