set,r2_mean,r2_std,r2_ci_lower,r2_ci_upper,rmse_mean,rmse_std,rmse_ci_lower,rmse_ci_upper,mae_mean,mae_std,mae_ci_lower,mae_ci_upper,rho_mean,rho_std,rho_ci_lower,rho_ci_upper,r2_below_zero
VALIDATION,-0.0028024534146949918,0.04528598770723543,-0.007253901382514574,0.0016489945531245904,3.482962204737347,0.1685711734219856,3.4663922711805624,3.499532138294132,2.876049775031926,0.12483978434117275,2.8637784780492663,2.8883210720145853,0.07903466436203355,0.13411122193170902,0.06585201876779105,0.09221730995627604,0.44
