set,r2_mean,r2_std,r2_ci_lower,r2_ci_upper,rmse_mean,rmse_std,rmse_ci_lower,rmse_ci_upper,mae_mean,mae_std,mae_ci_lower,mae_ci_upper,rho_mean,rho_std,rho_ci_lower,rho_ci_upper,r2_below_zero
TEST,-0.006474086180350702,0.06902013276715599,-0.013258514329102463,0.00031034196840105856,3.4504731984223986,0.2647283834281311,3.42445136067308,3.476495036171717,2.8519434727378927,0.1948314291313539,2.8327922515062625,2.871094693969523,0.06974331503577248,0.20503393605034098,0.04958922446219939,0.08989740560934557,0.5025
