set,r2_mean,r2_std,r2_ci_lower,r2_ci_upper,rmse_mean,rmse_std,rmse_ci_lower,rmse_ci_upper,mae_mean,mae_std,mae_ci_lower,mae_ci_upper,rho_mean,rho_std,rho_ci_lower,rho_ci_upper,r2_below_zero
TEST,-0.013682920069325602,0.07622449088109826,-0.021175510431366774,-0.006190329707284431,2.1773153670665364,0.27366520366768954,2.1504150723748334,2.2042156617582394,1.6998904555976138,0.1895149257056871,1.6812618273261524,1.7185190838690751,0.11321585224749299,0.2018679123739093,0.09337297029217134,0.13305873420281464,0.4875
