set,r2_mean,r2_std,r2_ci_lower,r2_ci_upper,rmse_mean,rmse_std,rmse_ci_lower,rmse_ci_upper,mae_mean,mae_std,mae_ci_lower,mae_ci_upper,rho_mean,rho_std,rho_ci_lower,rho_ci_upper,r2_below_zero
VALIDATION,-0.009611104941459763,0.0743254838851105,-0.01691702981907308,-0.002305180063846446,2.2510164531702554,0.1939050157927849,2.2319562950021052,2.2700766113384057,1.7597216412918564,0.1301641530713459,1.7469269782181873,1.7725163043655254,0.12278498811113384,0.12960484225844562,0.11004530325716391,0.13552467296510376,0.41
