set,r2_mean,r2_std,r2_ci_lower,r2_ci_upper,rmse_mean,rmse_std,rmse_ci_lower,rmse_ci_upper,mae_mean,mae_std,mae_ci_lower,mae_ci_upper,rho_mean,rho_std,rho_ci_lower,rho_ci_upper,r2_below_zero
VALIDATION,-0.013574127287095774,0.028164183880511503,-0.016342564179997396,-0.010805690394194151,2.253583223936723,0.14741885780049824,2.2390924861125487,2.268073961760897,1.7422325916696861,0.0913278114912032,1.7332553997953224,1.7512097835440499,-0.028110853017516653,0.12305062161950343,-0.04020628180860735,-0.016015424226425955,0.76
