set,r2_mean,r2_std,r2_ci_lower,r2_ci_upper,rmse_mean,rmse_std,rmse_ci_lower,rmse_ci_upper,mae_mean,mae_std,mae_ci_lower,mae_ci_upper,rho_mean,rho_std,rho_ci_lower,rho_ci_upper,r2_below_zero
TEST,-0.014041963134390078,0.031192307616907937,-0.017108053582732086,-0.01097587268604807,2.2143601565029916,0.2274208933689133,2.1920055094061586,2.2367148035998246,1.7091723580701688,0.1438860428327701,1.6950288831148195,1.723315833025518,-0.01752508531745028,0.20304513641396205,-0.03748368411645962,0.002433513481559065,0.695
