set,r2_mean,r2_std,r2_ci_lower,r2_ci_upper,rmse_mean,rmse_std,rmse_ci_lower,rmse_ci_upper,mae_mean,mae_std,mae_ci_lower,mae_ci_upper,rho_mean,rho_std,rho_ci_lower,rho_ci_upper,r2_below_zero
VALIDATION,-0.010075716205995172,0.04755208272275899,-0.014749913076123155,-0.00540151933586719,3.462671694551828,0.1704592974849806,3.445916165263367,3.479427223840289,2.863224629064788,0.1228070530698996,2.851153142176702,2.875296115952874,0.06799818547275366,0.1309606686625011,0.05512522781197059,0.08087114313353673,0.42
