set,r2_mean,r2_std,r2_ci_lower,r2_ci_upper,rmse_mean,rmse_std,rmse_ci_lower,rmse_ci_upper,mae_mean,mae_std,mae_ci_lower,mae_ci_upper,rho_mean,rho_std,rho_ci_lower,rho_ci_upper,r2_below_zero
TEST,-0.013608418769194204,0.06838195970119462,-0.020330116825451217,-0.006886720712937191,3.5430397333534285,0.2669051399846626,3.516803928347557,3.5692755383593,2.9344156000095825,0.1953655145368369,2.9152118801241027,2.953619319895062,0.057030734946555646,0.2070738287076916,0.03667613034019085,0.07738533955292044,0.465
