{
  "best_trial_number": 101,
  "best_value_internal_minimized": 2.8266105505482177,
  "best_params": {
    "regressor": "ExtraTreesRegressor",
    "use_scaler": false,
    "et_n_estimators": 475,
    "et_max_depth": 2,
    "et_min_samples_split": 9,
    "et_min_samples_leaf": 5,
    "et_max_features": null,
    "rfe_n_features": 2
  },
  "best_metadata": {
    "regressor": "ExtraTreesRegressor",
    "use_scaler": false,
    "rfe_estimator": {
      "mode": "original",
      "type": "ExtraTreesRegressor"
    },
    "n_candidate_features": 13,
    "rfe_n_features": 2,
    "rfe_selected_features": [
      "nodes_T6W30",
      "density_T6W30"
    ]
  },
  "validation_summary": {
    "n_splits_val": 400,
    "mae_mean_val": 2.826597784882421,
    "mae_std_val": 0.11823478645825519,
    "mae_ci_lower_val": 2.8149757351811378,
    "mae_ci_upper_val": 2.838219834583704,
    "mae_samperror_val": 0.011622049701283027,
    "mae_t_critical_val": 1.9659272959208818,
    "mae_df_val": 399,
    "d2mae_mean_val": -0.0028098043178632006,
    "d2mae_std_val": 0.019438881274898578,
    "d2mae_ci_lower_val": -0.004720575682887622,
    "d2mae_ci_upper_val": -0.0008990329528387794,
    "d2mae_samperror_val": 0.0019107713650244212,
    "d2mae_t_critical_val": 1.9659272959208818,
    "d2mae_df_val": 399,
    "rmse_mean_val": 3.4369884553692405,
    "rmse_std_val": 0.1773609802866059,
    "rmse_ci_lower_val": 3.4195545157504044,
    "rmse_ci_upper_val": 3.4544223949880766,
    "rmse_samperror_val": 0.017433939618836197,
    "rmse_t_critical_val": 1.9659272959208818,
    "rmse_df_val": 399,
    "mape_mean_val": 977749208512756.1,
    "mape_std_val": 559071311383913.06,
    "mape_ci_lower_val": 922794530941960.2,
    "mape_ci_upper_val": 1032703886083552.0,
    "mape_samperror_val": 54954677570795.875,
    "mape_t_critical_val": 1.9659272959208818,
    "mape_df_val": 399,
    "r2_mean_val": 0.006662554389228624,
    "r2_std_val": 0.030804155669585026,
    "r2_ci_lower_val": 0.003634617866296965,
    "r2_ci_upper_val": 0.009690490912160284,
    "r2_samperror_val": 0.0030279365229316595,
    "r2_t_critical_val": 1.9659272959208818,
    "r2_df_val": 399,
    "median_ae_mean_val": 2.547304489049149,
    "median_ae_std_val": 0.17882861293611962,
    "median_ae_ci_lower_val": 2.5297262864760097,
    "median_ae_ci_upper_val": 2.5648826916222887,
    "median_ae_samperror_val": 0.01757820257313938,
    "median_ae_t_critical_val": 1.9659272959208818,
    "median_ae_df_val": 399,
    "max_error_mean_val": 8.31918746356725,
    "max_error_std_val": 1.0585840772060189,
    "max_error_ci_lower_val": 8.215132496946923,
    "max_error_ci_upper_val": 8.423242430187576,
    "max_error_samperror_val": 0.10405496662032652,
    "max_error_t_critical_val": 1.9659272959208818,
    "max_error_df_val": 399,
    "rho_mean_val": 0.14156012266614376,
    "rho_std_val": 0.12204245152361061,
    "rho_ci_lower_val": 0.1295637933305754,
    "rho_ci_upper_val": 0.1535564520017121,
    "rho_samperror_val": 0.011996329335568354,
    "rho_t_critical_val": 1.9659272959208818,
    "rho_df_val": 399,
    "r2_below_zero_val": 0.33
  },
  "test_summary": {
    "n_splits_test": 400,
    "mae_mean_test": 2.8549565468266542,
    "mae_std_test": 0.18704467534405236,
    "mae_ci_lower_test": 2.8365707351858775,
    "mae_ci_upper_test": 2.873342358467431,
    "mae_samperror_test": 0.018385811640776607,
    "mae_t_critical_test": 1.9659272959208818,
    "mae_df_test": 399,
    "d2mae_mean_test": -0.012312685660615129,
    "d2mae_std_test": 0.03352813910556999,
    "d2mae_ci_lower_test": -0.015608379853068748,
    "d2mae_ci_upper_test": -0.00901699146816151,
    "d2mae_samperror_test": 0.003295694192453619,
    "d2mae_t_critical_test": 1.9659272959208818,
    "d2mae_df_test": 399,
    "rmse_mean_test": 3.453536843216292,
    "rmse_std_test": 0.2769253364781725,
    "rmse_ci_lower_test": 3.4263160893205664,
    "rmse_ci_upper_test": 3.4807575971120177,
    "rmse_samperror_test": 0.027220753895725702,
    "rmse_t_critical_test": 1.9659272959208818,
    "rmse_df_test": 399,
    "mape_mean_test": 1041647955853492.1,
    "mape_std_test": 867251876201268.9,
    "mape_ci_lower_test": 956400249060358.5,
    "mape_ci_upper_test": 1126895662646625.8,
    "mape_samperror_test": 85247706793133.6,
    "mape_t_critical_test": 1.9659272959208818,
    "mape_df_test": 399,
    "r2_mean_test": 0.0023305005364258617,
    "r2_std_test": 0.0544008027988314,
    "r2_ci_lower_test": -0.003016900620685726,
    "r2_ci_upper_test": 0.007677901693537449,
    "r2_samperror_test": 0.0053474011571115875,
    "r2_t_critical_test": 1.9659272959208818,
    "r2_df_test": 399,
    "median_ae_mean_test": 2.5735306123788337,
    "median_ae_std_test": 0.23670938257839227,
    "median_ae_ci_lower_test": 2.5502629405582615,
    "median_ae_ci_upper_test": 2.596798284199406,
    "median_ae_samperror_test": 0.02326767182057201,
    "median_ae_t_critical_test": 1.9659272959208818,
    "median_ae_df_test": 399,
    "max_error_mean_test": 7.59671701948642,
    "max_error_std_test": 1.2715206379265334,
    "max_error_ci_lower_test": 7.471731163015095,
    "max_error_ci_upper_test": 7.721702875957746,
    "max_error_samperror_test": 0.12498585647132522,
    "max_error_t_critical_test": 1.9659272959208818,
    "max_error_df_test": 399,
    "rho_mean_test": 0.14762565478700204,
    "rho_std_test": 0.20069003126696067,
    "rho_ci_lower_test": 0.1278985542626554,
    "rho_ci_upper_test": 0.1673527553113487,
    "rho_samperror_test": 0.019727100524346657,
    "rho_t_critical_test": 1.9659272959208818,
    "rho_df_test": 399,
    "r2_below_zero_test": 0.3975
  },
  "selected_features": [
    "nodes_T6W30",
    "density_T6W30"
  ]
}