{
  "best_trial_number": 86,
  "best_value_internal_minimized": 6.455592834037035,
  "best_params": {
    "regressor": "KNeighborsRegressor",
    "knn_n_neighbors": 16,
    "knn_weights": "distance",
    "knn_metric": "manhattan",
    "rfe_proxy_type": "LinearSVR",
    "rfe_proxy_lsvr_C": 3.3404377052706686,
    "rfe_proxy_lsvr_epsilon": 0.34508511525593927,
    "rfe_n_features": 11
  },
  "best_metadata": {
    "regressor": "KNeighborsRegressor",
    "use_scaler": true,
    "rfe_estimator": {
      "mode": "proxy",
      "type": "LinearSVR"
    },
    "n_candidate_features": 13,
    "rfe_n_features": 11,
    "rfe_selected_features": [
      "nodes_T2W20",
      "edges_T2W20",
      "re_T2W20",
      "pe_T2W20",
      "l1_T2W20",
      "l2_T2W20",
      "lcc_T2W20",
      "lsc_T2W20",
      "atd_T2W20",
      "density_T2W20",
      "asp_T2W20"
    ]
  },
  "validation_summary": {
    "n_splits_val": 400,
    "mae_mean_val": 6.477286496526979,
    "mae_std_val": 0.34837652513141576,
    "mae_ci_lower_val": 6.443042350526283,
    "mae_ci_upper_val": 6.511530642527675,
    "mae_samperror_val": 0.03424414600069587,
    "mae_t_critical_val": 1.965927295920882,
    "mae_df_val": 399,
    "d2mae_mean_val": 0.012116703740290603,
    "d2mae_std_val": 0.040128766965729666,
    "d2mae_ci_lower_val": 0.008172191823811795,
    "d2mae_ci_upper_val": 0.01606121565676941,
    "d2mae_samperror_val": 0.003944511916478806,
    "d2mae_t_critical_val": 1.965927295920882,
    "d2mae_df_val": 399,
    "rmse_mean_val": 7.753111559528708,
    "rmse_std_val": 0.39622967722224756,
    "rmse_ci_lower_val": 7.714163622633452,
    "rmse_ci_upper_val": 7.792059496423965,
    "rmse_samperror_val": 0.03894793689525685,
    "rmse_t_critical_val": 1.965927295920882,
    "rmse_df_val": 399,
    "mape_mean_val": 236274884337954.84,
    "mape_std_val": 499052078890941.9,
    "mape_ci_lower_val": 187219879139066.62,
    "mape_ci_upper_val": 285329889536843.06,
    "mape_samperror_val": 49055005198888.2,
    "mape_t_critical_val": 1.965927295920882,
    "mape_df_val": 399,
    "r2_mean_val": -0.008368995159027712,
    "r2_std_val": 0.06784688019896842,
    "r2_ci_lower_val": -0.015038096845339013,
    "r2_ci_upper_val": -0.0016998934727164104,
    "r2_samperror_val": 0.006669101686311301,
    "r2_t_critical_val": 1.965927295920882,
    "r2_df_val": 399,
    "median_ae_mean_val": 6.161411136078352,
    "median_ae_std_val": 0.5438076241146027,
    "median_ae_ci_lower_val": 6.107956823479514,
    "median_ae_ci_upper_val": 6.214865448677191,
    "median_ae_samperror_val": 0.05345431259883901,
    "median_ae_t_critical_val": 1.965927295920882,
    "median_ae_df_val": 399,
    "max_error_mean_val": 17.88610128538526,
    "max_error_std_val": 2.2254668370817967,
    "max_error_ci_lower_val": 17.66734598532597,
    "max_error_ci_upper_val": 18.104856585444548,
    "max_error_samperror_val": 0.21875530005929072,
    "max_error_t_critical_val": 1.965927295920882,
    "max_error_df_val": 399,
    "rho_mean_val": 0.13936898465458966,
    "rho_std_val": 0.12176817689539174,
    "rho_ci_lower_val": 0.127399615517931,
    "rho_ci_upper_val": 0.15133835379124833,
    "rho_samperror_val": 0.011969369136658655,
    "rho_t_critical_val": 1.965927295920882,
    "rho_df_val": 399,
    "r2_below_zero_val": 0.53
  },
  "test_summary": {
    "n_splits_test": 400,
    "mae_mean_test": 6.493418289346173,
    "mae_std_test": 0.551033475055033,
    "mae_ci_lower_test": 6.439253701867331,
    "mae_ci_upper_test": 6.547582876825015,
    "mae_samperror_test": 0.05416458747884138,
    "mae_t_critical_test": 1.965927295920882,
    "mae_df_test": 399,
    "d2mae_mean_test": 0.003576255206841769,
    "d2mae_std_test": 0.06360032111231763,
    "d2mae_ci_lower_test": -0.00267542515836015,
    "d2mae_ci_upper_test": 0.009827935572043688,
    "d2mae_samperror_test": 0.006251680365201919,
    "d2mae_t_critical_test": 1.965927295920882,
    "d2mae_df_test": 399,
    "rmse_mean_test": 7.763478113790966,
    "rmse_std_test": 0.6481718330585313,
    "rmse_ci_lower_test": 7.699765178838124,
    "rmse_ci_upper_test": 7.827191048743808,
    "rmse_samperror_test": 0.063712934952842,
    "rmse_t_critical_test": 1.965927295920882,
    "rmse_df_test": 399,
    "mape_mean_test": 318261006731550.3,
    "mape_std_test": 856361011431552.8,
    "mape_ci_lower_test": 234083832354765.12,
    "mape_ci_upper_test": 402438181108335.5,
    "mape_samperror_test": 84177174376785.2,
    "mape_t_critical_test": 1.965927295920882,
    "mape_df_test": 399,
    "r2_mean_test": -0.02148957659167488,
    "r2_std_test": 0.10966366527268415,
    "r2_ci_lower_test": -0.03226911623818991,
    "r2_ci_upper_test": -0.010710036945159845,
    "r2_samperror_test": 0.010779539646515034,
    "r2_t_critical_test": 1.965927295920882,
    "r2_df_test": 399,
    "median_ae_mean_test": 6.121101338031947,
    "median_ae_std_test": 0.8148876086520074,
    "median_ae_ci_lower_test": 6.041000848384113,
    "median_ae_ci_upper_test": 6.201201827679781,
    "median_ae_samperror_test": 0.08010048964783374,
    "median_ae_t_critical_test": 1.965927295920882,
    "median_ae_df_test": 399,
    "max_error_mean_test": 16.168886534375947,
    "max_error_std_test": 2.5865428640904966,
    "max_error_ci_lower_test": 15.914638773446702,
    "max_error_ci_upper_test": 16.42313429530519,
    "max_error_samperror_test": 0.25424776092924417,
    "max_error_t_critical_test": 1.965927295920882,
    "max_error_df_test": 399,
    "rho_mean_test": 0.11682457859895468,
    "rho_std_test": 0.20237350064024473,
    "rho_ci_lower_test": 0.09693199915496871,
    "rho_ci_upper_test": 0.13671715804294063,
    "rho_samperror_test": 0.019892579443985963,
    "rho_t_critical_test": 1.965927295920882,
    "rho_df_test": 399,
    "r2_below_zero_test": 0.55
  },
  "selected_features": [
    "nodes_T2W20",
    "edges_T2W20",
    "re_T2W20",
    "pe_T2W20",
    "l1_T2W20",
    "l2_T2W20",
    "lcc_T2W20",
    "lsc_T2W20",
    "atd_T2W20",
    "density_T2W20",
    "asp_T2W20"
  ]
}