{
  "best_trial_number": 185,
  "best_value_internal_minimized": 6.446312410215763,
  "best_params": {
    "regressor": "KNeighborsRegressor",
    "knn_n_neighbors": 13,
    "knn_weights": "distance",
    "knn_metric": "euclidean",
    "rfe_proxy_type": "ExtraTrees",
    "rfe_proxy_et_n_estimators": 80,
    "rfe_proxy_et_max_depth": 11,
    "rfe_proxy_et_min_samples_split": 9,
    "rfe_proxy_et_min_samples_leaf": 4,
    "rfe_n_features": 7
  },
  "best_metadata": {
    "regressor": "KNeighborsRegressor",
    "use_scaler": true,
    "rfe_estimator": {
      "mode": "proxy",
      "type": "ExtraTrees"
    },
    "n_candidate_features": 13,
    "rfe_n_features": 7,
    "rfe_selected_features": [
      "pe_T2W20",
      "l1_T2W20",
      "l2_T2W20",
      "l3_T2W20",
      "lcc_T2W20",
      "lsc_T2W20",
      "atd_T2W20"
    ]
  },
  "validation_summary": {
    "n_splits_val": 400,
    "mae_mean_val": 6.441232854631357,
    "mae_std_val": 0.3732998338906723,
    "mae_ci_lower_val": 6.404538837980937,
    "mae_ci_upper_val": 6.4779268712817775,
    "mae_samperror_val": 0.036694016650420186,
    "mae_t_critical_val": 1.965927295920882,
    "mae_df_val": 399,
    "d2mae_mean_val": 0.017605213979514544,
    "d2mae_std_val": 0.04547489937839433,
    "d2mae_ci_lower_val": 0.013135196681152496,
    "d2mae_ci_upper_val": 0.02207523127787659,
    "d2mae_samperror_val": 0.004470017298362048,
    "d2mae_t_critical_val": 1.965927295920882,
    "d2mae_df_val": 399,
    "rmse_mean_val": 7.700542560622292,
    "rmse_std_val": 0.4355396475408697,
    "rmse_ci_lower_val": 7.657730596544474,
    "rmse_ci_upper_val": 7.74335452470011,
    "rmse_samperror_val": 0.0428119640778178,
    "rmse_t_critical_val": 1.965927295920882,
    "rmse_df_val": 399,
    "mape_mean_val": 208643392304015.6,
    "mape_std_val": 443676703770137.8,
    "mape_ci_lower_val": 165031585178719.75,
    "mape_ci_upper_val": 252255199429311.44,
    "mape_samperror_val": 43611807125295.86,
    "mape_t_critical_val": 1.965927295920882,
    "mape_df_val": 399,
    "r2_mean_val": 0.004584867585767316,
    "r2_std_val": 0.08392593123216491,
    "r2_ci_lower_val": -0.0036647463664772773,
    "r2_ci_upper_val": 0.01283448153801191,
    "r2_samperror_val": 0.008249613952244593,
    "r2_t_critical_val": 1.965927295920882,
    "r2_df_val": 399,
    "median_ae_mean_val": 6.062781525348221,
    "median_ae_std_val": 0.5713264617708471,
    "median_ae_ci_lower_val": 6.006622211044361,
    "median_ae_ci_upper_val": 6.1189408396520815,
    "median_ae_samperror_val": 0.05615931430386033,
    "median_ae_t_critical_val": 1.965927295920882,
    "median_ae_df_val": 399,
    "max_error_mean_val": 17.82305558186197,
    "max_error_std_val": 2.269078056731874,
    "max_error_ci_lower_val": 17.600013457446753,
    "max_error_ci_upper_val": 18.046097706277184,
    "max_error_samperror_val": 0.22304212441521512,
    "max_error_t_critical_val": 1.965927295920882,
    "max_error_df_val": 399,
    "rho_mean_val": 0.18027643598154697,
    "rho_std_val": 0.12637039853298362,
    "rho_ci_lower_val": 0.16785468518792734,
    "rho_ci_upper_val": 0.1926981867751666,
    "rho_samperror_val": 0.012421750793619634,
    "rho_t_critical_val": 1.965927295920882,
    "rho_df_val": 399,
    "r2_below_zero_val": 0.4675
  },
  "test_summary": {
    "n_splits_test": 400,
    "mae_mean_test": 6.434652726328201,
    "mae_std_test": 0.5673317946480351,
    "mae_ci_lower_test": 6.378886073281083,
    "mae_ci_upper_test": 6.490419379375319,
    "mae_samperror_test": 0.055766653047117636,
    "mae_t_critical_test": 1.965927295920882,
    "mae_df_test": 399,
    "d2mae_mean_test": 0.012494030612008404,
    "d2mae_std_test": 0.06860311902734699,
    "d2mae_ci_lower_test": 0.00575059339794987,
    "d2mae_ci_upper_test": 0.019237467826066938,
    "d2mae_samperror_test": 0.006743437214058534,
    "d2mae_t_critical_test": 1.965927295920882,
    "d2mae_df_test": 399,
    "rmse_mean_test": 7.661668204998567,
    "rmse_std_test": 0.6618969847860183,
    "rmse_ci_lower_test": 7.596606137524639,
    "rmse_ci_upper_test": 7.726730272472495,
    "rmse_samperror_test": 0.0650620674739281,
    "rmse_t_critical_test": 1.965927295920882,
    "rmse_df_test": 399,
    "mape_mean_test": 276510664081534.38,
    "mape_std_test": 751175594326960.5,
    "mape_ci_lower_test": 202672833835686.25,
    "mape_ci_upper_test": 350348494327382.5,
    "mape_samperror_test": 73837830245848.14,
    "mape_t_critical_test": 1.965927295920882,
    "mape_df_test": 399,
    "r2_mean_test": 0.0033899211091754766,
    "r2_std_test": 0.12746428430546444,
    "r2_ci_lower_test": -0.009139354679381135,
    "r2_ci_upper_test": 0.015919196897732087,
    "r2_samperror_test": 0.012529275788556612,
    "r2_t_critical_test": 1.965927295920882,
    "r2_df_test": 399,
    "median_ae_mean_test": 6.033793475281474,
    "median_ae_std_test": 0.8300843814939668,
    "median_ae_ci_lower_test": 5.952199198106644,
    "median_ae_ci_upper_test": 6.115387752456304,
    "median_ae_samperror_test": 0.0815942771748296,
    "median_ae_t_critical_test": 1.965927295920882,
    "median_ae_df_test": 399,
    "max_error_mean_test": 15.960117489663126,
    "max_error_std_test": 2.60091649407522,
    "max_error_ci_lower_test": 15.70445685315746,
    "max_error_ci_upper_test": 16.215778126168793,
    "max_error_samperror_test": 0.2556606365056659,
    "max_error_t_critical_test": 1.965927295920882,
    "max_error_df_test": 399,
    "rho_mean_test": 0.17738855251173802,
    "rho_std_test": 0.19794784395872728,
    "rho_ci_lower_test": 0.15793099903138055,
    "rho_ci_upper_test": 0.19684610599209548,
    "rho_samperror_test": 0.019457553480357468,
    "rho_t_critical_test": 1.965927295920882,
    "rho_df_test": 399,
    "r2_below_zero_test": 0.45
  },
  "selected_features": [
    "pe_T2W20",
    "l1_T2W20",
    "l2_T2W20",
    "l3_T2W20",
    "lcc_T2W20",
    "lsc_T2W20",
    "atd_T2W20"
  ]
}