{
  "best_trial_number": 514,
  "best_value_internal_minimized": 6.412298583727507,
  "best_params": {
    "regressor": "KNeighborsRegressor",
    "knn_n_neighbors": 19,
    "knn_weights": "distance",
    "knn_metric": "euclidean",
    "rfe_proxy_type": "LinearSVR",
    "rfe_proxy_lsvr_C": 2.1593885343486883,
    "rfe_proxy_lsvr_epsilon": 0.04444694655044592,
    "rfe_n_features": 7
  },
  "best_metadata": {
    "regressor": "KNeighborsRegressor",
    "use_scaler": true,
    "rfe_estimator": {
      "mode": "proxy",
      "type": "LinearSVR"
    },
    "n_candidate_features": 13,
    "rfe_n_features": 7,
    "rfe_selected_features": [
      "nodes_T2W20",
      "l1_T2W20",
      "l2_T2W20",
      "lcc_T2W20",
      "lsc_T2W20",
      "density_T2W20",
      "diameter_T2W20"
    ]
  },
  "validation_summary": {
    "n_splits_val": 400,
    "mae_mean_val": 6.421607843666402,
    "mae_std_val": 0.32859538934671684,
    "mae_ci_lower_val": 6.38930811140488,
    "mae_ci_upper_val": 6.453907575927925,
    "mae_samperror_val": 0.032299732261523016,
    "mae_t_critical_val": 1.965927295920882,
    "mae_df_val": 399,
    "d2mae_mean_val": 0.020597737950557988,
    "d2mae_std_val": 0.03663845893014695,
    "d2mae_ci_lower_val": 0.016996310625995385,
    "d2mae_ci_upper_val": 0.02419916527512059,
    "d2mae_samperror_val": 0.003601427324562604,
    "d2mae_t_critical_val": 1.965927295920882,
    "d2mae_df_val": 399,
    "rmse_mean_val": 7.663607119862808,
    "rmse_std_val": 0.38964731527787866,
    "rmse_ci_lower_val": 7.625306205218455,
    "rmse_ci_upper_val": 7.701908034507162,
    "rmse_samperror_val": 0.03830091464435357,
    "rmse_t_critical_val": 1.965927295920882,
    "rmse_df_val": 399,
    "mape_mean_val": 234824830753477.75,
    "mape_std_val": 495325433638853.3,
    "mape_ci_lower_val": 186136141235754.3,
    "mape_ci_upper_val": 283513520271201.2,
    "mape_samperror_val": 48688689517723.45,
    "mape_t_critical_val": 1.965927295920882,
    "mape_df_val": 399,
    "r2_mean_val": 0.014853783827519462,
    "r2_std_val": 0.06482910348478514,
    "r2_ci_lower_val": 0.008481318621978528,
    "r2_ci_upper_val": 0.021226249033060397,
    "r2_samperror_val": 0.006372465205540934,
    "r2_t_critical_val": 1.965927295920882,
    "r2_df_val": 399,
    "median_ae_mean_val": 6.04626738332593,
    "median_ae_std_val": 0.5007993862233123,
    "median_ae_ci_lower_val": 5.997040624168089,
    "median_ae_ci_upper_val": 6.095494142483772,
    "median_ae_samperror_val": 0.04922675915784169,
    "median_ae_t_critical_val": 1.965927295920882,
    "median_ae_df_val": 399,
    "max_error_mean_val": 17.870500604214584,
    "max_error_std_val": 1.9344109402576846,
    "max_error_ci_lower_val": 17.680355040765555,
    "max_error_ci_upper_val": 18.060646167663613,
    "max_error_samperror_val": 0.19014556344902803,
    "max_error_t_critical_val": 1.965927295920882,
    "max_error_df_val": 399,
    "rho_mean_val": 0.18299011871923326,
    "rho_std_val": 0.12505521051893811,
    "rho_ci_lower_val": 0.17069764612641763,
    "rho_ci_upper_val": 0.1952825913120489,
    "rho_samperror_val": 0.012292472592815632,
    "rho_t_critical_val": 1.965927295920882,
    "rho_df_val": 399,
    "r2_below_zero_val": 0.3725
  },
  "test_summary": {
    "n_splits_test": 400,
    "mae_mean_test": 6.446783146471585,
    "mae_std_test": 0.5116769216113797,
    "mae_ci_lower_test": 6.396487165127156,
    "mae_ci_upper_test": 6.497079127816014,
    "mae_samperror_test": 0.05029598134442904,
    "mae_t_critical_test": 1.965927295920882,
    "mae_df_test": 399,
    "d2mae_mean_test": 0.010525979723004548,
    "d2mae_std_test": 0.05883035361636615,
    "d2mae_ci_lower_test": 0.004743169822849949,
    "d2mae_ci_upper_test": 0.016308789623159146,
    "d2mae_samperror_test": 0.005782809900154599,
    "d2mae_t_critical_test": 1.965927295920882,
    "d2mae_df_test": 399,
    "rmse_mean_test": 7.6652820556802315,
    "rmse_std_test": 0.6228232762080104,
    "rmse_ci_lower_test": 7.604060791718622,
    "rmse_ci_upper_test": 7.726503319641841,
    "rmse_samperror_test": 0.06122126396160992,
    "rmse_t_critical_test": 1.965927295920882,
    "rmse_df_test": 399,
    "mape_mean_test": 316859255043858.1,
    "mape_std_test": 851730341893916.1,
    "mape_ci_lower_test": 233137258649194.38,
    "mape_ci_upper_test": 400581251438521.9,
    "mape_samperror_test": 83721996394663.73,
    "mape_t_critical_test": 1.965927295920882,
    "mape_df_test": 399,
    "r2_mean_test": 0.004117961579616323,
    "r2_std_test": 0.10420537775465634,
    "r2_ci_lower_test": -0.006125048245864955,
    "r2_ci_upper_test": 0.014360971405097601,
    "r2_samperror_test": 0.010243009825481278,
    "r2_t_critical_test": 1.965927295920882,
    "r2_df_test": 399,
    "median_ae_mean_test": 6.066633328474986,
    "median_ae_std_test": 0.7027771356930627,
    "median_ae_ci_lower_test": 5.997552890774582,
    "median_ae_ci_upper_test": 6.135713766175391,
    "median_ae_samperror_test": 0.06908043770040427,
    "median_ae_t_critical_test": 1.965927295920882,
    "median_ae_df_test": 399,
    "max_error_mean_test": 16.14710686666309,
    "max_error_std_test": 2.58569114730134,
    "max_error_ci_lower_test": 15.892942826398055,
    "max_error_ci_upper_test": 16.401270906928126,
    "max_error_samperror_test": 0.2541640402650343,
    "max_error_t_critical_test": 1.965927295920882,
    "max_error_df_test": 399,
    "rho_mean_test": 0.16334513993898092,
    "rho_std_test": 0.2030994987764116,
    "rho_ci_lower_test": 0.14338119751736106,
    "rho_ci_upper_test": 0.18330908236060078,
    "rho_samperror_test": 0.019963942421619866,
    "rho_t_critical_test": 1.965927295920882,
    "rho_df_test": 399,
    "r2_below_zero_test": 0.4475
  },
  "selected_features": [
    "nodes_T2W20",
    "l1_T2W20",
    "l2_T2W20",
    "lcc_T2W20",
    "lsc_T2W20",
    "density_T2W20",
    "diameter_T2W20"
  ]
}