{
  "mean_abs_shap": {
    "nodes_T2W20": 0.8936490049924576,
    "edges_T2W20": 0.36294534414767193,
    "re_T2W20": 0.6525332626433339,
    "pe_T2W20": 0.7296798621499948,
    "l1_T2W20": 0.6328511342992009,
    "l2_T2W20": 0.6624751420977296,
    "lcc_T2W20": 0.8982570740825113,
    "lsc_T2W20": 1.0995277029884762,
    "atd_T2W20": 0.4002143843249432,
    "density_T2W20": 0.012376028459791336,
    "asp_T2W20": 0.6664246150656633
  },
  "mean_shap": {
    "nodes_T2W20": -0.07263940867796859,
    "edges_T2W20": -0.07107121986312426,
    "re_T2W20": -0.10902915642203363,
    "pe_T2W20": -0.14777517110708582,
    "l1_T2W20": -0.07041919534406063,
    "l2_T2W20": -0.13576982366167062,
    "lcc_T2W20": -0.03199854507848328,
    "lsc_T2W20": -0.04641924626015384,
    "atd_T2W20": -0.059110166108959576,
    "density_T2W20": -0.00044287432942012643,
    "asp_T2W20": -0.04443911719767516
  },
  "regressor": "KNeighborsRegressor",
  "n_subjects": 237,
  "n_features": 11
}