{
  "mean_abs_shap": {
    "pe_T2W20": 1.0002799614937858,
    "l1_T2W20": 0.8751022041851122,
    "l2_T2W20": 0.8797184227148211,
    "l3_T2W20": 0.9815909634668376,
    "lcc_T2W20": 1.374076501142655,
    "lsc_T2W20": 1.351164814989186,
    "atd_T2W20": 0.6515493161663973
  },
  "mean_shap": {
    "pe_T2W20": -0.22966486386258853,
    "l1_T2W20": -0.11981748619127276,
    "l2_T2W20": -0.17486221565231913,
    "l3_T2W20": -0.11122383065809317,
    "lcc_T2W20": 0.04560903103679434,
    "lsc_T2W20": -0.10499345372455982,
    "atd_T2W20": -0.09416110499859648
  },
  "regressor": "KNeighborsRegressor",
  "n_subjects": 237,
  "n_features": 7
}