set,r2_mean,r2_std,r2_ci_lower,r2_ci_upper,rmse_mean,rmse_std,rmse_ci_lower,rmse_ci_upper,mae_mean,mae_std,mae_ci_lower,mae_ci_upper,rho_mean,rho_std,rho_ci_lower,rho_ci_upper,r2_below_zero
TEST,-0.009443653542343822,0.058558106278441845,-0.015199702518855062,-0.0036876045658325836,2.2089505097907196,0.23336199139969843,2.1860118743545636,2.2318891452268756,1.7117615985709609,0.1497775822707856,1.6970390067058023,1.7264841904361194,0.07880588863046427,0.19818074409874287,0.05932544191298278,0.09828633534794576,0.5
