set,r2_mean,r2_std,r2_ci_lower,r2_ci_upper,rmse_mean,rmse_std,rmse_ci_lower,rmse_ci_upper,mae_mean,mae_std,mae_ci_lower,mae_ci_upper,rho_mean,rho_std,rho_ci_lower,rho_ci_upper,r2_below_zero
VALIDATION,-0.006213060051122959,0.02601404875523908,-0.008770146477390016,-0.0036559736248559013,2.245475492954688,0.1473664293212694,2.230989908659434,2.259961077249942,1.7427280738913218,0.09207616165496058,1.7336773219162662,1.7517788258663773,0.0760971282938247,0.1207540565498023,0.06422744350060319,0.08796681308704621,0.52
