{
  "best_trial_number": 112,
  "best_value_internal_minimized": 2.7254549937187282,
  "best_params": {
    "regressor": "QuantileRegressor",
    "use_scaler": true,
    "quantile_alpha": 0.00017329848214697348,
    "rfe_n_features": 6
  },
  "best_metadata": {
    "regressor": "QuantileRegressor",
    "use_scaler": true,
    "rfe_estimator": {
      "mode": "original",
      "type": "QuantileRegressor"
    },
    "n_candidate_features": 9,
    "rfe_n_features": 6,
    "rfe_selected_features": [
      "z_re_T6W50",
      "z_l1_T6W50",
      "z_l2_T6W50",
      "z_l3_T6W50",
      "z_diameter_T6W50",
      "z_asp_T6W50"
    ]
  },
  "validation_summary": {
    "n_splits_val": 400,
    "mae_mean_val": 2.715895002838723,
    "mae_std_val": 0.20150342269218058,
    "mae_ci_lower_val": 2.696087948894121,
    "mae_ci_upper_val": 2.7357020567833255,
    "mae_samperror_val": 0.019807053944602054,
    "mae_t_critical_val": 1.965927295920882,
    "mae_df_val": 399,
    "d2mae_mean_val": 0.036617887868665114,
    "d2mae_std_val": 0.05950737999528587,
    "d2mae_ci_lower_val": 0.030768528736591676,
    "d2mae_ci_upper_val": 0.04246724700073855,
    "d2mae_samperror_val": 0.0058493591320734365,
    "d2mae_t_critical_val": 1.965927295920882,
    "d2mae_df_val": 399,
    "rmse_mean_val": 3.506843876809075,
    "rmse_std_val": 0.2728024944000478,
    "rmse_ci_lower_val": 3.4800283833022574,
    "rmse_ci_upper_val": 3.5336593703158927,
    "rmse_samperror_val": 0.026815493506817875,
    "rmse_t_critical_val": 1.965927295920882,
    "rmse_df_val": 399,
    "mape_mean_val": 903798810905211.4,
    "mape_std_val": 541839594870501.06,
    "mape_ci_lower_val": 850537948426879.9,
    "mape_ci_upper_val": 957059673383542.9,
    "mape_samperror_val": 53260862478331.52,
    "mape_t_critical_val": 1.965927295920882,
    "mape_df_val": 399,
    "r2_mean_val": -0.037214879264901475,
    "r2_std_val": 0.1217599729348442,
    "r2_ci_lower_val": -0.04918344198206138,
    "r2_ci_upper_val": -0.025246316547741572,
    "r2_samperror_val": 0.011968562717159901,
    "r2_t_critical_val": 1.965927295920882,
    "r2_df_val": 399,
    "median_ae_mean_val": 2.2188490747432428,
    "median_ae_std_val": 0.2648523148206258,
    "median_ae_ci_lower_val": 2.1928150549885577,
    "median_ae_ci_upper_val": 2.244883094497928,
    "median_ae_samperror_val": 0.026034019754684952,
    "median_ae_t_critical_val": 1.965927295920882,
    "median_ae_df_val": 399,
    "max_error_mean_val": 9.441478766356285,
    "max_error_std_val": 1.299635483463007,
    "max_error_ci_lower_val": 9.313729322771922,
    "max_error_ci_upper_val": 9.569228209940649,
    "max_error_samperror_val": 0.12774944358436288,
    "max_error_t_critical_val": 1.965927295920882,
    "max_error_df_val": 399,
    "rho_mean_val": 0.21161699802989695,
    "rho_std_val": 0.13085149271915086,
    "rho_ci_lower_val": 0.19875477196746838,
    "rho_ci_upper_val": 0.2244792240923255,
    "rho_samperror_val": 0.012862226062428561,
    "rho_t_critical_val": 1.965927295920882,
    "rho_df_val": 399,
    "r2_below_zero_val": 0.6075
  },
  "test_summary": {
    "n_splits_test": 400,
    "mae_mean_test": 2.7196147207220154,
    "mae_std_test": 0.30754945324430827,
    "mae_ci_lower_test": 2.6893837274730887,
    "mae_ci_upper_test": 2.749845713970942,
    "mae_samperror_test": 0.030230993248926436,
    "mae_t_critical_test": 1.965927295920882,
    "mae_df_test": 399,
    "d2mae_mean_test": 0.036169233502417956,
    "d2mae_std_test": 0.08948988117274058,
    "d2mae_ci_lower_test": 0.02737270349710761,
    "d2mae_ci_upper_test": 0.0449657635077283,
    "d2mae_samperror_test": 0.008796530005310346,
    "d2mae_t_critical_test": 1.965927295920882,
    "d2mae_df_test": 399,
    "rmse_mean_test": 3.500150420616043,
    "rmse_std_test": 0.4172399065090893,
    "rmse_ci_lower_test": 3.459137254558358,
    "rmse_ci_upper_test": 3.541163586673728,
    "rmse_samperror_test": 0.04101316605768478,
    "rmse_t_critical_test": 1.965927295920882,
    "rmse_df_test": 399,
    "mape_mean_test": 950393430016877.2,
    "mape_std_test": 823904023192174.1,
    "mape_ci_lower_test": 869406659596251.0,
    "mape_ci_upper_test": 1031380200437503.5,
    "mape_samperror_test": 80986770420626.31,
    "mape_t_critical_test": 1.965927295920882,
    "mape_df_test": 399,
    "r2_mean_test": -0.030197207638362648,
    "r2_std_test": 0.17724571986968607,
    "r2_ci_lower_test": -0.047619817577210746,
    "r2_ci_upper_test": -0.012774597699514546,
    "r2_samperror_test": 0.017422609938848102,
    "r2_t_critical_test": 1.965927295920882,
    "r2_df_test": 399,
    "median_ae_mean_test": 2.2046531629375403,
    "median_ae_std_test": 0.3843980904035275,
    "median_ae_ci_lower_test": 2.1668682280163325,
    "median_ae_ci_upper_test": 2.242438097858748,
    "median_ae_samperror_test": 0.03778493492120788,
    "median_ae_t_critical_test": 1.965927295920882,
    "median_ae_df_test": 399,
    "max_error_mean_test": 8.469239509596749,
    "max_error_std_test": 1.5786571211996476,
    "max_error_ci_lower_test": 8.314063253323436,
    "max_error_ci_upper_test": 8.624415765870062,
    "max_error_samperror_test": 0.15517625627331336,
    "max_error_t_critical_test": 1.965927295920882,
    "max_error_df_test": 399,
    "rho_mean_test": 0.20741495327150145,
    "rho_std_test": 0.2041702245398098,
    "rho_ci_lower_test": 0.18734576239964607,
    "rho_ci_upper_test": 0.22748414414335683,
    "rho_samperror_test": 0.020069190871855377,
    "rho_t_critical_test": 1.965927295920882,
    "rho_df_test": 399,
    "r2_below_zero_test": 0.52
  },
  "selected_features": [
    "z_re_T6W50",
    "z_l1_T6W50",
    "z_l2_T6W50",
    "z_l3_T6W50",
    "z_diameter_T6W50",
    "z_asp_T6W50"
  ]
}