{
  "best_trial_number": 69,
  "best_value_internal_minimized": 2.733743607857799,
  "best_params": {
    "regressor": "QuantileRegressor",
    "use_scaler": true,
    "quantile_alpha": 0.0013154915843893178,
    "rfe_n_features": 6
  },
  "best_metadata": {
    "regressor": "QuantileRegressor",
    "use_scaler": true,
    "rfe_estimator": {
      "mode": "original",
      "type": "QuantileRegressor"
    },
    "n_candidate_features": 9,
    "rfe_n_features": 6,
    "rfe_selected_features": [
      "z_re_T6W50",
      "z_l1_T6W50",
      "z_l2_T6W50",
      "z_l3_T6W50",
      "z_diameter_T6W50",
      "z_asp_T6W50"
    ]
  },
  "validation_summary": {
    "n_splits_val": 400,
    "mae_mean_val": 2.7255390128925696,
    "mae_std_val": 0.1916419645709547,
    "mae_ci_lower_val": 2.7067013044328725,
    "mae_ci_upper_val": 2.7443767213522667,
    "mae_samperror_val": 0.018837708459697122,
    "mae_t_critical_val": 1.965927295920882,
    "mae_df_val": 399,
    "d2mae_mean_val": 0.0331778042073288,
    "d2mae_std_val": 0.055525985745041785,
    "d2mae_ci_lower_val": 0.027719801656874227,
    "d2mae_ci_upper_val": 0.03863580675778337,
    "d2mae_samperror_val": 0.005458002550454572,
    "d2mae_t_critical_val": 1.965927295920882,
    "d2mae_df_val": 399,
    "rmse_mean_val": 3.502573986363361,
    "rmse_std_val": 0.26419409363557445,
    "rmse_ci_lower_val": 3.4766046673583983,
    "rmse_ci_upper_val": 3.528543305368324,
    "rmse_samperror_val": 0.02596931900496266,
    "rmse_t_critical_val": 1.965927295920882,
    "rmse_df_val": 399,
    "mape_mean_val": 914209376015602.8,
    "mape_std_val": 540563831874713.0,
    "mape_ci_lower_val": 861073916402098.5,
    "mape_ci_upper_val": 967344835629107.0,
    "mape_samperror_val": 53135459613504.234,
    "mape_t_critical_val": 1.965927295920882,
    "mape_df_val": 399,
    "r2_mean_val": -0.0342562389330265,
    "r2_std_val": 0.1144210006309539,
    "r2_ci_lower_val": -0.04550340735137513,
    "r2_ci_upper_val": -0.023009070514677862,
    "r2_samperror_val": 0.011247168418348637,
    "r2_t_critical_val": 1.965927295920882,
    "r2_df_val": 399,
    "median_ae_mean_val": 2.2417425433171974,
    "median_ae_std_val": 0.2558161998837741,
    "median_ae_ci_lower_val": 2.216596740812684,
    "median_ae_ci_upper_val": 2.2668883458217106,
    "median_ae_samperror_val": 0.02514580250451319,
    "median_ae_t_critical_val": 1.965927295920882,
    "median_ae_df_val": 399,
    "max_error_mean_val": 9.401448441581204,
    "max_error_std_val": 1.28250107789576,
    "max_error_ci_lower_val": 9.275383247777043,
    "max_error_ci_upper_val": 9.527513635385365,
    "max_error_samperror_val": 0.1260651938041614,
    "max_error_t_critical_val": 1.965927295920882,
    "max_error_df_val": 399,
    "rho_mean_val": 0.20253563881441594,
    "rho_std_val": 0.12948224733525615,
    "rho_ci_lower_val": 0.189808004595738,
    "rho_ci_upper_val": 0.2152632730330939,
    "rho_samperror_val": 0.012727634218677947,
    "rho_t_critical_val": 1.965927295920882,
    "rho_df_val": 399,
    "r2_below_zero_val": 0.6075
  },
  "test_summary": {
    "n_splits_test": 400,
    "mae_mean_test": 2.7279988390789867,
    "mae_std_test": 0.29889444818257255,
    "mae_ci_lower_test": 2.6986186013649203,
    "mae_ci_upper_test": 2.757379076793053,
    "mae_samperror_test": 0.029380237714066452,
    "mae_t_critical_test": 1.965927295920882,
    "mae_df_test": 399,
    "d2mae_mean_test": 0.033215556486351556,
    "d2mae_std_test": 0.08554727091200946,
    "d2mae_ci_lower_test": 0.02480657073747866,
    "d2mae_ci_upper_test": 0.04162454223522445,
    "d2mae_samperror_test": 0.008408985748872893,
    "d2mae_t_critical_test": 1.965927295920882,
    "d2mae_df_test": 399,
    "rmse_mean_test": 3.4956932493105852,
    "rmse_std_test": 0.4114544082043918,
    "rmse_ci_lower_test": 3.455248776704786,
    "rmse_ci_upper_test": 3.5361377219163845,
    "rmse_samperror_test": 0.040444472605799336,
    "rmse_t_critical_test": 1.965927295920882,
    "rmse_df_test": 399,
    "mape_mean_test": 961641616259395.9,
    "mape_std_test": 825065398879142.9,
    "mape_ci_lower_test": 880540686830578.0,
    "mape_ci_upper_test": 1042742545688213.8,
    "mape_samperror_test": 81100929428817.86,
    "mape_t_critical_test": 1.965927295920882,
    "mape_df_test": 399,
    "r2_mean_test": -0.026804690716944204,
    "r2_std_test": 0.17005964630966025,
    "r2_ci_lower_test": -0.0435209357476848,
    "r2_ci_upper_test": -0.010088445686203606,
    "r2_samperror_test": 0.0167162450307406,
    "r2_t_critical_test": 1.965927295920882,
    "r2_df_test": 399,
    "median_ae_mean_test": 2.2266612890242152,
    "median_ae_std_test": 0.3673328644386485,
    "median_ae_ci_lower_test": 2.190553803779778,
    "median_ae_ci_upper_test": 2.2627687742686526,
    "median_ae_samperror_test": 0.03610748524443721,
    "median_ae_t_critical_test": 1.965927295920882,
    "median_ae_df_test": 399,
    "max_error_mean_test": 8.43757441725633,
    "max_error_std_test": 1.5780008367671217,
    "max_error_ci_lower_test": 8.282462671357006,
    "max_error_ci_upper_test": 8.592686163155655,
    "max_error_samperror_test": 0.15511174589932383,
    "max_error_t_critical_test": 1.965927295920882,
    "max_error_df_test": 399,
    "rho_mean_test": 0.20028591612117042,
    "rho_std_test": 0.20370822833107893,
    "rho_ci_lower_test": 0.18026213779718284,
    "rho_ci_upper_test": 0.220309694445158,
    "rho_samperror_test": 0.02002377832398758,
    "rho_t_critical_test": 1.965927295920882,
    "rho_df_test": 399,
    "r2_below_zero_test": 0.525
  },
  "selected_features": [
    "z_re_T6W50",
    "z_l1_T6W50",
    "z_l2_T6W50",
    "z_l3_T6W50",
    "z_diameter_T6W50",
    "z_asp_T6W50"
  ]
}