{
  "mean_abs_shap": {
    "z_re_T6W50": 1.3979424521868515,
    "z_l1_T6W50": 1.3120161812506221,
    "z_l2_T6W50": 0.8660942283243466,
    "z_l3_T6W50": 0.5902464320989566,
    "z_diameter_T6W50": 1.4824234164539947,
    "z_asp_T6W50": 3.492439409997113
  },
  "mean_shap": {
    "z_re_T6W50": -0.15987250909714415,
    "z_l1_T6W50": -0.1620897333585122,
    "z_l2_T6W50": 0.1563659964780479,
    "z_l3_T6W50": 0.17489876216700462,
    "z_diameter_T6W50": 0.1909527315960103,
    "z_asp_T6W50": -0.3709735213986228
  },
  "regressor": "QuantileRegressor",
  "n_subjects": 252,
  "n_features": 6
}