set,r2_mean,r2_std,r2_ci_lower,r2_ci_upper,rmse_mean,rmse_std,rmse_ci_lower,rmse_ci_upper,mae_mean,mae_std,mae_ci_lower,mae_ci_upper,rho_mean,rho_std,rho_ci_lower,rho_ci_upper,r2_below_zero
TEST,-0.016923985714379045,0.07030934570107153,-0.023835138807982745,-0.010012832620775344,1.3524036500320815,0.12232837313671131,1.3403792156413288,1.3644280844228343,1.0449810211008521,0.0888081919689867,1.0362514986661915,1.0537105435355127,0.10418075841735615,0.1757941721051294,0.08690083034709178,0.12146068648762051,0.495
