set,r2_mean,r2_std,r2_ci_lower,r2_ci_upper,rmse_mean,rmse_std,rmse_ci_lower,rmse_ci_upper,mae_mean,mae_std,mae_ci_lower,mae_ci_upper,rho_mean,rho_std,rho_ci_lower,rho_ci_upper,r2_below_zero
VALIDATION,-0.011075026106350711,0.044164885556526985,-0.015416273808190627,-0.006733778404510796,1.3959973895054238,0.07721483511144192,1.388407451905643,1.4035873271052046,1.0878311472469138,0.059485098048781,1.0819839783491823,1.0936783161446453,0.1099286326756241,0.12535353843032337,0.0976068355336021,0.1222504298176461,0.455
