{
  "best_trial_number": 198,
  "best_value_internal_minimized": 6.463950845340985,
  "best_params": {
    "regressor": "ElasticNet",
    "use_scaler": true,
    "elastic_alpha": 0.02854162178907665,
    "elastic_l1_ratio": 0.9271106288584273,
    "rfe_n_features": 2
  },
  "best_metadata": {
    "regressor": "ElasticNet",
    "use_scaler": true,
    "rfe_estimator": {
      "mode": "original",
      "type": "ElasticNet"
    },
    "n_candidate_features": 9,
    "rfe_n_features": 2,
    "rfe_selected_features": [
      "z_pe_T2W10",
      "z_l3_T2W10"
    ]
  },
  "validation_summary": {
    "n_splits_val": 400,
    "mae_mean_val": 6.4559399977188185,
    "mae_std_val": 0.31621050322281463,
    "mae_ci_lower_val": 6.424857654741688,
    "mae_ci_upper_val": 6.487022340695949,
    "mae_samperror_val": 0.031082342977130466,
    "mae_t_critical_val": 1.965927295920882,
    "mae_df_val": 399,
    "d2mae_mean_val": 0.012930842852540933,
    "d2mae_std_val": 0.030136679484672486,
    "d2mae_ci_lower_val": 0.00996851681217411,
    "d2mae_ci_upper_val": 0.015893168892907757,
    "d2mae_samperror_val": 0.002962326040366825,
    "d2mae_t_critical_val": 1.965927295920882,
    "d2mae_df_val": 399,
    "rmse_mean_val": 7.625871290943264,
    "rmse_std_val": 0.3753988025855653,
    "rmse_ci_lower_val": 7.588970953300315,
    "rmse_ci_upper_val": 7.6627716285862135,
    "rmse_samperror_val": 0.036900337642948866,
    "rmse_t_critical_val": 1.965927295920882,
    "rmse_df_val": 399,
    "mape_mean_val": 262174571681523.7,
    "mape_std_val": 542088372008734.56,
    "mape_ci_lower_val": 208889255314859.44,
    "mape_ci_upper_val": 315459888048187.94,
    "mape_samperror_val": 53285316366664.234,
    "mape_t_critical_val": 1.965927295920882,
    "mape_df_val": 399,
    "r2_mean_val": 0.026527541551470368,
    "r2_std_val": 0.05395731487111678,
    "r2_ci_lower_val": 0.021223733645484057,
    "r2_ci_upper_val": 0.03183134945745668,
    "r2_samperror_val": 0.00530380790598631,
    "r2_t_critical_val": 1.965927295920882,
    "r2_df_val": 399,
    "median_ae_mean_val": 6.0912291431149495,
    "median_ae_std_val": 0.3913546213850051,
    "median_ae_ci_lower_val": 6.052760406486671,
    "median_ae_ci_upper_val": 6.129697879743228,
    "median_ae_samperror_val": 0.03846873662827818,
    "median_ae_t_critical_val": 1.965927295920882,
    "median_ae_df_val": 399,
    "max_error_mean_val": 16.53322434057671,
    "max_error_std_val": 1.625638169806554,
    "max_error_ci_lower_val": 16.37343001801103,
    "max_error_ci_upper_val": 16.693018663142386,
    "max_error_samperror_val": 0.15979432256567852,
    "max_error_t_critical_val": 1.965927295920882,
    "max_error_df_val": 399,
    "rho_mean_val": 0.15094666426881265,
    "rho_std_val": 0.12493242719100911,
    "rho_ci_lower_val": 0.13866626083079,
    "rho_ci_upper_val": 0.1632270677068353,
    "rho_samperror_val": 0.01228040343802265,
    "rho_t_critical_val": 1.965927295920882,
    "rho_df_val": 399,
    "r2_below_zero_val": 0.27
  },
  "test_summary": {
    "n_splits_test": 400,
    "mae_mean_test": 6.424340431325923,
    "mae_std_test": 0.4844830288150096,
    "mae_ci_lower_test": 6.376717510788031,
    "mae_ci_upper_test": 6.471963351863816,
    "mae_samperror_test": 0.04762292053789253,
    "mae_t_critical_test": 1.965927295920882,
    "mae_df_test": 399,
    "d2mae_mean_test": 0.00951208781687667,
    "d2mae_std_test": 0.049772251602546266,
    "d2mae_ci_lower_test": 0.004619656416632291,
    "d2mae_ci_upper_test": 0.014404519217121048,
    "d2mae_samperror_test": 0.0048924314002443785,
    "d2mae_t_critical_test": 1.965927295920882,
    "d2mae_df_test": 399,
    "rmse_mean_test": 7.561403579275706,
    "rmse_std_test": 0.5665285208400724,
    "rmse_ci_lower_test": 7.505715885123847,
    "rmse_ci_upper_test": 7.617091273427565,
    "rmse_samperror_test": 0.05568769415185903,
    "rmse_t_critical_test": 1.965927295920882,
    "rmse_df_test": 399,
    "mape_mean_test": 277377867149432.88,
    "mape_std_test": 845141556805354.1,
    "mape_ci_lower_test": 194303524377397.2,
    "mape_ci_upper_test": 360452209921468.56,
    "mape_samperror_test": 83074342772035.7,
    "mape_t_critical_test": 1.965927295920882,
    "mape_df_test": 399,
    "r2_mean_test": 0.02318658581284949,
    "r2_std_test": 0.08285748659732813,
    "r2_ci_lower_test": 0.015041996084195191,
    "r2_ci_upper_test": 0.03133117554150379,
    "r2_samperror_test": 0.0081445897286543,
    "r2_t_critical_test": 1.965927295920882,
    "r2_df_test": 399,
    "median_ae_mean_test": 6.068693384836299,
    "median_ae_std_test": 0.5591596826080787,
    "median_ae_ci_lower_test": 6.013730020695416,
    "median_ae_ci_upper_test": 6.123656748977183,
    "median_ae_samperror_test": 0.054963364140883944,
    "median_ae_t_critical_test": 1.965927295920882,
    "median_ae_df_test": 399,
    "max_error_mean_test": 15.286634893617274,
    "max_error_std_test": 2.019352948132025,
    "max_error_ci_lower_test": 15.088139839575721,
    "max_error_ci_upper_test": 15.485129947658827,
    "max_error_samperror_test": 0.19849505404155265,
    "max_error_t_critical_test": 1.965927295920882,
    "max_error_df_test": 399,
    "rho_mean_test": 0.14478608314687122,
    "rho_std_test": 0.19638992873828598,
    "rho_ci_lower_test": 0.12548166706934355,
    "rho_ci_upper_test": 0.1640904992243989,
    "rho_samperror_test": 0.019304416077527663,
    "rho_t_critical_test": 1.965927295920882,
    "rho_df_test": 399,
    "r2_below_zero_test": 0.3325
  },
  "selected_features": [
    "z_pe_T2W10",
    "z_l3_T2W10"
  ]
}