{
  "best_trial_number": 174,
  "best_value_internal_minimized": 6.46146686119877,
  "best_params": {
    "regressor": "XGBRegressor",
    "use_scaler": true,
    "xgb_n_estimators": 367,
    "xgb_max_depth": 7,
    "xgb_learning_rate": 0.012902196253012192,
    "xgb_subsample": 0.7391652959352252,
    "xgb_colsample_bytree": 0.8446033144815173,
    "xgb_reg_alpha": 4.228970637842674e-06,
    "xgb_reg_lambda": 6.48631334108044e-07,
    "xgb_booster": "gblinear",
    "rfe_n_features": 2
  },
  "best_metadata": {
    "regressor": "XGBRegressor",
    "use_scaler": true,
    "rfe_estimator": {
      "mode": "original",
      "type": "XGBRegressor"
    },
    "n_candidate_features": 9,
    "rfe_n_features": 2,
    "rfe_selected_features": [
      "z_pe_T2W10",
      "z_l3_T2W10"
    ]
  },
  "validation_summary": {
    "n_splits_val": 400,
    "mae_mean_val": 6.453010262932096,
    "mae_std_val": 0.3177108033671322,
    "mae_ci_lower_val": 6.421780445904676,
    "mae_ci_upper_val": 6.484240079959515,
    "mae_samperror_val": 0.03122981702741986,
    "mae_t_critical_val": 1.965927295920882,
    "mae_df_val": 399,
    "d2mae_mean_val": 0.013377901837975785,
    "d2mae_std_val": 0.030556054310715938,
    "d2mae_ci_lower_val": 0.010374352776721916,
    "d2mae_ci_upper_val": 0.016381450899229655,
    "d2mae_samperror_val": 0.0030035490612538695,
    "d2mae_t_critical_val": 1.965927295920882,
    "d2mae_df_val": 399,
    "rmse_mean_val": 7.624418969019018,
    "rmse_std_val": 0.3767417873916113,
    "rmse_ci_lower_val": 7.5873866208516585,
    "rmse_ci_upper_val": 7.661451317186378,
    "rmse_samperror_val": 0.037032348167359515,
    "rmse_t_critical_val": 1.965927295920882,
    "rmse_df_val": 399,
    "mape_mean_val": 262170709547003.84,
    "mape_std_val": 542078350223502.1,
    "mape_ci_lower_val": 208886378285396.72,
    "mape_ci_upper_val": 315455040808610.94,
    "mape_samperror_val": 53284331261607.12,
    "mape_t_critical_val": 1.965927295920882,
    "mape_df_val": 399,
    "r2_mean_val": 0.026867006043520124,
    "r2_std_val": 0.054834256708516174,
    "r2_ci_lower_val": 0.02147699794277989,
    "r2_ci_upper_val": 0.03225701414426036,
    "r2_samperror_val": 0.005390008100740235,
    "r2_t_critical_val": 1.965927295920882,
    "r2_df_val": 399,
    "median_ae_mean_val": 6.086437373161316,
    "median_ae_std_val": 0.3892430409436406,
    "median_ae_ci_lower_val": 6.048176197214398,
    "median_ae_ci_upper_val": 6.124698549108234,
    "median_ae_samperror_val": 0.03826117594691762,
    "median_ae_t_critical_val": 1.965927295920882,
    "median_ae_df_val": 399,
    "max_error_mean_val": 16.53929500579834,
    "max_error_std_val": 1.6340397738778025,
    "max_error_ci_lower_val": 16.378674836094003,
    "max_error_ci_upper_val": 16.699915175502678,
    "max_error_samperror_val": 0.1606201697043379,
    "max_error_t_critical_val": 1.965927295920882,
    "max_error_df_val": 399,
    "rho_mean_val": 0.15188391764828563,
    "rho_std_val": 0.12467217295662253,
    "rho_ci_lower_val": 0.13962909625542597,
    "rho_ci_upper_val": 0.1641387390411453,
    "rho_samperror_val": 0.012254821392859671,
    "rho_t_critical_val": 1.965927295920882,
    "rho_df_val": 399,
    "r2_below_zero_val": 0.27
  },
  "test_summary": {
    "n_splits_test": 400,
    "mae_mean_test": 6.421153176923593,
    "mae_std_test": 0.4868237475715687,
    "mae_ci_lower_test": 6.3733001722409215,
    "mae_ci_upper_test": 6.469006181606265,
    "mae_samperror_test": 0.04785300468267221,
    "mae_t_critical_test": 1.965927295920882,
    "mae_df_test": 399,
    "d2mae_mean_test": 0.010000220069076651,
    "d2mae_std_test": 0.05041163894289613,
    "d2mae_ci_lower_test": 0.00504493921757927,
    "d2mae_ci_upper_test": 0.014955500920574034,
    "d2mae_samperror_test": 0.0049552808514973816,
    "d2mae_t_critical_test": 1.965927295920882,
    "d2mae_df_test": 399,
    "rmse_mean_test": 7.559712732160369,
    "rmse_std_test": 0.5682678383344487,
    "rmse_ci_lower_test": 7.503854069421586,
    "rmse_ci_upper_test": 7.615571394899152,
    "rmse_samperror_test": 0.055858662738782386,
    "rmse_t_critical_test": 1.965927295920882,
    "rmse_df_test": 399,
    "mape_mean_test": 277321848025252.72,
    "mape_std_test": 844965171359603.4,
    "mape_ci_lower_test": 194264843301337.22,
    "mape_ci_upper_test": 360378852749168.25,
    "mape_samperror_test": 83057004723915.5,
    "mape_t_critical_test": 1.965927295920882,
    "mape_df_test": 399,
    "r2_mean_test": 0.02356164474932579,
    "r2_std_test": 0.08398567448205412,
    "r2_ci_lower_test": 0.015306158252795986,
    "r2_ci_upper_test": 0.03181713124585559,
    "r2_samperror_test": 0.008255486496529803,
    "r2_t_critical_test": 1.965927295920882,
    "r2_df_test": 399,
    "median_ae_mean_test": 6.0638647198677065,
    "median_ae_std_test": 0.5620895717983553,
    "median_ae_ci_lower_test": 6.008613358270163,
    "median_ae_ci_upper_test": 6.11911608146525,
    "median_ae_samperror_test": 0.05525136159754335,
    "median_ae_t_critical_test": 1.965927295920882,
    "median_ae_df_test": 399,
    "max_error_mean_test": 15.287749145030975,
    "max_error_std_test": 2.025850269593872,
    "max_error_ci_lower_test": 15.088615427908811,
    "max_error_ci_upper_test": 15.48688286215314,
    "max_error_samperror_test": 0.19913371712216352,
    "max_error_t_critical_test": 1.965927295920882,
    "max_error_df_test": 399,
    "rho_mean_test": 0.14524983177951706,
    "rho_std_test": 0.19630824686670914,
    "rho_ci_lower_test": 0.12595344473303513,
    "rho_ci_upper_test": 0.16454621882599899,
    "rho_samperror_test": 0.01929638704648192,
    "rho_t_critical_test": 1.965927295920882,
    "rho_df_test": 399,
    "r2_below_zero_test": 0.3275
  },
  "selected_features": [
    "z_pe_T2W10",
    "z_l3_T2W10"
  ]
}