{
  "best_trial_number": 212,
  "best_value_internal_minimized": 6.436351262546451,
  "best_params": {
    "regressor": "ExtraTreesRegressor",
    "use_scaler": false,
    "et_n_estimators": 93,
    "et_max_depth": 15,
    "et_min_samples_split": 5,
    "et_min_samples_leaf": 2,
    "et_max_features": "sqrt",
    "rfe_n_features": 2
  },
  "best_metadata": {
    "regressor": "ExtraTreesRegressor",
    "use_scaler": false,
    "rfe_estimator": {
      "mode": "original",
      "type": "ExtraTreesRegressor"
    },
    "n_candidate_features": 10,
    "rfe_n_features": 2,
    "rfe_selected_features": [
      "z_pe_T2W10",
      "z_asp_T2W10"
    ]
  },
  "validation_summary": {
    "n_splits_val": 400,
    "mae_mean_val": 6.457828004481453,
    "mae_std_val": 0.29403651793541086,
    "mae_ci_lower_val": 6.428925283651115,
    "mae_ci_upper_val": 6.486730725311791,
    "mae_samperror_val": 0.02890272083033771,
    "mae_t_critical_val": 1.965927295920882,
    "mae_df_val": 399,
    "d2mae_mean_val": 0.012605345866700061,
    "d2mae_std_val": 0.025656971886994555,
    "d2mae_ci_lower_val": 0.010083358798534196,
    "d2mae_ci_upper_val": 0.015127332934865926,
    "d2mae_samperror_val": 0.0025219870681658647,
    "d2mae_t_critical_val": 1.965927295920882,
    "d2mae_df_val": 399,
    "rmse_mean_val": 7.590184968806829,
    "rmse_std_val": 0.3487777068372646,
    "rmse_ci_lower_val": 7.555901388102826,
    "rmse_ci_upper_val": 7.624468549510833,
    "rmse_samperror_val": 0.03428358070400349,
    "rmse_t_critical_val": 1.965927295920882,
    "rmse_df_val": 399,
    "mape_mean_val": 254608442133436.72,
    "mape_std_val": 526763476009875.9,
    "mape_ci_lower_val": 202829507334337.75,
    "mape_ci_upper_val": 306387376932535.7,
    "mape_samperror_val": 51778934799098.984,
    "mape_t_critical_val": 1.965927295920882,
    "mape_df_val": 399,
    "r2_mean_val": 0.03592995022536812,
    "r2_std_val": 0.04025700215353116,
    "r2_ci_lower_val": 0.03197283325608949,
    "r2_ci_upper_val": 0.039887067194646755,
    "r2_samperror_val": 0.003957116969278631,
    "r2_t_critical_val": 1.965927295920882,
    "r2_df_val": 399,
    "median_ae_mean_val": 6.043920122696555,
    "median_ae_std_val": 0.3952750518807768,
    "median_ae_ci_lower_val": 6.005066022002107,
    "median_ae_ci_upper_val": 6.082774223391003,
    "median_ae_samperror_val": 0.03885410069444809,
    "median_ae_t_critical_val": 1.965927295920882,
    "median_ae_df_val": 399,
    "max_error_mean_val": 16.421162861995082,
    "max_error_std_val": 1.6117232512142745,
    "max_error_ci_lower_val": 16.262736325343457,
    "max_error_ci_upper_val": 16.579589398646707,
    "max_error_samperror_val": 0.15842653665162457,
    "max_error_t_critical_val": 1.965927295920882,
    "max_error_df_val": 399,
    "rho_mean_val": 0.1829061953035047,
    "rho_std_val": 0.1246715084189407,
    "rho_ci_lower_val": 0.1706514392322834,
    "rho_ci_upper_val": 0.19516095137472597,
    "rho_samperror_val": 0.012254756071221277,
    "rho_t_critical_val": 1.965927295920882,
    "rho_df_val": 399,
    "r2_below_zero_val": 0.19
  },
  "test_summary": {
    "n_splits_test": 400,
    "mae_mean_test": 6.438931129002651,
    "mae_std_test": 0.4356298746529033,
    "mae_ci_lower_test": 6.3961102959277145,
    "mae_ci_upper_test": 6.481751962077588,
    "mae_samperror_test": 0.04282083307493675,
    "mae_t_critical_test": 1.965927295920882,
    "mae_df_test": 399,
    "d2mae_mean_test": 0.00718378707471274,
    "d2mae_std_test": 0.039498605330348845,
    "d2mae_ci_lower_test": 0.0033012177562257976,
    "d2mae_ci_upper_test": 0.011066356393199682,
    "d2mae_samperror_test": 0.0038825693184869423,
    "d2mae_t_critical_test": 1.965927295920882,
    "d2mae_df_test": 399,
    "rmse_mean_test": 7.533875316752368,
    "rmse_std_test": 0.5250638138581922,
    "rmse_ci_lower_test": 7.482263452564162,
    "rmse_ci_upper_test": 7.585487180940575,
    "rmse_samperror_test": 0.051611864188207054,
    "rmse_t_critical_test": 1.965927295920882,
    "rmse_df_test": 399,
    "mape_mean_test": 270369639289169.88,
    "mape_std_test": 824153109177805.2,
    "mape_ci_lower_test": 189358384621634.38,
    "mape_ci_upper_test": 351380893956705.4,
    "mape_samperror_test": 81011254667535.52,
    "mape_t_critical_test": 1.965927295920882,
    "mape_df_test": 399,
    "r2_mean_test": 0.030752906101830922,
    "r2_std_test": 0.0656835101206707,
    "r2_ci_lower_test": 0.02429645582992482,
    "r2_ci_upper_test": 0.037209356373737026,
    "r2_samperror_test": 0.006456450271906102,
    "r2_t_critical_test": 1.965927295920882,
    "r2_df_test": 399,
    "median_ae_mean_test": 6.0432574641835295,
    "median_ae_std_test": 0.5575529295200123,
    "median_ae_ci_lower_test": 5.988452038030327,
    "median_ae_ci_upper_test": 6.098062890336732,
    "median_ae_samperror_test": 0.0548054261532022,
    "median_ae_t_critical_test": 1.965927295920882,
    "median_ae_df_test": 399,
    "max_error_mean_test": 15.047325642209563,
    "max_error_std_test": 2.0285930683241773,
    "max_error_ci_lower_test": 14.847922317942842,
    "max_error_ci_upper_test": 15.246728966476283,
    "max_error_samperror_test": 0.19940332426671975,
    "max_error_t_critical_test": 1.965927295920882,
    "max_error_df_test": 399,
    "rho_mean_test": 0.16916779647358382,
    "rho_std_test": 0.18843708834749995,
    "rho_ci_lower_test": 0.15064511569627356,
    "rho_ci_upper_test": 0.18769047725089408,
    "rho_samperror_test": 0.018522680777310247,
    "rho_t_critical_test": 1.965927295920882,
    "rho_df_test": 399,
    "r2_below_zero_test": 0.2875
  },
  "selected_features": [
    "z_pe_T2W10",
    "z_asp_T2W10"
  ]
}