{
  "best_trial_number": 235,
  "best_value_internal_minimized": 6.462760880219713,
  "best_params": {
    "regressor": "ElasticNet",
    "use_scaler": true,
    "elastic_alpha": 0.02160742546409527,
    "elastic_l1_ratio": 0.3792133521203133,
    "rfe_n_features": 2
  },
  "best_metadata": {
    "regressor": "ElasticNet",
    "use_scaler": true,
    "rfe_estimator": {
      "mode": "original",
      "type": "ElasticNet"
    },
    "n_candidate_features": 9,
    "rfe_n_features": 2,
    "rfe_selected_features": [
      "z_pe_T2W10",
      "z_l3_T2W10"
    ]
  },
  "validation_summary": {
    "n_splits_val": 400,
    "mae_mean_val": 6.454627556263747,
    "mae_std_val": 0.31650914476817177,
    "mae_ci_lower_val": 6.423515857908331,
    "mae_ci_upper_val": 6.485739254619164,
    "mae_samperror_val": 0.031111698355416148,
    "mae_t_critical_val": 1.965927295920882,
    "mae_df_val": 399,
    "d2mae_mean_val": 0.013131028312630012,
    "d2mae_std_val": 0.030235858042804185,
    "d2mae_ci_lower_val": 0.010158953380533128,
    "d2mae_ci_upper_val": 0.016103103244726896,
    "d2mae_samperror_val": 0.002972074932096884,
    "d2mae_t_critical_val": 1.965927295920882,
    "d2mae_df_val": 399,
    "rmse_mean_val": 7.62470818104723,
    "rmse_std_val": 0.375594158167701,
    "rmse_ci_lower_val": 7.5877886406607145,
    "rmse_ci_upper_val": 7.661627721433745,
    "rmse_samperror_val": 0.03691954038651542,
    "rmse_t_critical_val": 1.965927295920882,
    "rmse_df_val": 399,
    "mape_mean_val": 262158946184878.4,
    "mape_std_val": 542054347409209.56,
    "mape_ci_lower_val": 208876974312661.12,
    "mape_ci_upper_val": 315440918057095.7,
    "mape_samperror_val": 53281971872217.28,
    "mape_t_critical_val": 1.965927295920882,
    "mape_df_val": 399,
    "r2_mean_val": 0.02681841260529387,
    "r2_std_val": 0.05410330424066726,
    "r2_ci_lower_val": 0.021500254474981884,
    "r2_ci_upper_val": 0.03213657073560586,
    "r2_samperror_val": 0.0053181581303119885,
    "r2_t_critical_val": 1.965927295920882,
    "r2_df_val": 399,
    "median_ae_mean_val": 6.08906222083476,
    "median_ae_std_val": 0.390547974768863,
    "median_ae_ci_lower_val": 6.050672774636523,
    "median_ae_ci_upper_val": 6.127451667032996,
    "median_ae_samperror_val": 0.03838944619823638,
    "median_ae_t_critical_val": 1.965927295920882,
    "median_ae_df_val": 399,
    "max_error_mean_val": 16.532102110872593,
    "max_error_std_val": 1.625433874806001,
    "max_error_ci_lower_val": 16.372327869762813,
    "max_error_ci_upper_val": 16.691876351982373,
    "max_error_samperror_val": 0.15977424110977814,
    "max_error_t_critical_val": 1.965927295920882,
    "max_error_df_val": 399,
    "rho_mean_val": 0.15147416454118712,
    "rho_std_val": 0.12497858395237292,
    "rho_ci_lower_val": 0.13918922406131165,
    "rho_ci_upper_val": 0.16375910502106258,
    "rho_samperror_val": 0.01228494047987547,
    "rho_t_critical_val": 1.965927295920882,
    "rho_df_val": 399,
    "r2_below_zero_val": 0.27
  },
  "test_summary": {
    "n_splits_test": 400,
    "mae_mean_test": 6.422989475074758,
    "mae_std_test": 0.4850211223431773,
    "mae_ci_lower_test": 6.375313661899126,
    "mae_ci_upper_test": 6.470665288250389,
    "mae_samperror_test": 0.047675813175631694,
    "mae_t_critical_test": 1.965927295920882,
    "mae_df_test": 399,
    "d2mae_mean_test": 0.009720481483264161,
    "d2mae_std_test": 0.04990708325495879,
    "d2mae_ci_lower_test": 0.0048147966217281886,
    "d2mae_ci_upper_test": 0.014626166344800132,
    "d2mae_samperror_test": 0.004905684861535972,
    "d2mae_t_critical_test": 1.965927295920882,
    "d2mae_df_test": 399,
    "rmse_mean_test": 7.5602055988224315,
    "rmse_std_test": 0.5668189816856537,
    "rmse_ci_lower_test": 7.5044893534253365,
    "rmse_ci_upper_test": 7.6159218442195264,
    "rmse_samperror_test": 0.05571624539709526,
    "rmse_t_critical_test": 1.965927295920882,
    "rmse_df_test": 399,
    "mape_mean_test": 277321175190232.47,
    "mape_std_test": 844964548610711.9,
    "mape_ci_lower_test": 194264231680269.2,
    "mape_ci_upper_test": 360378118700195.75,
    "mape_samperror_test": 83056943509963.27,
    "mape_t_critical_test": 1.965927295920882,
    "mape_df_test": 399,
    "r2_mean_test": 0.023484764482904777,
    "r2_std_test": 0.08304024014312324,
    "r2_ci_lower_test": 0.01532221074504523,
    "r2_ci_upper_test": 0.031647318220764324,
    "r2_samperror_test": 0.008162553737859547,
    "r2_t_critical_test": 1.965927295920882,
    "r2_df_test": 399,
    "median_ae_mean_test": 6.066949266904594,
    "median_ae_std_test": 0.559920280591778,
    "median_ae_ci_lower_test": 6.011911138746841,
    "median_ae_ci_upper_test": 6.121987395062346,
    "median_ae_samperror_test": 0.05503812815775278,
    "median_ae_t_critical_test": 1.965927295920882,
    "median_ae_df_test": 399,
    "max_error_mean_test": 15.284448093262064,
    "max_error_std_test": 2.019420416294577,
    "max_error_ci_lower_test": 15.085946407345393,
    "max_error_ci_upper_test": 15.482949779178735,
    "max_error_samperror_test": 0.19850168591667094,
    "max_error_t_critical_test": 1.965927295920882,
    "max_error_df_test": 399,
    "rho_mean_test": 0.14522266440495907,
    "rho_std_test": 0.1961718878257163,
    "rho_ci_lower_test": 0.1259396809565138,
    "rho_ci_upper_test": 0.16450564785340432,
    "rho_samperror_test": 0.019282983448445253,
    "rho_t_critical_test": 1.965927295920882,
    "rho_df_test": 399,
    "r2_below_zero_test": 0.3275
  },
  "selected_features": [
    "z_pe_T2W10",
    "z_l3_T2W10"
  ]
}