{
  "mean_abs_shap": {
    "z_pe_T2W10": 0.9874743930300076,
    "z_l3_T2W10": 0.6217666986982029
  },
  "mean_shap": {
    "z_pe_T2W10": 0.19916585836807915,
    "z_l3_T2W10": -0.03558629347880659
  },
  "regressor": "XGBRegressor",
  "n_subjects": 240,
  "n_features": 2
}