{
  "mean_abs_shap": {
    "z_pe_T2W10": 0.9816613677639252,
    "z_l3_T2W10": 0.6096039653620462
  },
  "mean_shap": {
    "z_pe_T2W10": 0.06244305974179884,
    "z_l3_T2W10": -0.040530622395029234
  },
  "regressor": "ElasticNet",
  "n_subjects": 240,
  "n_features": 2
}