{
  "mean_abs_shap": {
    "z_pe_T2W10": 0.9798905558064334,
    "z_l3_T2W10": 0.6030893021590664
  },
  "mean_shap": {
    "z_pe_T2W10": 0.06233041915056825,
    "z_l3_T2W10": -0.04009748322712053
  },
  "regressor": "ElasticNet",
  "n_subjects": 240,
  "n_features": 2
}