set,r2_mean,r2_std,r2_ci_lower,r2_ci_upper,rmse_mean,rmse_std,rmse_ci_lower,rmse_ci_upper,mae_mean,mae_std,mae_ci_lower,mae_ci_upper,rho_mean,rho_std,rho_ci_lower,rho_ci_upper,r2_below_zero
TEST,0.015404718081730086,0.09384971714856823,0.0061796320488888695,0.024629804114571302,1.3415962323434716,0.12000427946374066,1.3298002479122173,1.3533922167747259,1.0651511592422835,0.0969414773462499,1.0556221644211892,1.074680154063378,0.16906272934301275,0.2030422974980853,0.14910440959911406,0.18902104908691145,0.3825
