set,r2_mean,r2_std,r2_ci_lower,r2_ci_upper,rmse_mean,rmse_std,rmse_ci_lower,rmse_ci_upper,mae_mean,mae_std,mae_ci_lower,mae_ci_upper,rho_mean,rho_std,rho_ci_lower,rho_ci_upper,r2_below_zero
VALIDATION,0.0044488021404945465,0.07085491373994142,-0.0025159783080789724,0.011413582589068065,1.3408269891438553,0.0839572060124699,1.3325743009943969,1.3490796772933138,1.05400236805575,0.06455548713092873,1.047656798343142,1.060347937768358,0.1505929877767066,0.1285723135929506,0.13795479673710254,0.16323117881631066,0.3875
