{
  "best_trial_number": 174,
  "best_value_internal_minimized": 1.733670897051113,
  "best_params": {
    "regressor": "ElasticNet",
    "use_scaler": true,
    "elastic_alpha": 0.05406120356371464,
    "elastic_l1_ratio": 0.43281600220946925,
    "rfe_n_features": 2
  },
  "best_metadata": {
    "regressor": "ElasticNet",
    "use_scaler": true,
    "rfe_estimator": {
      "mode": "original",
      "type": "ElasticNet"
    },
    "n_candidate_features": 22,
    "rfe_n_features": 2,
    "rfe_selected_features": [
      "pe_T6W30",
      "z_l2_T6W30"
    ]
  },
  "validation_summary": {
    "n_splits_val": 400,
    "mae_mean_val": 1.7270575170416183,
    "mae_std_val": 0.12598153902648113,
    "mae_ci_lower_val": 1.7146739897239043,
    "mae_ci_upper_val": 1.7394410443593322,
    "mae_samperror_val": 0.012383527317714057,
    "mae_t_critical_val": 1.965927295920882,
    "mae_df_val": 399,
    "d2mae_mean_val": 0.0019171055559192973,
    "d2mae_std_val": 0.02902848924895849,
    "d2mae_ci_lower_val": -0.000936289412774371,
    "d2mae_ci_upper_val": 0.0047705005246129655,
    "d2mae_samperror_val": 0.0028533949686936682,
    "d2mae_t_critical_val": 1.965927295920882,
    "d2mae_df_val": 399,
    "rmse_mean_val": 2.200139966156704,
    "rmse_std_val": 0.18872846170402244,
    "rmse_ci_lower_val": 2.181588644437649,
    "rmse_ci_upper_val": 2.218691287875759,
    "rmse_samperror_val": 0.01855132171905483,
    "rmse_t_critical_val": 1.965927295920882,
    "rmse_df_val": 399,
    "mape_mean_val": 0.2701084140939898,
    "mape_std_val": 0.04906385633511571,
    "mape_ci_lower_val": 0.26528561537337253,
    "mape_ci_upper_val": 0.27493121281460703,
    "mape_samperror_val": 0.004822798720617233,
    "mape_t_critical_val": 1.965927295920882,
    "mape_df_val": 399,
    "r2_mean_val": 0.036483354364341664,
    "r2_std_val": 0.046782171081682054,
    "r2_ci_lower_val": 0.031884837009745697,
    "r2_ci_upper_val": 0.04108187171893763,
    "r2_samperror_val": 0.0045985173545959645,
    "r2_t_critical_val": 1.965927295920882,
    "r2_df_val": 399,
    "median_ae_mean_val": 1.360021935066003,
    "median_ae_std_val": 0.14142269894536125,
    "median_ae_ci_lower_val": 1.3461205978600286,
    "median_ae_ci_upper_val": 1.3739232722719774,
    "median_ae_samperror_val": 0.01390133720597435,
    "median_ae_t_critical_val": 1.965927295920882,
    "median_ae_df_val": 399,
    "max_error_mean_val": 5.8703864969556,
    "max_error_std_val": 0.7391518369818404,
    "max_error_ci_lower_val": 5.797730558347967,
    "max_error_ci_upper_val": 5.943042435563234,
    "max_error_samperror_val": 0.0726559386076331,
    "max_error_t_critical_val": 1.965927295920882,
    "max_error_df_val": 399,
    "rho_mean_val": 0.20284989018027377,
    "rho_std_val": 0.11616121321431151,
    "rho_ci_lower_val": 0.19143166519100874,
    "rho_ci_upper_val": 0.2142681151695388,
    "rho_samperror_val": 0.011418224989265022,
    "rho_t_critical_val": 1.965927295920882,
    "rho_df_val": 399,
    "r2_below_zero_val": 0.2
  },
  "test_summary": {
    "n_splits_test": 400,
    "mae_mean_test": 1.6738579353026113,
    "mae_std_test": 0.1914263364283793,
    "mae_ci_lower_test": 1.655041422305477,
    "mae_ci_upper_test": 1.6926744482997456,
    "mae_samperror_test": 0.01881651299713424,
    "mae_t_critical_test": 1.965927295920882,
    "mae_df_test": 399,
    "d2mae_mean_test": -0.009470544300389896,
    "d2mae_std_test": 0.04527754011719045,
    "d2mae_ci_lower_test": -0.01392116190081677,
    "d2mae_ci_upper_test": -0.0050199266999630225,
    "d2mae_samperror_test": 0.004450617600426874,
    "d2mae_t_critical_test": 1.965927295920882,
    "d2mae_df_test": 399,
    "rmse_mean_test": 2.133844933928103,
    "rmse_std_test": 0.275131327194214,
    "rmse_ci_lower_test": 2.106800524623401,
    "rmse_ci_upper_test": 2.1608893432328053,
    "rmse_samperror_test": 0.027044409304702227,
    "rmse_t_critical_test": 1.965927295920882,
    "rmse_df_test": 399,
    "mape_mean_test": 0.268367148163924,
    "mape_std_test": 0.07067805118048262,
    "mape_ci_lower_test": 0.2614197526620138,
    "mape_ci_upper_test": 0.2753145436658342,
    "mape_samperror_test": 0.006947395501910195,
    "mape_t_critical_test": 1.965927295920882,
    "mape_df_test": 399,
    "r2_mean_test": 0.026961298598143887,
    "r2_std_test": 0.07510236415576219,
    "r2_ci_lower_test": 0.019579009214043742,
    "r2_ci_upper_test": 0.03434358798224403,
    "r2_samperror_test": 0.007382289384100146,
    "r2_t_critical_test": 1.965927295920882,
    "r2_df_test": 399,
    "median_ae_mean_test": 1.3422106149161246,
    "median_ae_std_test": 0.19142565541032083,
    "median_ae_ci_lower_test": 1.32339416886059,
    "median_ae_ci_upper_test": 1.3610270609716593,
    "median_ae_samperror_test": 0.01881644605553473,
    "median_ae_t_critical_test": 1.965927295920882,
    "median_ae_df_test": 399,
    "max_error_mean_test": 5.281585392659224,
    "max_error_std_test": 0.956499117183899,
    "max_error_ci_lower_test": 5.187565006509422,
    "max_error_ci_upper_test": 5.375605778809026,
    "max_error_samperror_test": 0.09402038614980268,
    "max_error_t_critical_test": 1.965927295920882,
    "max_error_df_test": 399,
    "rho_mean_test": 0.19047380764663138,
    "rho_std_test": 0.17597188267330516,
    "rho_ci_lower_test": 0.1731764112735295,
    "rho_ci_upper_test": 0.20777120401973326,
    "rho_samperror_test": 0.017297396373101875,
    "rho_t_critical_test": 1.965927295920882,
    "rho_df_test": 399,
    "r2_below_zero_test": 0.2975
  },
  "selected_features": [
    "pe_T6W30",
    "z_l2_T6W30"
  ]
}