{
  "mean_abs_shap": {
    "pe_T6W30": 0.4393305643126842,
    "z_l2_T6W30": 0.44263820733460396
  },
  "mean_shap": {
    "pe_T6W30": 0.06291010926841419,
    "z_l2_T6W30": -0.0534317263465688
  },
  "regressor": "ElasticNet",
  "n_subjects": 252,
  "n_features": 2
}