set,r2_mean,r2_std,r2_ci_lower,r2_ci_upper,rmse_mean,rmse_std,rmse_ci_lower,rmse_ci_upper,mae_mean,mae_std,mae_ci_lower,mae_ci_upper,rho_mean,rho_std,rho_ci_lower,rho_ci_upper,r2_below_zero
TEST,-0.0040579027371137515,0.028476385313281852,-0.006857027895940816,-0.0012587775782866863,3.504951425121106,0.2793863188255842,3.4774887656068025,3.5324140846354095,2.9214545117636375,0.18232179326483341,2.9035329422626086,2.9393760812646663,0.08732473432636448,0.19246018464681364,0.06840659780760729,0.10624287084512167,0.4825
