set,r2_mean,r2_std,r2_ci_lower,r2_ci_upper,rmse_mean,rmse_std,rmse_ci_lower,rmse_ci_upper,mae_mean,mae_std,mae_ci_lower,mae_ci_upper,rho_mean,rho_std,rho_ci_lower,rho_ci_upper,r2_below_zero
VALIDATION,-0.0023684565887705355,0.02040881721027254,-0.004374569130327268,-0.00036234404721380287,3.488983516410218,0.19224011435816177,3.470087012000835,3.507880020819601,2.9085255821889278,0.12516496658609158,2.896222320973697,2.9208288434041587,0.08290847518895422,0.12043471210976793,0.07107018079330593,0.09474676958460251,0.4175
