target,window,set,metric,mean,std,ci_lower,ci_upper,t_critical,df,significant
MOT,T2W10,VALIDATION,R2,-0.006019,0.040425,-0.009993,-0.002046,1.9659,399,True
MOT,T2W10,VALIDATION,RMSE,7.753575,0.350123,7.719159,7.78799,1.9659,399,True
MOT,T2W10,VALIDATION,MAE,6.599772,0.288602,6.571403,6.62814,1.9659,399,True
MOT,T2W10,VALIDATION,rho,0.040266,0.127148,0.027768,0.052764,1.9659,399,True
MOT,T2W10,TEST,R2,-0.009343,0.061473,-0.015386,-0.003301,1.9659,399,True
MOT,T2W10,TEST,RMSE,7.689008,0.525003,7.637403,7.740614,1.9659,399,True
MOT,T2W10,TEST,MAE,6.5704,0.443882,6.526768,6.614032,1.9659,399,True
MOT,T2W10,TEST,rho,0.020878,0.204938,0.000733,0.041022,1.9659,399,True
