set,r2_mean,r2_std,r2_ci_lower,r2_ci_upper,rmse_mean,rmse_std,rmse_ci_lower,rmse_ci_upper,mae_mean,mae_std,mae_ci_lower,mae_ci_upper,rho_mean,rho_std,rho_ci_lower,rho_ci_upper,r2_below_zero
VALIDATION,-0.0060192068500821184,0.04042502347764942,-0.009992839704729792,-0.0020455739954344443,7.753574581656331,0.3501234546515766,7.719158718834248,7.787990444478413,6.599771518406126,0.2886015359611278,6.571403036546592,6.62814000026566,0.040266115172097265,0.12714780510470244,0.027767948138509115,0.052764282205685416,0.55
