set,r2_mean,r2_std,r2_ci_lower,r2_ci_upper,rmse_mean,rmse_std,rmse_ci_lower,rmse_ci_upper,mae_mean,mae_std,mae_ci_lower,mae_ci_upper,rho_mean,rho_std,rho_ci_lower,rho_ci_upper,r2_below_zero
TEST,-0.009343404233617824,0.06147331993979994,-0.01538600811564433,-0.003300800351591319,7.689008445357961,0.5250033564556946,7.637402523912644,7.740614366803277,6.570399767455179,0.4438824390619539,6.526767737298587,6.61403179761177,0.020877818959400392,0.20493764536144218,0.0007331934105097582,0.041022444508291026,0.6025
