target,window,set,metric,mean,std,ci_lower,ci_upper,t_critical,df,significant
MOT_V4,T2W10,VALIDATION,R2,-0.00848,0.028888,-0.01132,-0.00564,1.9659,399,True
MOT_V4,T2W10,VALIDATION,RMSE,3.493503,0.162275,3.477552,3.509454,1.9659,399,True
MOT_V4,T2W10,VALIDATION,MAE,2.887143,0.118099,2.875534,2.898752,1.9659,399,True
MOT_V4,T2W10,VALIDATION,rho,0.049629,0.135529,0.036307,0.062951,1.9659,399,True
MOT_V4,T2W10,TEST,R2,-0.011307,0.047154,-0.015942,-0.006672,1.9659,399,True
MOT_V4,T2W10,TEST,RMSE,3.459931,0.253014,3.435061,3.484802,1.9659,399,True
MOT_V4,T2W10,TEST,MAE,2.860914,0.179704,2.84325,2.878579,1.9659,399,True
MOT_V4,T2W10,TEST,rho,0.050698,0.196772,0.031356,0.07004,1.9659,399,True
