set,r2_mean,r2_std,r2_ci_lower,r2_ci_upper,rmse_mean,rmse_std,rmse_ci_lower,rmse_ci_upper,mae_mean,mae_std,mae_ci_lower,mae_ci_upper,rho_mean,rho_std,rho_ci_lower,rho_ci_upper,r2_below_zero
VALIDATION,-0.008480008880461498,0.02888774840606627,-0.011319569535920528,-0.0056404482250024665,3.493503295982411,0.16227474006391696,3.4775522789359052,3.509454313028917,2.8871429354644556,0.11809882893319278,2.875534249893653,2.898751621035258,0.049629112264361126,0.13552881959956797,0.03630712197262474,0.06295110255609751,0.53
