set,r2_mean,r2_std,r2_ci_lower,r2_ci_upper,rmse_mean,rmse_std,rmse_ci_lower,rmse_ci_upper,mae_mean,mae_std,mae_ci_lower,mae_ci_upper,rho_mean,rho_std,rho_ci_lower,rho_ci_upper,r2_below_zero
TEST,-0.011307389630813926,0.04715436134119427,-0.015942491934932437,-0.006672287326695415,3.4599314483060932,0.2530141638621463,3.4350610757565336,3.484801820855653,2.860914325674676,0.17970438331433128,2.8432500380569623,2.8785786132923894,0.05069847335340092,0.19677207435795682,0.031356493750636885,0.07004045295616496,0.5575
