set,r2_mean,r2_std,r2_ci_lower,r2_ci_upper,rmse_mean,rmse_std,rmse_ci_lower,rmse_ci_upper,mae_mean,mae_std,mae_ci_lower,mae_ci_upper,rho_mean,rho_std,rho_ci_lower,rho_ci_upper,r2_below_zero
TEST,-0.018531533385972628,0.042328545516741055,-0.022692275537372162,-0.014370791234573094,2.173210363613354,0.29591481672084197,2.144123012840408,2.2022977143863005,1.673046361781432,0.18717244850092923,1.6546479905038158,1.691444733059048,0.018497217318635174,0.2191884260983785,-0.0030482081722017877,0.04004264280947213,0.6775
