set,r2_mean,r2_std,r2_ci_lower,r2_ci_upper,rmse_mean,rmse_std,rmse_ci_lower,rmse_ci_upper,mae_mean,mae_std,mae_ci_lower,mae_ci_upper,rho_mean,rho_std,rho_ci_lower,rho_ci_upper,r2_below_zero
VALIDATION,-0.01570026502380798,0.03903885821356194,-0.019537642871989308,-0.011862887175626655,2.2561918106012424,0.19534165247969779,2.236990436269236,2.275393184933249,1.7718236515694372,0.13363115656212712,1.758688194655889,1.7849591084829854,0.027046343215827662,0.12923071894326876,0.01434343332372507,0.03974925310793025,0.6925
