set,r2_mean,r2_std,r2_ci_lower,r2_ci_upper,rmse_mean,rmse_std,rmse_ci_lower,rmse_ci_upper,mae_mean,mae_std,mae_ci_lower,mae_ci_upper,rho_mean,rho_std,rho_ci_lower,rho_ci_upper,r2_below_zero
VALIDATION,-4.5387704900492166e+17,2.7406167165407805e+18,-7.232697095401508e+17,-1.8448438846969254e+17,1550791680.7862525,4840317511.071521,1075006064.989286,2026577296.583219,217154276.1037884,677780021.3735955,150530963.8713789,283777588.3361979,0.08432257515150589,0.12932124363165637,0.0716107670116105,0.09703438329140128,0.55
