set,r2_mean,r2_std,r2_ci_lower,r2_ci_upper,rmse_mean,rmse_std,rmse_ci_lower,rmse_ci_upper,mae_mean,mae_std,mae_ci_lower,mae_ci_upper,rho_mean,rho_std,rho_ci_lower,rho_ci_upper,r2_below_zero
TEST,-2.4285611315861773e+17,1.1877297914006003e+18,-3.596056340132605e+17,-1.2610659230397498e+17,963902172.6775287,3685034208.510956,601676705.8318343,1326127639.5232232,192780439.67522597,737006842.0084767,120335346.27598031,265225533.07447165,0.10898061837156302,0.19145635289657414,0.09016115486472122,0.12780008187840483,0.56
