target,window,set,metric,mean,std,ci_lower,ci_upper,t_critical,df,significant
MOT,T2W10,VALIDATION,R2,-0.001984,0.035959,-0.005519,0.00155,1.9659,399,False
MOT,T2W10,VALIDATION,RMSE,7.738638,0.348225,7.704409,7.772867,1.9659,399,True
MOT,T2W10,VALIDATION,MAE,6.590471,0.283389,6.562615,6.618327,1.9659,399,True
MOT,T2W10,VALIDATION,rho,0.082977,0.126399,0.070553,0.095402,1.9659,399,True
MOT,T2W10,TEST,R2,-0.002638,0.048685,-0.007424,0.002147,1.9659,399,False
MOT,T2W10,TEST,RMSE,7.666456,0.529132,7.614445,7.718468,1.9659,399,True
MOT,T2W10,TEST,MAE,6.557687,0.438733,6.514561,6.600813,1.9659,399,True
MOT,T2W10,TEST,rho,0.079747,0.201525,0.059938,0.099557,1.9659,399,True
