set,r2_mean,r2_std,r2_ci_lower,r2_ci_upper,rmse_mean,rmse_std,rmse_ci_lower,rmse_ci_upper,mae_mean,mae_std,mae_ci_lower,mae_ci_upper,rho_mean,rho_std,rho_ci_lower,rho_ci_upper,r2_below_zero
VALIDATION,-0.0019841655843789367,0.03595904645685348,-0.005518809132619703,0.0015504779638618295,7.738638018227371,0.3482245754448568,7.704408808328496,7.772867228126246,6.590471289611031,0.2833889586067803,6.562615185156648,6.618327394065414,0.08297737447486381,0.12639850967109564,0.07055286045855748,0.09540188849117014,0.3725
