set,r2_mean,r2_std,r2_ci_lower,r2_ci_upper,rmse_mean,rmse_std,rmse_ci_lower,rmse_ci_upper,mae_mean,mae_std,mae_ci_lower,mae_ci_upper,rho_mean,rho_std,rho_ci_lower,rho_ci_upper,r2_below_zero
TEST,-0.0026384411537048267,0.048685161285736994,-0.007424015527601873,0.0021471332201922193,7.666456336246584,0.5291316977551731,7.614444613858891,7.718468058634277,6.55768683150525,0.43873349190783056,6.514560924136435,6.6008127388740645,0.07974745424691793,0.20152468626542464,0.05993831017036341,0.09955659832347244,0.4275
