{
  "best_trial_number": 284,
  "best_value_internal_minimized": 2.8036833876018283,
  "best_params": {
    "regressor": "SVR",
    "use_scaler": false,
    "svr_kernel": "linear",
    "svr_C": 0.08270191685456597,
    "svr_epsilon": 0.12745481214203194,
    "svr_gamma": "scale",
    "rfe_n_features": 2
  },
  "best_metadata": {
    "regressor": "SVR",
    "use_scaler": true,
    "rfe_estimator": {
      "mode": "original",
      "type": "SVR"
    },
    "n_candidate_features": 13,
    "rfe_n_features": 2,
    "rfe_selected_features": [
      "pe_T2W10",
      "l2_T2W10"
    ]
  },
  "validation_summary": {
    "n_splits_val": 400,
    "mae_mean_val": 2.8017751381364904,
    "mae_std_val": 0.13030279566580272,
    "mae_ci_lower_val": 2.7889668469997804,
    "mae_ci_upper_val": 2.8145834292732004,
    "mae_samperror_val": 0.012808291136710137,
    "mae_t_critical_val": 1.965927295920882,
    "mae_df_val": 399,
    "d2mae_mean_val": 0.01396523226938472,
    "d2mae_std_val": 0.023031343741008906,
    "d2mae_ci_lower_val": 0.011701334903275422,
    "d2mae_ci_upper_val": 0.01622912963549402,
    "d2mae_samperror_val": 0.0022638973661092982,
    "d2mae_t_critical_val": 1.965927295920882,
    "d2mae_df_val": 399,
    "rmse_mean_val": 3.469893800761288,
    "rmse_std_val": 0.17348769996185767,
    "rmse_ci_lower_val": 3.4528405905182105,
    "rmse_ci_upper_val": 3.486947011004365,
    "rmse_samperror_val": 0.017053210243077408,
    "rmse_t_critical_val": 1.965927295920882,
    "rmse_df_val": 399,
    "mape_mean_val": 921147254092759.0,
    "mape_std_val": 516662404634651.2,
    "mape_ci_lower_val": 870361217890390.0,
    "mape_ci_upper_val": 971933290295128.0,
    "mape_samperror_val": 50786036202369.016,
    "mape_t_critical_val": 1.965927295920882,
    "mape_df_val": 399,
    "r2_mean_val": 0.004931797296185999,
    "r2_std_val": 0.042719760942677425,
    "r2_ci_lower_val": 0.0007326000905647822,
    "r2_ci_upper_val": 0.009130994501807217,
    "r2_samperror_val": 0.004199197205621217,
    "r2_t_critical_val": 1.965927295920882,
    "r2_df_val": 399,
    "median_ae_mean_val": 2.5042060667696173,
    "median_ae_std_val": 0.2522974056438182,
    "median_ae_ci_lower_val": 2.479406148947357,
    "median_ae_ci_upper_val": 2.5290059845918775,
    "median_ae_samperror_val": 0.024799917822260268,
    "median_ae_t_critical_val": 1.965927295920882,
    "median_ae_df_val": 399,
    "max_error_mean_val": 8.533042860114044,
    "max_error_std_val": 0.9227960360202723,
    "max_error_ci_lower_val": 8.442335364325052,
    "max_error_ci_upper_val": 8.623750355903036,
    "max_error_samperror_val": 0.09070749578899213,
    "max_error_t_critical_val": 1.965927295920882,
    "max_error_df_val": 399,
    "rho_mean_val": 0.11932887987410794,
    "rho_std_val": 0.13646140605656903,
    "rho_ci_lower_val": 0.10591521972379032,
    "rho_ci_upper_val": 0.13274254002442554,
    "rho_samperror_val": 0.013413660150317612,
    "rho_t_critical_val": 1.965927295920882,
    "rho_df_val": 399,
    "r2_below_zero_val": 0.435
  },
  "test_summary": {
    "n_splits_test": 400,
    "mae_mean_test": 2.764488461021933,
    "mae_std_test": 0.18600405890987792,
    "mae_ci_lower_test": 2.7462049381937828,
    "mae_ci_upper_test": 2.7827719838500835,
    "mae_samperror_test": 0.018283522828150236,
    "mae_t_critical_test": 1.965927295920882,
    "mae_df_test": 399,
    "d2mae_mean_test": 0.011985289563068642,
    "d2mae_std_test": 0.035202075700629484,
    "d2mae_ci_lower_test": 0.008525053488421606,
    "d2mae_ci_upper_test": 0.015445525637715677,
    "d2mae_samperror_test": 0.0034602360746470353,
    "d2mae_t_critical_test": 1.965927295920882,
    "d2mae_df_test": 399,
    "rmse_mean_test": 3.424521946315449,
    "rmse_std_test": 0.2630805879404315,
    "rmse_ci_lower_test": 3.3986620808724988,
    "rmse_ci_upper_test": 3.4503818117583993,
    "rmse_samperror_test": 0.025859865442950415,
    "rmse_t_critical_test": 1.965927295920882,
    "rmse_df_test": 399,
    "mape_mean_test": 893889889837601.9,
    "mape_std_test": 797025046727916.4,
    "mape_ci_lower_test": 815545225092850.5,
    "mape_ci_upper_test": 972234554582353.2,
    "mape_samperror_test": 78344664744751.36,
    "mape_t_critical_test": 1.965927295920882,
    "mape_df_test": 399,
    "r2_mean_test": 0.008911885470446197,
    "r2_std_test": 0.061685839403767685,
    "r2_ci_lower_test": 0.0028483916976632575,
    "r2_ci_upper_test": 0.014975379243229137,
    "r2_samperror_test": 0.00606349377278294,
    "r2_t_critical_test": 1.965927295920882,
    "r2_df_test": 399,
    "median_ae_mean_test": 2.4881543571659397,
    "median_ae_std_test": 0.32023721899301744,
    "median_ae_ci_lower_test": 2.4566762026665314,
    "median_ae_ci_upper_test": 2.519632511665348,
    "median_ae_samperror_test": 0.0314781544994083,
    "median_ae_t_critical_test": 1.965927295920882,
    "median_ae_df_test": 399,
    "max_error_mean_test": 7.826883646860249,
    "max_error_std_test": 1.1905619541086128,
    "max_error_ci_lower_test": 7.709855734706898,
    "max_error_ci_upper_test": 7.943911559013601,
    "max_error_samperror_test": 0.11702791215335132,
    "max_error_t_critical_test": 1.965927295920882,
    "max_error_df_test": 399,
    "rho_mean_test": 0.10919887070310291,
    "rho_std_test": 0.19923159187056677,
    "rho_ci_lower_test": 0.0896151294696971,
    "rho_ci_upper_test": 0.12878261193650872,
    "rho_samperror_test": 0.019583741233405807,
    "rho_t_critical_test": 1.965927295920882,
    "rho_df_test": 399,
    "r2_below_zero_test": 0.4625
  },
  "selected_features": [
    "pe_T2W10",
    "l2_T2W10"
  ]
}