set,r2_mean,r2_std,r2_ci_lower,r2_ci_upper,rmse_mean,rmse_std,rmse_ci_lower,rmse_ci_upper,mae_mean,mae_std,mae_ci_lower,mae_ci_upper,rho_mean,rho_std,rho_ci_lower,rho_ci_upper,r2_below_zero
VALIDATION,-0.011581281414470446,0.020342190451541464,-0.013580844787845771,-0.009581718041095122,1.3404841095619704,0.07615542548227003,1.3329983080775671,1.3479699110463736,1.020169717992106,0.055425291193546194,1.0147216133500183,1.0256178226341939,-0.01084072464464106,0.12386691266399773,-0.02301639187802111,0.001334942588738992,0.7325
