set,r2_mean,r2_std,r2_ci_lower,r2_ci_upper,rmse_mean,rmse_std,rmse_ci_lower,rmse_ci_upper,mae_mean,mae_std,mae_ci_lower,mae_ci_upper,rho_mean,rho_std,rho_ci_lower,rho_ci_upper,r2_below_zero
TEST,-0.0143579321331958,0.027536808726731702,-0.01706470032911751,-0.01165116393727409,1.3432697972964496,0.11582173814246627,1.3318849414726859,1.3546546531202133,1.029238563799346,0.08460977237263842,1.020921730748895,1.037555396849797,0.0036103821696791953,0.17799563877505697,-0.013885942071458697,0.021106706410817088,0.715
