set,r2_mean,r2_std,r2_ci_lower,r2_ci_upper,rmse_mean,rmse_std,rmse_ci_lower,rmse_ci_upper,mae_mean,mae_std,mae_ci_lower,mae_ci_upper,rho_mean,rho_std,rho_ci_lower,rho_ci_upper,r2_below_zero
VALIDATION,-0.003194687057879637,0.024826306100251126,-0.005635022698848176,-0.000754351416911098,3.490377248747976,0.1945942478707067,3.471249341572065,3.509505155923887,2.905787147894247,0.12905758424539973,2.893101256513565,2.918473039274929,0.09320254183032457,0.1275762715178944,0.08066225810588246,0.10574282555476669,0.4175
