set,r2_mean,r2_std,r2_ci_lower,r2_ci_upper,rmse_mean,rmse_std,rmse_ci_lower,rmse_ci_upper,mae_mean,mae_std,mae_ci_lower,mae_ci_upper,rho_mean,rho_std,rho_ci_lower,rho_ci_upper,r2_below_zero
TEST,-0.0061593240094868105,0.036198066719864676,-0.009717462380694172,-0.0026011856382794495,3.508445574176268,0.2825037560018236,3.48067648192006,3.5362146664324756,2.919360809328463,0.186454038958959,2.9010330550972574,2.937688563559669,0.09454810015250431,0.19847545948265607,0.07503868398413469,0.11405751632087394,0.485
