set,r2_mean,r2_std,r2_ci_lower,r2_ci_upper,rmse_mean,rmse_std,rmse_ci_lower,rmse_ci_upper,mae_mean,mae_std,mae_ci_lower,mae_ci_upper,rho_mean,rho_std,rho_ci_lower,rho_ci_upper,r2_below_zero
VALIDATION,0.011944503346986636,0.056327765528103854,0.006407688758490103,0.01748131793548317,1.335590425932142,0.08291050676137368,1.3274406245141013,1.3437402273501828,1.0607647750484837,0.06576945094681312,1.05429987710578,1.0672296729911872,0.12098312602406558,0.11956268263883148,0.10923054895540535,0.1327357030927258,0.3475
