set,r2_mean,r2_std,r2_ci_lower,r2_ci_upper,rmse_mean,rmse_std,rmse_ci_lower,rmse_ci_upper,mae_mean,mae_std,mae_ci_lower,mae_ci_upper,rho_mean,rho_std,rho_ci_lower,rho_ci_upper,r2_below_zero
TEST,0.002166261068319164,0.09033982909245115,-0.006713815727764692,0.01104633786440302,1.3403777309496285,0.1220820943367111,1.328377504869642,1.352377957029615,1.0613342112135749,0.09635563371590268,1.0518628026916825,1.0708056197354672,0.11489250670744823,0.2097900614459358,0.09427090629697402,0.13551410711792244,0.4175
