set,r2_mean,r2_std,r2_ci_lower,r2_ci_upper,rmse_mean,rmse_std,rmse_ci_lower,rmse_ci_upper,mae_mean,mae_std,mae_ci_lower,mae_ci_upper,rho_mean,rho_std,rho_ci_lower,rho_ci_upper,r2_below_zero
VALIDATION,-0.016183455346360228,0.035268074748193344,-0.01965017888746279,-0.012716731805257665,3.476083766778081,0.17841447250204978,3.4585462727041256,3.4936212608520365,2.880028561846744,0.11552425248625463,2.868672947781565,2.891384175911923,-0.01110914246761118,0.12476697491968163,-0.023373282548815086,0.0011549976135927283,0.73
