set,r2_mean,r2_std,r2_ci_lower,r2_ci_upper,rmse_mean,rmse_std,rmse_ci_lower,rmse_ci_upper,mae_mean,mae_std,mae_ci_lower,mae_ci_upper,rho_mean,rho_std,rho_ci_lower,rho_ci_upper,r2_below_zero
TEST,-0.018923205020164206,0.04071175854635166,-0.022925022889724853,-0.014921387150603557,3.4906263465270184,0.27054781592343535,3.4640324797182354,3.5172202133358015,2.90985462512979,0.17764768841975395,2.8923925031437077,2.927316747115872,-0.007354975027879834,0.18605191096544074,-0.025643201539139914,0.010933251483380247,0.7325
