set,r2_mean,r2_std,r2_ci_lower,r2_ci_upper,rmse_mean,rmse_std,rmse_ci_lower,rmse_ci_upper,mae_mean,mae_std,mae_ci_lower,mae_ci_upper,rho_mean,rho_std,rho_ci_lower,rho_ci_upper,r2_below_zero
TEST,-0.01583104914175266,0.022832418990138936,-0.018075392927983484,-0.01358670535552184,1.343023897971549,0.11633228724985109,1.3315888570264793,1.3544589389166186,1.0304187128245816,0.08355523868308765,1.0222055366023683,1.038631889046795,-0.08862105940779796,0.1801597107853102,-0.10633010406070062,-0.07091201475489531,0.8275
