set,r2_mean,r2_std,r2_ci_lower,r2_ci_upper,rmse_mean,rmse_std,rmse_ci_lower,rmse_ci_upper,mae_mean,mae_std,mae_ci_lower,mae_ci_upper,rho_mean,rho_std,rho_ci_lower,rho_ci_upper,r2_below_zero
VALIDATION,-0.013519503111843072,0.01930332972485052,-0.0154169502522553,-0.011622055971430843,1.353376425782601,0.07625821987630531,1.345880519982943,1.3608723315822593,1.0501822888460621,0.05245764280048248,1.0450258932530054,1.0553386844391188,-0.08586953798376093,0.12367098521833485,-0.09802594626146854,-0.07371312970605332,0.875
