{
  "best_trial_number": 20,
  "best_value_internal_minimized": 6.3866150851888275,
  "best_params": {
    "regressor": "LinearRegression",
    "use_scaler": false,
    "rfe_n_features": 6
  },
  "best_metadata": {
    "regressor": "LinearRegression",
    "use_scaler": false,
    "rfe_estimator": {
      "mode": "original",
      "type": "LinearRegression"
    },
    "n_candidate_features": 9,
    "rfe_n_features": 6,
    "rfe_selected_features": [
      "z_re_T6W50",
      "z_l1_T6W50",
      "z_l2_T6W50",
      "z_lsc_T6W50",
      "z_diameter_T6W50",
      "z_asp_T6W50"
    ]
  },
  "validation_summary": {
    "n_splits_val": 400,
    "mae_mean_val": 6.424154278433962,
    "mae_std_val": 0.31437142297828485,
    "mae_ci_lower_val": 6.3932527103594365,
    "mae_ci_upper_val": 6.455055846508487,
    "mae_samperror_val": 0.030901568074524967,
    "mae_t_critical_val": 1.965927295920882,
    "mae_df_val": 399,
    "d2mae_mean_val": -0.0005856474259149164,
    "d2mae_std_val": 0.03518318463084646,
    "d2mae_ci_lower_val": -0.0040440265770751715,
    "d2mae_ci_upper_val": 0.002872731725245339,
    "d2mae_samperror_val": 0.0034583791511602555,
    "d2mae_t_critical_val": 1.965927295920882,
    "d2mae_df_val": 399,
    "rmse_mean_val": 7.6824920851422505,
    "rmse_std_val": 0.3882494284742468,
    "rmse_ci_lower_val": 7.64432857768909,
    "rmse_ci_upper_val": 7.720655592595411,
    "rmse_samperror_val": 0.038163507453160196,
    "rmse_t_critical_val": 1.965927295920882,
    "rmse_df_val": 399,
    "mape_mean_val": 215352910826290.9,
    "mape_std_val": 431959136737545.25,
    "mape_ci_lower_val": 172892897944552.88,
    "mape_ci_upper_val": 257812923708028.94,
    "mape_samperror_val": 42460012881738.04,
    "mape_t_critical_val": 1.965927295920882,
    "mape_df_val": 399,
    "r2_mean_val": -0.02351286930639932,
    "r2_std_val": 0.06715887312525604,
    "r2_ci_lower_val": -0.03011434239841073,
    "r2_ci_upper_val": -0.016911396214387912,
    "r2_samperror_val": 0.00660147309201141,
    "r2_t_critical_val": 1.965927295920882,
    "r2_df_val": 399,
    "median_ae_mean_val": 6.069498945060413,
    "median_ae_std_val": 0.5084442780977426,
    "median_ae_ci_lower_val": 6.019520720822056,
    "median_ae_ci_upper_val": 6.11947716929877,
    "median_ae_samperror_val": 0.049978224238357,
    "median_ae_t_critical_val": 1.965927295920882,
    "median_ae_df_val": 399,
    "max_error_mean_val": 16.872884136471185,
    "max_error_std_val": 1.175731439395808,
    "max_error_ci_lower_val": 16.75731401000216,
    "max_error_ci_upper_val": 16.988454262940213,
    "max_error_samperror_val": 0.11557012646902837,
    "max_error_t_critical_val": 1.965927295920882,
    "max_error_df_val": 399,
    "rho_mean_val": 0.08215335581347963,
    "rho_std_val": 0.1252748247458124,
    "rho_ci_lower_val": 0.06983929594050477,
    "rho_ci_upper_val": 0.09446741568645449,
    "rho_samperror_val": 0.012314059872974866,
    "rho_t_critical_val": 1.965927295920882,
    "rho_df_val": 399,
    "r2_below_zero_val": 0.5925
  },
  "test_summary": {
    "n_splits_test": 400,
    "mae_mean_test": 6.585541407008316,
    "mae_std_test": 0.45197652716301023,
    "mae_ci_lower_test": 6.541113757415052,
    "mae_ci_upper_test": 6.62996905660158,
    "mae_samperror_test": 0.04442764959326439,
    "mae_t_critical_test": 1.965927295920882,
    "mae_df_test": 399,
    "d2mae_mean_test": -0.001204536299556024,
    "d2mae_std_test": 0.04512883521962752,
    "d2mae_ci_lower_test": -0.005640536749125093,
    "d2mae_ci_upper_test": 0.0032314641500130453,
    "d2mae_samperror_test": 0.004436000449569069,
    "d2mae_t_critical_test": 1.965927295920882,
    "d2mae_df_test": 399,
    "rmse_mean_test": 7.828168507261913,
    "rmse_std_test": 0.550237084636966,
    "rmse_ci_lower_test": 7.774082202066126,
    "rmse_ci_upper_test": 7.8822548124577,
    "rmse_samperror_test": 0.054086305195787,
    "rmse_t_critical_test": 1.965927295920882,
    "rmse_df_test": 399,
    "mape_mean_test": 224073313256952.72,
    "mape_std_test": 647360264154477.8,
    "mape_ci_lower_test": 160440152577160.7,
    "mape_ci_upper_test": 287706473936744.75,
    "mape_samperror_test": 63633160679792.016,
    "mape_t_critical_test": 1.965927295920882,
    "mape_df_test": 399,
    "r2_mean_test": -0.013838216062986897,
    "r2_std_test": 0.07723643058684107,
    "r2_ci_lower_test": -0.021430276419495367,
    "r2_ci_upper_test": -0.006246155706478429,
    "r2_samperror_test": 0.007592060356508468,
    "r2_t_critical_test": 1.965927295920882,
    "r2_df_test": 399,
    "median_ae_mean_test": 6.2503513381647755,
    "median_ae_std_test": 0.6783011638740128,
    "median_ae_ci_lower_test": 6.183676799519034,
    "median_ae_ci_upper_test": 6.317025876810517,
    "median_ae_samperror_test": 0.06667453864574126,
    "median_ae_t_critical_test": 1.965927295920882,
    "median_ae_df_test": 399,
    "max_error_mean_test": 15.942110436320604,
    "max_error_std_test": 1.746265903901903,
    "max_error_ci_lower_test": 15.77045884599977,
    "max_error_ci_upper_test": 16.11376202664144,
    "max_error_samperror_test": 0.17165159032083513,
    "max_error_t_critical_test": 1.965927295920882,
    "max_error_df_test": 399,
    "rho_mean_test": 0.09555831490447439,
    "rho_std_test": 0.17542353793737223,
    "rho_ci_lower_test": 0.07831481882556976,
    "rho_ci_upper_test": 0.11280181098337902,
    "rho_samperror_test": 0.017243496078904623,
    "rho_t_critical_test": 1.965927295920882,
    "rho_df_test": 399,
    "r2_below_zero_test": 0.5475
  },
  "selected_features": [
    "z_re_T6W50",
    "z_l1_T6W50",
    "z_l2_T6W50",
    "z_lsc_T6W50",
    "z_diameter_T6W50",
    "z_asp_T6W50"
  ]
}