{
  "mean_abs_shap": {
    "z_re_T6W50": 1.2777192655698342,
    "z_l1_T6W50": 1.0160839425252322,
    "z_l2_T6W50": 1.0537224068281739,
    "z_lsc_T6W50": 0.6984568606271468,
    "z_diameter_T6W50": 2.9805493505745133,
    "z_asp_T6W50": 4.171837029120595
  },
  "mean_shap": {
    "z_re_T6W50": -0.009112186818792388,
    "z_l1_T6W50": -0.07493741023760311,
    "z_l2_T6W50": 0.1135400323171228,
    "z_lsc_T6W50": -0.03687777653728796,
    "z_diameter_T6W50": 0.33700260070487814,
    "z_asp_T6W50": -0.2787829645390922
  },
  "regressor": "LinearRegression",
  "n_subjects": 252,
  "n_features": 6
}