{
  "best_trial_number": 101,
  "best_value_internal_minimized": 2.8298444184561196,
  "best_params": {
    "regressor": "ExtraTreesRegressor",
    "use_scaler": false,
    "et_n_estimators": 475,
    "et_max_depth": 2,
    "et_min_samples_split": 9,
    "et_min_samples_leaf": 5,
    "et_max_features": null,
    "rfe_n_features": 2
  },
  "best_metadata": {
    "regressor": "ExtraTreesRegressor",
    "use_scaler": false,
    "rfe_estimator": {
      "mode": "original",
      "type": "ExtraTreesRegressor"
    },
    "n_candidate_features": 13,
    "rfe_n_features": 2,
    "rfe_selected_features": [
      "nodes_T6W30",
      "density_T6W30"
    ]
  },
  "validation_summary": {
    "n_splits_val": 300,
    "mae_mean_val": 2.8298166180086968,
    "mae_std_val": 0.12219847844174314,
    "mae_ci_lower_val": 2.815932613556326,
    "mae_ci_upper_val": 2.8437006224610677,
    "mae_samperror_val": 0.013884004452370839,
    "mae_t_critical_val": 1.96792966906567,
    "mae_df_val": 299,
    "d2mae_mean_val": -0.003478295315605515,
    "d2mae_std_val": 0.01968738965516636,
    "d2mae_ci_lower_val": -0.005715146454126043,
    "d2mae_ci_upper_val": -0.0012414441770849868,
    "d2mae_samperror_val": 0.002236851138520528,
    "d2mae_t_critical_val": 1.96792966906567,
    "d2mae_df_val": 299,
    "rmse_mean_val": 3.438856933598128,
    "rmse_std_val": 0.18120042700993472,
    "rmse_ci_lower_val": 3.4182692178797462,
    "rmse_ci_upper_val": 3.45944464931651,
    "rmse_samperror_val": 0.02058771571838193,
    "rmse_t_critical_val": 1.96792966906567,
    "rmse_df_val": 299,
    "mape_mean_val": 998842173789269.5,
    "mape_std_val": 567171508976598.5,
    "mape_ci_lower_val": 934401013340261.8,
    "mape_ci_upper_val": 1063283334238277.2,
    "mape_samperror_val": 64441160449007.71,
    "mape_t_critical_val": 1.96792966906567,
    "mape_df_val": 299,
    "r2_mean_val": 0.00721360249450674,
    "r2_std_val": 0.030694646718702888,
    "r2_ci_lower_val": 0.0037261236229135034,
    "r2_ci_upper_val": 0.010701081366099976,
    "r2_samperror_val": 0.0034874788715932364,
    "r2_t_critical_val": 1.96792966906567,
    "r2_df_val": 299,
    "median_ae_mean_val": 2.54783737716294,
    "median_ae_std_val": 0.17994169669227583,
    "median_ae_ci_lower_val": 2.527392676460437,
    "median_ae_ci_upper_val": 2.568282077865443,
    "median_ae_samperror_val": 0.020444700702503135,
    "median_ae_t_critical_val": 1.96792966906567,
    "median_ae_df_val": 299,
    "max_error_mean_val": 8.289271716421856,
    "max_error_std_val": 1.035598249497479,
    "max_error_ci_lower_val": 8.171608625275061,
    "max_error_ci_upper_val": 8.406934807568652,
    "max_error_samperror_val": 0.11766309114679463,
    "max_error_t_critical_val": 1.96792966906567,
    "max_error_df_val": 299,
    "rho_mean_val": 0.14381222860017384,
    "rho_std_val": 0.12077071024380469,
    "rho_ci_lower_val": 0.13009044498941996,
    "rho_ci_upper_val": 0.15753401221092772,
    "rho_samperror_val": 0.013721783610753883,
    "rho_t_critical_val": 1.96792966906567,
    "rho_df_val": 299,
    "r2_below_zero_val": 0.32
  },
  "test_summary": {
    "n_splits_test": 300,
    "mae_mean_test": 2.859617784185125,
    "mae_std_test": 0.18973356043957357,
    "mae_ci_lower_test": 2.838060546881527,
    "mae_ci_upper_test": 2.8811750214887226,
    "mae_samperror_test": 0.021557237303597588,
    "mae_t_critical_test": 1.96792966906567,
    "mae_df_test": 299,
    "d2mae_mean_test": -0.01265899495002599,
    "d2mae_std_test": 0.033042103383356114,
    "d2mae_ci_lower_test": -0.016413188261924887,
    "d2mae_ci_upper_test": -0.008904801638127091,
    "d2mae_samperror_test": 0.003754193311898898,
    "d2mae_t_critical_test": 1.96792966906567,
    "d2mae_df_test": 299,
    "rmse_mean_test": 3.460212395574396,
    "rmse_std_test": 0.276894553068229,
    "rmse_ci_lower_test": 3.428752059433883,
    "rmse_ci_upper_test": 3.4916727317149094,
    "rmse_samperror_test": 0.03146033614051345,
    "rmse_t_critical_test": 1.96792966906567,
    "rmse_df_test": 299,
    "mape_mean_test": 1034119366765904.6,
    "mape_std_test": 834366831688437.4,
    "mape_ci_lower_test": 939319881913108.1,
    "mape_ci_upper_test": 1128918851618701.2,
    "mape_samperror_test": 94799484852796.55,
    "mape_t_critical_test": 1.96792966906567,
    "mape_df_test": 299,
    "r2_mean_test": 0.0007415542538910446,
    "r2_std_test": 0.05312279933568298,
    "r2_ci_lower_test": -0.00529417705720419,
    "r2_ci_upper_test": 0.006777285564986279,
    "r2_samperror_test": 0.0060357313110952346,
    "r2_t_critical_test": 1.96792966906567,
    "r2_df_test": 299,
    "median_ae_mean_test": 2.5710586276894096,
    "median_ae_std_test": 0.2398592465057943,
    "median_ae_ci_lower_test": 2.5438061865060573,
    "median_ae_ci_upper_test": 2.598311068872762,
    "median_ae_samperror_test": 0.02725244118335241,
    "median_ae_t_critical_test": 1.96792966906567,
    "median_ae_df_test": 299,
    "max_error_mean_test": 7.615037190761089,
    "max_error_std_test": 1.2764158998329471,
    "max_error_ci_lower_test": 7.4700127660518545,
    "max_error_ci_upper_test": 7.760061615470323,
    "max_error_samperror_test": 0.14502442470923427,
    "max_error_t_critical_test": 1.96792966906567,
    "max_error_df_test": 299,
    "rho_mean_test": 0.1378689368068001,
    "rho_std_test": 0.20521305410495805,
    "rho_ci_lower_test": 0.11455294307913538,
    "rho_ci_upper_test": 0.1611849305344648,
    "rho_samperror_test": 0.023315993727664717,
    "rho_t_critical_test": 1.96792966906567,
    "rho_df_test": 299,
    "r2_below_zero_test": 0.42
  },
  "selected_features": [
    "nodes_T6W30",
    "density_T6W30"
  ]
}