{
  "best_trial_number": 185,
  "best_value_internal_minimized": 0.9900069686699879,
  "best_params": {
    "regressor": "QuantileRegressor",
    "use_scaler": false,
    "quantile_alpha": 0.0045294561405642576,
    "rfe_n_features": 3
  },
  "best_metadata": {
    "regressor": "QuantileRegressor",
    "use_scaler": false,
    "rfe_estimator": {
      "mode": "original",
      "type": "QuantileRegressor"
    },
    "n_candidate_features": 22,
    "rfe_n_features": 3,
    "rfe_selected_features": [
      "nodes_T2W40",
      "edges_T2W40",
      "l2_T2W40"
    ]
  },
  "validation_summary": {
    "n_splits_val": 400,
    "mae_mean_val": 0.992862499590422,
    "mae_std_val": 0.05335251186929572,
    "mae_ci_lower_val": 0.9876181416209325,
    "mae_ci_upper_val": 0.9981068575599116,
    "mae_samperror_val": 0.005244357969489565,
    "mae_t_critical_val": 1.965927295920882,
    "mae_df_val": 399,
    "d2mae_mean_val": 0.014977322666649522,
    "d2mae_std_val": 0.024166963108161407,
    "d2mae_ci_lower_val": 0.012601798044957148,
    "d2mae_ci_upper_val": 0.017352847288341897,
    "d2mae_samperror_val": 0.0023755246216923733,
    "d2mae_t_critical_val": 1.965927295920882,
    "d2mae_df_val": 399,
    "rmse_mean_val": 1.3092718656333948,
    "rmse_std_val": 0.0715431117607641,
    "rmse_ci_lower_val": 1.3022394378211146,
    "rmse_ci_upper_val": 1.316304293445675,
    "rmse_samperror_val": 0.0070324278122802205,
    "rmse_t_critical_val": 1.965927295920882,
    "rmse_df_val": 399,
    "mape_mean_val": 286852986036724.5,
    "mape_std_val": 243600503587034.5,
    "mape_ci_lower_val": 262907942071633.3,
    "mape_ci_upper_val": 310798030001815.7,
    "mape_samperror_val": 23945043965091.19,
    "mape_t_critical_val": 1.965927295920882,
    "mape_df_val": 399,
    "r2_mean_val": 0.03950198807043662,
    "r2_std_val": 0.0357123770894107,
    "r2_ci_lower_val": 0.035991591224322016,
    "r2_ci_upper_val": 0.04301238491655122,
    "r2_samperror_val": 0.0035103968461146014,
    "r2_t_critical_val": 1.965927295920882,
    "r2_df_val": 399,
    "median_ae_mean_val": 0.9964584415644063,
    "median_ae_std_val": 0.014275812508753847,
    "median_ae_ci_lower_val": 0.9950551810902859,
    "median_ae_ci_upper_val": 0.9978617020385268,
    "median_ae_samperror_val": 0.0014032604741203976,
    "median_ae_t_critical_val": 1.965927295920882,
    "median_ae_df_val": 399,
    "max_error_mean_val": 3.091124029380923,
    "max_error_std_val": 0.2224487212418661,
    "max_error_ci_lower_val": 3.069258128729319,
    "max_error_ci_upper_val": 3.1129899300325268,
    "max_error_samperror_val": 0.021865900651603997,
    "max_error_t_critical_val": 1.965927295920882,
    "max_error_df_val": 399,
    "rho_mean_val": 0.262576418503306,
    "rho_std_val": 0.13189934463134856,
    "rho_ci_lower_val": 0.24959485619009678,
    "rho_ci_upper_val": 0.27555798081651517,
    "rho_samperror_val": 0.01298156231320921,
    "rho_t_critical_val": 1.9659423239762661,
    "rho_df_val": 398,
    "r2_below_zero_val": 0.1425
  },
  "test_summary": {
    "n_splits_test": 400,
    "mae_mean_test": 0.9906077784279184,
    "mae_std_test": 0.08469225783804284,
    "mae_ci_lower_test": 0.9822828373560695,
    "mae_ci_upper_test": 0.9989327194997673,
    "mae_samperror_test": 0.008324941071848883,
    "mae_t_critical_test": 1.965927295920882,
    "mae_df_test": 399,
    "d2mae_mean_test": 0.010602353821900366,
    "d2mae_std_test": 0.033506697790909964,
    "d2mae_ci_lower_test": 0.007308767232734275,
    "d2mae_ci_upper_test": 0.013895940411066456,
    "d2mae_samperror_test": 0.0032935865891660907,
    "d2mae_t_critical_test": 1.965927295920882,
    "d2mae_df_test": 399,
    "rmse_mean_test": 1.295943845886186,
    "rmse_std_test": 0.11119798822613437,
    "rmse_ci_lower_test": 1.2850134878709236,
    "rmse_ci_upper_test": 1.3068742039014485,
    "rmse_samperror_test": 0.010930358015262322,
    "rmse_t_critical_test": 1.965927295920882,
    "rmse_df_test": 399,
    "mape_mean_test": 260109655071697.84,
    "mape_std_test": 337315797827757.56,
    "mape_ci_lower_test": 226952738356951.94,
    "mape_ci_upper_test": 293266571786443.75,
    "mape_samperror_test": 33156916714745.918,
    "mape_t_critical_test": 1.965927295920882,
    "mape_df_test": 399,
    "r2_mean_test": 0.027903341537378196,
    "r2_std_test": 0.04687685692885769,
    "r2_ci_lower_test": 0.023295516908207234,
    "r2_ci_upper_test": 0.03251116616654916,
    "r2_samperror_test": 0.004607824629170963,
    "r2_t_critical_test": 1.965927295920882,
    "r2_df_test": 399,
    "median_ae_mean_test": 0.9899510141884755,
    "median_ae_std_test": 0.038545952559032946,
    "median_ae_ci_lower_test": 0.9861620871743219,
    "median_ae_ci_upper_test": 0.9937399412026292,
    "median_ae_samperror_test": 0.003788927014153712,
    "median_ae_t_critical_test": 1.965927295920882,
    "median_ae_df_test": 399,
    "max_error_mean_test": 2.927924285908995,
    "max_error_std_test": 0.3562081849728904,
    "max_error_ci_lower_test": 2.892910316215563,
    "max_error_ci_upper_test": 2.962938255602427,
    "max_error_samperror_test": 0.03501396969343199,
    "max_error_t_critical_test": 1.965927295920882,
    "max_error_df_test": 399,
    "rho_mean_test": 0.2547616926937339,
    "rho_std_test": 0.19095241049600542,
    "rho_ci_lower_test": 0.23596811473745458,
    "rho_ci_upper_test": 0.27355527065001317,
    "rho_samperror_test": 0.0187935779562793,
    "rho_t_critical_test": 1.9659423239762661,
    "rho_df_test": 398,
    "r2_below_zero_test": 0.2425
  },
  "selected_features": [
    "nodes_T2W40",
    "edges_T2W40",
    "l2_T2W40"
  ]
}