{
  "best_trial_number": 259,
  "best_value_internal_minimized": 0.9880319290768066,
  "best_params": {
    "regressor": "QuantileRegressor",
    "use_scaler": true,
    "quantile_alpha": 0.0035301127985978642,
    "rfe_n_features": 2
  },
  "best_metadata": {
    "regressor": "QuantileRegressor",
    "use_scaler": true,
    "rfe_estimator": {
      "mode": "original",
      "type": "QuantileRegressor"
    },
    "n_candidate_features": 13,
    "rfe_n_features": 2,
    "rfe_selected_features": [
      "edges_T2W40",
      "atd_T2W40"
    ]
  },
  "validation_summary": {
    "n_splits_val": 400,
    "mae_mean_val": 0.9919330951252355,
    "mae_std_val": 0.05381272527274952,
    "mae_ci_lower_val": 0.9866434998511561,
    "mae_ci_upper_val": 0.997222690399315,
    "mae_samperror_val": 0.0052895952740794885,
    "mae_t_critical_val": 1.965927295920882,
    "mae_df_val": 399,
    "d2mae_mean_val": 0.015917283342527164,
    "d2mae_std_val": 0.024602830979190013,
    "d2mae_ci_lower_val": 0.013498914493581288,
    "d2mae_ci_upper_val": 0.01833565219147304,
    "d2mae_samperror_val": 0.0024183688489458764,
    "d2mae_t_critical_val": 1.965927295920882,
    "d2mae_df_val": 399,
    "rmse_mean_val": 1.3083665391619663,
    "rmse_std_val": 0.07147373230996058,
    "rmse_ci_lower_val": 1.3013409310974917,
    "rmse_ci_upper_val": 1.315392147226441,
    "rmse_samperror_val": 0.0070256080644746895,
    "rmse_t_critical_val": 1.965927295920882,
    "rmse_df_val": 399,
    "mape_mean_val": 284605875877687.7,
    "mape_std_val": 241725448966768.38,
    "mape_ci_lower_val": 260845142965562.7,
    "mape_ci_upper_val": 308366608789812.7,
    "mape_samperror_val": 23760732912125.004,
    "mape_t_critical_val": 1.965927295920882,
    "mape_df_val": 399,
    "r2_mean_val": 0.040783133675212344,
    "r2_std_val": 0.036963249784517226,
    "r2_ci_lower_val": 0.03714978059034614,
    "r2_ci_upper_val": 0.04441648676007855,
    "r2_samperror_val": 0.0036333530848662037,
    "r2_t_critical_val": 1.965927295920882,
    "r2_df_val": 399,
    "median_ae_mean_val": 0.9971373024931957,
    "median_ae_std_val": 0.013139179608476768,
    "median_ae_ci_lower_val": 0.9958457689012801,
    "median_ae_ci_upper_val": 0.9984288360851112,
    "median_ae_samperror_val": 0.0012915335919155763,
    "median_ae_t_critical_val": 1.965927295920882,
    "median_ae_df_val": 399,
    "max_error_mean_val": 3.0961602629055256,
    "max_error_std_val": 0.23475220653074658,
    "max_error_ci_lower_val": 3.073084974375703,
    "max_error_ci_upper_val": 3.1192355514353483,
    "max_error_samperror_val": 0.023075288529822553,
    "max_error_t_critical_val": 1.965927295920882,
    "max_error_df_val": 399,
    "rho_mean_val": 0.2711766543599882,
    "rho_std_val": 0.12603951987640483,
    "rho_ci_lower_val": 0.2587718172792917,
    "rho_ci_upper_val": 0.28358149144068473,
    "rho_samperror_val": 0.012404837080696505,
    "rho_t_critical_val": 1.9659423239762661,
    "rho_df_val": 398,
    "r2_below_zero_val": 0.1375
  },
  "test_summary": {
    "n_splits_test": 400,
    "mae_mean_test": 0.9900241222598535,
    "mae_std_test": 0.08483761839432595,
    "mae_ci_lower_test": 0.9816848927737373,
    "mae_ci_upper_test": 0.9983633517459697,
    "mae_samperror_test": 0.008339229486116245,
    "mae_t_critical_test": 1.965927295920882,
    "mae_df_test": 399,
    "d2mae_mean_test": 0.01117221085845601,
    "d2mae_std_test": 0.03429721018921686,
    "d2mae_ci_lower_test": 0.007800919774210149,
    "d2mae_ci_upper_test": 0.01454350194270187,
    "d2mae_samperror_test": 0.003371291084245861,
    "d2mae_t_critical_test": 1.965927295920882,
    "d2mae_df_test": 399,
    "rmse_mean_test": 1.2952732035197487,
    "rmse_std_test": 0.11078436120806129,
    "rmse_ci_lower_test": 1.2843835035367444,
    "rmse_ci_upper_test": 1.306162903502753,
    "rmse_samperror_test": 0.010889699983004309,
    "rmse_t_critical_test": 1.965927295920882,
    "rmse_df_test": 399,
    "mape_mean_test": 258457751589591.9,
    "mape_std_test": 334978493693276.2,
    "mape_ci_lower_test": 225530583374688.28,
    "mape_ci_upper_test": 291384919804495.56,
    "mape_samperror_test": 32927168214903.633,
    "mape_t_critical_test": 1.965927295920882,
    "mape_df_test": 399,
    "r2_mean_test": 0.028723287986966026,
    "r2_std_test": 0.049622951800064485,
    "r2_ci_lower_test": 0.023845532214570375,
    "r2_ci_upper_test": 0.03360104375936168,
    "r2_samperror_test": 0.004877755772395652,
    "r2_t_critical_test": 1.965927295920882,
    "r2_df_test": 399,
    "median_ae_mean_test": 0.990087365716311,
    "median_ae_std_test": 0.0384821744885751,
    "median_ae_ci_lower_test": 0.986304707854637,
    "median_ae_ci_upper_test": 0.9938700235779849,
    "median_ae_samperror_test": 0.0037826578616739995,
    "median_ae_t_critical_test": 1.965927295920882,
    "median_ae_df_test": 399,
    "max_error_mean_test": 2.928003689978449,
    "max_error_std_test": 0.3550356810210746,
    "max_error_ci_lower_test": 2.8931049731611895,
    "max_error_ci_upper_test": 2.9629024067957084,
    "max_error_samperror_test": 0.0348987168172595,
    "max_error_t_critical_test": 1.965927295920882,
    "max_error_df_test": 399,
    "rho_mean_test": 0.26211223826020713,
    "rho_std_test": 0.1847761386907894,
    "rho_ci_lower_test": 0.243926530324259,
    "rho_ci_upper_test": 0.2802979461961552,
    "rho_samperror_test": 0.01818570793594811,
    "rho_t_critical_test": 1.9659423239762661,
    "rho_df_test": 398,
    "r2_below_zero_test": 0.2375
  },
  "selected_features": [
    "edges_T2W40",
    "atd_T2W40"
  ]
}