target,window,set,metric,mean,std,ci_lower,ci_upper,t_critical,df,significant
MOT,T6W150,VALIDATION,R2,-0.005995,0.01791,-0.007755,-0.004235,1.9659,399,True
MOT,T6W150,VALIDATION,RMSE,7.620521,0.31437,7.589619,7.651422,1.9659,399,True
MOT,T6W150,VALIDATION,MAE,6.480149,0.244052,6.456159,6.504138,1.9659,399,True
MOT,T6W150,VALIDATION,rho,0.028364,0.115539,0.017007,0.039721,1.9659,399,True
MOT,T6W150,TEST,R2,-0.002512,0.022834,-0.004757,-0.000267,1.9659,399,True
MOT,T6W150,TEST,RMSE,7.790581,0.489631,7.742452,7.83871,1.9659,399,True
MOT,T6W150,TEST,MAE,6.663328,0.379922,6.625983,6.700673,1.9659,399,True
MOT,T6W150,TEST,rho,0.057233,0.174959,0.040035,0.074431,1.9659,399,True
