set,r2_mean,r2_std,r2_ci_lower,r2_ci_upper,rmse_mean,rmse_std,rmse_ci_lower,rmse_ci_upper,mae_mean,mae_std,mae_ci_lower,mae_ci_upper,rho_mean,rho_std,rho_ci_lower,rho_ci_upper,r2_below_zero
VALIDATION,-0.005995018018272713,0.017909901699577832,-0.0077554962491957055,-0.00423453978734972,7.620520804017546,0.3143697209136525,7.589619403249787,7.651422204785304,6.48014886242406,0.24405233387396194,6.456159405184259,6.504138319663861,0.02836386880110715,0.11553922328320056,0.017006783161010078,0.03972095444120422,0.575
