set,r2_mean,r2_std,r2_ci_lower,r2_ci_upper,rmse_mean,rmse_std,rmse_ci_lower,rmse_ci_upper,mae_mean,mae_std,mae_ci_lower,mae_ci_upper,rho_mean,rho_std,rho_ci_lower,rho_ci_upper,r2_below_zero
TEST,-0.002512002354450766,0.022834062734982785,-0.004756507714824391,-0.0002674969940771421,7.790580846661714,0.4896312140228158,7.742451878232598,7.838709815090831,6.663328323056817,0.379922093154523,6.625983362394023,6.700673283719611,0.057233294558823096,0.174958970060823,0.040035463813384284,0.07443112530426191,0.52
