set,r2_mean,r2_std,r2_ci_lower,r2_ci_upper,rmse_mean,rmse_std,rmse_ci_lower,rmse_ci_upper,mae_mean,mae_std,mae_ci_lower,mae_ci_upper,rho_mean,rho_std,rho_ci_lower,rho_ci_upper,r2_below_zero
TEST,-0.008361586517112572,0.05512293624152476,-0.01377997076653857,-0.002943202267686575,3.3469795515642358,0.27085504146921996,3.3203554856011297,3.373603617527342,2.761541810621263,0.18591477376107304,2.7432670641986703,2.7798165570438553,0.06827523394836874,0.20045627412798364,0.04857111090102864,0.08797935699570883,0.48
