set,r2_mean,r2_std,r2_ci_lower,r2_ci_upper,rmse_mean,rmse_std,rmse_ci_lower,rmse_ci_upper,mae_mean,mae_std,mae_ci_lower,mae_ci_upper,rho_mean,rho_std,rho_ci_lower,rho_ci_upper,r2_below_zero
VALIDATION,-0.004263599934042666,0.03798631363180207,-0.007997516476051224,-0.0005296833920341074,3.457522351026963,0.19594517567975708,3.4382616525583205,3.4767830494956056,2.8403124435564155,0.1306117003075858,2.8274737882163494,2.8531510988964817,0.06121988517589459,0.12878777656974955,0.048560514908923075,0.07387925544286611,0.42
