set,r2_mean,r2_std,r2_ci_lower,r2_ci_upper,rmse_mean,rmse_std,rmse_ci_lower,rmse_ci_upper,mae_mean,mae_std,mae_ci_lower,mae_ci_upper,rho_mean,rho_std,rho_ci_lower,rho_ci_upper,r2_below_zero
VALIDATION,0.0020465974326501642,0.02524338397270937,-0.0004347354470178883,0.004527930312318217,7.520154957037805,0.3297510858200845,7.487741624014142,7.552568290061468,6.380555152557597,0.2549867051506756,6.355490886369965,6.405619418745229,0.09549443134486178,0.13334367741340422,0.08238723258658778,0.10860163010313578,0.3375
