set,r2_mean,r2_std,r2_ci_lower,r2_ci_upper,rmse_mean,rmse_std,rmse_ci_lower,rmse_ci_upper,mae_mean,mae_std,mae_ci_lower,mae_ci_upper,rho_mean,rho_std,rho_ci_lower,rho_ci_upper,r2_below_zero
TEST,-0.0025646561056889648,0.046858857457831374,-0.007170711452289789,0.002041399240911859,7.584177661312835,0.5303484556259902,7.532046336049604,7.636308986576066,6.450831002682983,0.42048561710080784,6.409498795072952,6.492163210293014,0.0962566513738434,0.21658525985524188,0.07496710766166653,0.11754619508602027,0.3875
