set,r2_mean,r2_std,r2_ci_lower,r2_ci_upper,rmse_mean,rmse_std,rmse_ci_lower,rmse_ci_upper,mae_mean,mae_std,mae_ci_lower,mae_ci_upper,rho_mean,rho_std,rho_ci_lower,rho_ci_upper,r2_below_zero
TEST,-0.012426979565318292,0.045655930392740324,-0.01691479155430589,-0.007939167576330692,7.759623512689011,0.5037543416732625,7.710106292152305,7.809140733225717,6.575337793526776,0.38278148451160027,6.537711765088052,6.6129638219655,0.09844891081582935,0.20194842945707434,0.0785981143239286,0.1182997073077301,0.5275
