set,r2_mean,r2_std,r2_ci_lower,r2_ci_upper,rmse_mean,rmse_std,rmse_ci_lower,rmse_ci_upper,mae_mean,mae_std,mae_ci_lower,mae_ci_upper,rho_mean,rho_std,rho_ci_lower,rho_ci_upper,r2_below_zero
VALIDATION,-0.010937133475127451,0.03434425141861203,-0.014313048541218395,-0.0075612184090365075,7.635472650960498,0.33064439233825743,7.60297150915345,7.667973792767546,6.495622276637451,0.24593943779094998,6.471447323942617,6.519797229332284,0.07190319455009998,0.12392611026291346,0.05972170840794186,0.0840846806922581,0.5125
