set,r2_mean,r2_std,r2_ci_lower,r2_ci_upper,rmse_mean,rmse_std,rmse_ci_lower,rmse_ci_upper,mae_mean,mae_std,mae_ci_lower,mae_ci_upper,rho_mean,rho_std,rho_ci_lower,rho_ci_upper,r2_below_zero
TEST,-0.01527684887027827,0.04776893341130437,-0.019972361374793784,-0.010581336365762757,2.1943763040591167,0.2736457547119311,2.167477921129064,2.2212746869891693,1.7239403203824526,0.18080796206926425,1.706167554984863,1.7417130857800422,0.07185427977607839,0.189831860032126,0.05319449801244895,0.09051406153970783,0.58
