set,r2_mean,r2_std,r2_ci_lower,r2_ci_upper,rmse_mean,rmse_std,rmse_ci_lower,rmse_ci_upper,mae_mean,mae_std,mae_ci_lower,mae_ci_upper,rho_mean,rho_std,rho_ci_lower,rho_ci_upper,r2_below_zero
VALIDATION,-0.015897730206352784,0.0474470451155813,-0.020561602261528325,-0.011233858151177244,2.2536887344447503,0.18589178569916745,2.2354162476650767,2.271961221224424,1.751933132018313,0.12629556798834543,1.739518736795207,1.7643475272414189,0.07683211346984808,0.12851316512754332,0.06419973650937684,0.08946449043031933,0.5675
