set,r2_mean,r2_std,r2_ci_lower,r2_ci_upper,rmse_mean,rmse_std,rmse_ci_lower,rmse_ci_upper,mae_mean,mae_std,mae_ci_lower,mae_ci_upper,rho_mean,rho_std,rho_ci_lower,rho_ci_upper,r2_below_zero
TEST,-0.013086065484411206,0.06827708814671432,-0.019797455048092296,-0.006374675920730118,2.2158493543943014,0.29241704078157604,2.187105822281056,2.244592886507547,1.7450374457583617,0.1937280244785276,1.7259946851930035,1.76408020632372,0.0908530097464277,0.1795638308791081,0.07320253792215972,0.10850348157069567,0.5525
