set,r2_mean,r2_std,r2_ci_lower,r2_ci_upper,rmse_mean,rmse_std,rmse_ci_lower,rmse_ci_upper,mae_mean,mae_std,mae_ci_lower,mae_ci_upper,rho_mean,rho_std,rho_ci_lower,rho_ci_upper,r2_below_zero
VALIDATION,-0.0061091054246501806,0.04515257725412088,-0.01054743962990281,-0.001670771219397552,2.2627120782178984,0.18368301058877615,2.2446567060022287,2.280767450433568,1.7719233671734256,0.12489807023417186,1.7596463408993654,1.7842003934474857,0.0972919557531963,0.1228909380004721,0.08521222328137386,0.10937168822501873,0.45
