set,r2_mean,r2_std,r2_ci_lower,r2_ci_upper,rmse_mean,rmse_std,rmse_ci_lower,rmse_ci_upper,mae_mean,mae_std,mae_ci_lower,mae_ci_upper,rho_mean,rho_std,rho_ci_lower,rho_ci_upper,r2_below_zero
TEST,-0.011196634197212042,0.05778207519613355,-0.016876402139363637,-0.005516866255060448,3.4590959622092123,0.2564833986120652,3.4338845764951116,3.484307347923313,2.858501876781667,0.18434312420977325,2.8403816177967003,2.8766221357666333,0.06782483380595225,0.20302867911648975,0.0478678526994588,0.0877818149124457,0.485
