set,r2_mean,r2_std,r2_ci_lower,r2_ci_upper,rmse_mean,rmse_std,rmse_ci_lower,rmse_ci_upper,mae_mean,mae_std,mae_ci_lower,mae_ci_upper,rho_mean,rho_std,rho_ci_lower,rho_ci_upper,r2_below_zero
VALIDATION,-0.008498644928165208,0.04005383436189548,-0.012435791242082411,-0.004561498614248003,3.493192101226303,0.16800617705708024,3.4766777047583113,3.5097064976942947,2.8869045714922006,0.12544017595939191,2.874574258196016,2.899234884788385,0.06283891901141594,0.13912962022335024,0.04916298310800644,0.07651485491482546,0.4575
