{
  "best_trial_number": 8,
  "best_value_internal_minimized": 2.7648393616597025,
  "best_params": {
    "regressor": "QuantileRegressor",
    "use_scaler": false,
    "quantile_alpha": 0.03261332783906558,
    "rfe_n_features": 2
  },
  "best_metadata": {
    "regressor": "QuantileRegressor",
    "use_scaler": false,
    "rfe_estimator": {
      "mode": "original",
      "type": "QuantileRegressor"
    },
    "n_candidate_features": 13,
    "rfe_n_features": 2,
    "rfe_selected_features": [
      "pe_T2W30",
      "asp_T2W30"
    ]
  },
  "validation_summary": {
    "n_splits_val": 400,
    "mae_mean_val": 2.7639979179888248,
    "mae_std_val": 0.12279056639561955,
    "mae_ci_lower_val": 2.751928051680888,
    "mae_ci_upper_val": 2.7760677842967616,
    "mae_samperror_val": 0.012069866307936694,
    "mae_t_critical_val": 1.965927295920882,
    "mae_df_val": 399,
    "d2mae_mean_val": 0.0049602088551857345,
    "d2mae_std_val": 0.013737468349007109,
    "d2mae_ci_lower_val": 0.003609865654977622,
    "d2mae_ci_upper_val": 0.006310552055393847,
    "d2mae_samperror_val": 0.0013503432002081126,
    "d2mae_t_critical_val": 1.965927295920882,
    "d2mae_df_val": 399,
    "rmse_mean_val": 3.446927249930576,
    "rmse_std_val": 0.19697297854522788,
    "rmse_ci_lower_val": 3.427565522176531,
    "rmse_ci_upper_val": 3.466288977684621,
    "rmse_samperror_val": 0.01936172775404509,
    "rmse_t_critical_val": 1.965927295920882,
    "rmse_df_val": 399,
    "mape_mean_val": 819142385205287.5,
    "mape_std_val": 504267200439042.3,
    "mape_ci_lower_val": 769574752516251.5,
    "mape_ci_upper_val": 868710017894323.5,
    "mape_samperror_val": 49567632689035.99,
    "mape_t_critical_val": 1.965927295920882,
    "mape_df_val": 399,
    "r2_mean_val": 0.0022570563657439173,
    "r2_std_val": 0.027545717355378915,
    "r2_ci_lower_val": -0.00045058751598913175,
    "r2_ci_upper_val": 0.004964700247476967,
    "r2_samperror_val": 0.002707643881733049,
    "r2_t_critical_val": 1.965927295920882,
    "r2_df_val": 399,
    "median_ae_mean_val": 2.461498772590118,
    "median_ae_std_val": 0.31192573628240594,
    "median_ae_ci_lower_val": 2.430837606627228,
    "median_ae_ci_upper_val": 2.4921599385530078,
    "median_ae_samperror_val": 0.030661165962890022,
    "median_ae_t_critical_val": 1.965927295920882,
    "median_ae_df_val": 399,
    "max_error_mean_val": 8.6187112303706,
    "max_error_std_val": 0.9340025256342451,
    "max_error_ci_lower_val": 8.52690217739043,
    "max_error_ci_upper_val": 8.710520283350771,
    "max_error_samperror_val": 0.0918090529801703,
    "max_error_t_critical_val": 1.965927295920882,
    "max_error_df_val": 399,
    "rho_mean_val": 0.1195210164773811,
    "rho_std_val": 0.1284618688259767,
    "rho_ci_lower_val": 0.10581736995311716,
    "rho_ci_upper_val": 0.13322466300164504,
    "rho_samperror_val": 0.01370364652426394,
    "rho_t_critical_val": 1.9669864608404424,
    "rho_df_val": 339,
    "r2_below_zero_val": 0.4975
  },
  "test_summary": {
    "n_splits_test": 400,
    "mae_mean_test": 2.672534807686244,
    "mae_std_test": 0.184133523362326,
    "mae_ci_lower_test": 2.6544351517026397,
    "mae_ci_upper_test": 2.690634463669848,
    "mae_samperror_test": 0.018099655983604104,
    "mae_t_critical_test": 1.965927295920882,
    "mae_df_test": 399,
    "d2mae_mean_test": 0.004785563890370654,
    "d2mae_std_test": 0.023473913481857518,
    "d2mae_ci_lower_test": 0.00247816352756721,
    "d2mae_ci_upper_test": 0.007092964253174098,
    "d2mae_samperror_test": 0.0023074003628034442,
    "d2mae_t_critical_test": 1.965927295920882,
    "d2mae_df_test": 399,
    "rmse_mean_test": 3.31610506821841,
    "rmse_std_test": 0.2822908491772907,
    "rmse_ci_lower_test": 3.288356903929094,
    "rmse_ci_upper_test": 3.3438532325077257,
    "rmse_samperror_test": 0.02774816428931603,
    "rmse_t_critical_test": 1.965927295920882,
    "rmse_df_test": 399,
    "mape_mean_test": 779100032909872.0,
    "mape_std_test": 791732972993947.9,
    "mape_ci_lower_test": 701275559775402.4,
    "mape_ci_upper_test": 856924506044341.6,
    "mape_samperror_test": 77824473134469.62,
    "mape_t_critical_test": 1.965927295920882,
    "mape_df_test": 399,
    "r2_mean_test": 0.011423142236329642,
    "r2_std_test": 0.04093790845275959,
    "r2_ci_lower_test": 0.0073990946530701285,
    "r2_ci_upper_test": 0.015447189819589157,
    "r2_samperror_test": 0.004024047583259514,
    "r2_t_critical_test": 1.965927295920882,
    "r2_df_test": 399,
    "median_ae_mean_test": 2.3871271978058517,
    "median_ae_std_test": 0.343399272865947,
    "median_ae_ci_lower_test": 2.3533722976095244,
    "median_ae_ci_upper_test": 2.420882098002179,
    "median_ae_samperror_test": 0.03375490019632741,
    "median_ae_t_critical_test": 1.965927295920882,
    "median_ae_df_test": 399,
    "max_error_mean_test": 7.569598820458987,
    "max_error_std_test": 1.272576878578723,
    "max_error_ci_lower_test": 7.444509139371202,
    "max_error_ci_upper_test": 7.694688501546772,
    "max_error_samperror_test": 0.1250896810877853,
    "max_error_t_critical_test": 1.965927295920882,
    "max_error_df_test": 399,
    "rho_mean_test": 0.1275166208050073,
    "rho_std_test": 0.21107161987243617,
    "rho_ci_lower_test": 0.10500059409241151,
    "rho_ci_upper_test": 0.15003264751760312,
    "rho_samperror_test": 0.0225160267125958,
    "rho_t_critical_test": 1.9669864608404424,
    "rho_df_test": 339,
    "r2_below_zero_test": 0.455
  },
  "selected_features": [
    "pe_T2W30",
    "asp_T2W30"
  ]
}