{
  "best_trial_number": 291,
  "best_value_internal_minimized": 2.763816267647753,
  "best_params": {
    "regressor": "QuantileRegressor",
    "use_scaler": true,
    "quantile_alpha": 0.027473428782550158,
    "rfe_n_features": 2
  },
  "best_metadata": {
    "regressor": "QuantileRegressor",
    "use_scaler": true,
    "rfe_estimator": {
      "mode": "original",
      "type": "QuantileRegressor"
    },
    "n_candidate_features": 13,
    "rfe_n_features": 2,
    "rfe_selected_features": [
      "pe_T2W30",
      "l2_T2W30"
    ]
  },
  "validation_summary": {
    "n_splits_val": 400,
    "mae_mean_val": 2.7655399937348086,
    "mae_std_val": 0.1308424251243875,
    "mae_ci_lower_val": 2.752678658983983,
    "mae_ci_upper_val": 2.7784013284856344,
    "mae_samperror_val": 0.012861334750825881,
    "mae_t_critical_val": 1.965927295920882,
    "mae_df_val": 399,
    "d2mae_mean_val": 0.004429447080589033,
    "d2mae_std_val": 0.020106329718100672,
    "d2mae_ci_lower_val": 0.002453067959909067,
    "d2mae_ci_upper_val": 0.006405826201269,
    "d2mae_samperror_val": 0.0019763791206799664,
    "d2mae_t_critical_val": 1.965927295920882,
    "d2mae_df_val": 399,
    "rmse_mean_val": 3.4439878924216565,
    "rmse_std_val": 0.2026188195793939,
    "rmse_ci_lower_val": 3.4240711990177366,
    "rmse_ci_upper_val": 3.4639045858255764,
    "rmse_samperror_val": 0.019916693403919945,
    "rmse_t_critical_val": 1.965927295920882,
    "rmse_df_val": 399,
    "mape_mean_val": 815186397289604.8,
    "mape_std_val": 501049466084306.06,
    "mape_ci_lower_val": 765935056190518.6,
    "mape_ci_upper_val": 864437738388690.9,
    "mape_samperror_val": 49251341099086.08,
    "mape_t_critical_val": 1.965927295920882,
    "mape_df_val": 399,
    "r2_mean_val": 0.0038542082566208726,
    "r2_std_val": 0.036991719073547695,
    "r2_ci_lower_val": 0.00021805674413464572,
    "r2_ci_upper_val": 0.0074903597691070994,
    "r2_samperror_val": 0.003636151512486227,
    "r2_t_critical_val": 1.965927295920882,
    "r2_df_val": 399,
    "median_ae_mean_val": 2.4590920405859436,
    "median_ae_std_val": 0.2637635453874719,
    "median_ae_ci_lower_val": 2.4331650429086387,
    "median_ae_ci_upper_val": 2.4850190382632484,
    "median_ae_samperror_val": 0.02592699767730487,
    "median_ae_t_critical_val": 1.965927295920882,
    "median_ae_df_val": 399,
    "max_error_mean_val": 8.661628503102634,
    "max_error_std_val": 0.9615676603754971,
    "max_error_ci_lower_val": 8.567109897582284,
    "max_error_ci_upper_val": 8.756147108622983,
    "max_error_samperror_val": 0.0945186055203485,
    "max_error_t_critical_val": 1.965927295920882,
    "max_error_df_val": 399,
    "rho_mean_val": 0.12112658211299536,
    "rho_std_val": 0.12630550753797964,
    "rho_ci_lower_val": 0.10814366469805616,
    "rho_ci_upper_val": 0.13410949952793458,
    "rho_samperror_val": 0.012982917414939206,
    "rho_t_critical_val": 1.966484596376788,
    "rho_df_val": 365,
    "r2_below_zero_val": 0.445
  },
  "test_summary": {
    "n_splits_test": 400,
    "mae_mean_test": 2.6717458272788916,
    "mae_std_test": 0.192025699262173,
    "mae_ci_lower_test": 2.6528703990940015,
    "mae_ci_upper_test": 2.690621255463782,
    "mae_samperror_test": 0.018875428184890013,
    "mae_t_critical_test": 1.965927295920882,
    "mae_df_test": 399,
    "d2mae_mean_test": 0.0050485814011057995,
    "d2mae_std_test": 0.03221482033390031,
    "d2mae_ci_lower_test": 0.0018819816697257159,
    "d2mae_ci_upper_test": 0.008215181132485884,
    "d2mae_samperror_test": 0.0031665997313800836,
    "d2mae_t_critical_test": 1.965927295920882,
    "d2mae_df_test": 399,
    "rmse_mean_test": 3.3111862038318587,
    "rmse_std_test": 0.28725382696782653,
    "rmse_ci_lower_test": 3.2829501968671693,
    "rmse_ci_upper_test": 3.339422210796548,
    "rmse_samperror_test": 0.028236006964689208,
    "rmse_t_critical_test": 1.965927295920882,
    "rmse_df_test": 399,
    "mape_mean_test": 776133901210031.0,
    "mape_std_test": 788895277233339.8,
    "mape_ci_lower_test": 698588363253226.2,
    "mape_ci_upper_test": 853679439166835.8,
    "mape_samperror_test": 77545537956804.7,
    "mape_t_critical_test": 1.965927295920882,
    "mape_df_test": 399,
    "r2_mean_test": 0.013989784063851318,
    "r2_std_test": 0.05446869137310675,
    "r2_ci_lower_test": 0.008635709706677278,
    "r2_ci_upper_test": 0.01934385842102536,
    "r2_samperror_test": 0.0053540743571740415,
    "r2_t_critical_test": 1.965927295920882,
    "r2_df_test": 399,
    "median_ae_mean_test": 2.3878943937769113,
    "median_ae_std_test": 0.327560398009934,
    "median_ae_ci_lower_test": 2.3556963974013896,
    "median_ae_ci_upper_test": 2.420092390152433,
    "median_ae_samperror_test": 0.03219799637552187,
    "median_ae_t_critical_test": 1.965927295920882,
    "median_ae_df_test": 399,
    "max_error_mean_test": 7.563487496038282,
    "max_error_std_test": 1.3115164917785982,
    "max_error_ci_lower_test": 7.434570192526385,
    "max_error_ci_upper_test": 7.692404799550179,
    "max_error_samperror_test": 0.12891730351189706,
    "max_error_t_critical_test": 1.965927295920882,
    "max_error_df_test": 399,
    "rho_mean_test": 0.1317838205560474,
    "rho_std_test": 0.20480700230099358,
    "rho_ci_lower_test": 0.11073175047054053,
    "rho_ci_upper_test": 0.15283589064155426,
    "rho_samperror_test": 0.021052070085506868,
    "rho_t_critical_test": 1.966484596376788,
    "rho_df_test": 365,
    "r2_below_zero_test": 0.415
  },
  "selected_features": [
    "pe_T2W30",
    "l2_T2W30"
  ]
}