{
  "mean_abs_shap": {
    "pe_T2W30": 0.22229280013111105,
    "asp_T2W30": 0.0
  },
  "mean_shap": {
    "pe_T2W30": 0.04579826277666007,
    "asp_T2W30": 0.0
  },
  "regressor": "QuantileRegressor",
  "n_subjects": 230,
  "n_features": 2
}