set,r2_mean,r2_std,r2_ci_lower,r2_ci_upper,rmse_mean,rmse_std,rmse_ci_lower,rmse_ci_upper,mae_mean,mae_std,mae_ci_lower,mae_ci_upper,rho_mean,rho_std,rho_ci_lower,rho_ci_upper,r2_below_zero
VALIDATION,-0.007824716983693109,0.019092377128357093,-0.009701428250725746,-0.005948005716660471,1.3866665910219245,0.07593521077969803,1.3792024358422588,1.3941307462015902,1.0805389710095228,0.05484520236888539,1.075147886990158,1.0859300550288875,0.025218587691069806,0.135292946298568,0.011919782887374164,0.03851739249476545,0.615
