set,r2_mean,r2_std,r2_ci_lower,r2_ci_upper,rmse_mean,rmse_std,rmse_ci_lower,rmse_ci_upper,mae_mean,mae_std,mae_ci_lower,mae_ci_upper,rho_mean,rho_std,rho_ci_lower,rho_ci_upper,r2_below_zero
TEST,-0.008489335511523843,0.02293551107821684,-0.010743812875251956,-0.00623485814779573,1.3404537946732407,0.10738517306774133,1.3298982225276876,1.3510093668187937,1.0373608746642164,0.07456055107647677,1.030031843536209,1.0446899057922239,0.0311024566904973,0.1835638592875033,0.013058796614603168,0.049146116766391426,0.6225
