set,r2_mean,r2_std,r2_ci_lower,r2_ci_upper,rmse_mean,rmse_std,rmse_ci_lower,rmse_ci_upper,mae_mean,mae_std,mae_ci_lower,mae_ci_upper,rho_mean,rho_std,rho_ci_lower,rho_ci_upper,r2_below_zero
VALIDATION,-0.005982888821716865,0.02482458365327401,-0.008423055152409,-0.0035427224910247303,7.620022951956107,0.3160000866059926,7.588961292167503,7.651084611744712,6.461919900536482,0.2464902590356246,6.437690804115644,6.486148996957319,0.052964156347903656,0.11235441644699652,0.04192012564238303,0.06400818705342429,0.49
