set,r2_mean,r2_std,r2_ci_lower,r2_ci_upper,rmse_mean,rmse_std,rmse_ci_lower,rmse_ci_upper,mae_mean,mae_std,mae_ci_lower,mae_ci_upper,rho_mean,rho_std,rho_ci_lower,rho_ci_upper,r2_below_zero
TEST,-0.00400834536771491,0.03375853103878101,-0.007326686249681505,-0.0006900044857483145,7.795887814991083,0.5005646352887253,7.746684130996743,7.845091498985423,6.652203435620112,0.3984533109183996,6.613036923615885,6.691369947624338,0.07982100308493488,0.1893429434208177,0.061209280046885445,0.09843272612298432,0.4525
