set,r2_mean,r2_std,r2_ci_lower,r2_ci_upper,rmse_mean,rmse_std,rmse_ci_lower,rmse_ci_upper,mae_mean,mae_std,mae_ci_lower,mae_ci_upper,rho_mean,rho_std,rho_ci_lower,rho_ci_upper,r2_below_zero
VALIDATION,-0.007016950722935559,0.022502163065773764,-0.009228831552348927,-0.004805069893522191,7.624246498714092,0.3190808585361242,7.59288201024399,7.655610987184193,6.4839307972568125,0.24822668162720823,6.459531016807473,6.508330577706152,0.03615951765573097,0.11723848390785421,0.02463540087338939,0.04768363443807255,0.5375
