set,r2_mean,r2_std,r2_ci_lower,r2_ci_upper,rmse_mean,rmse_std,rmse_ci_lower,rmse_ci_upper,mae_mean,mae_std,mae_ci_lower,mae_ci_upper,rho_mean,rho_std,rho_ci_lower,rho_ci_upper,r2_below_zero
TEST,-0.0032339932091407842,0.02655300292043298,-0.005844056870638088,-0.0006239295476434801,7.793251941165624,0.4929831452991477,7.744793490076998,7.84171039225425,6.666519174272269,0.38282248084209436,6.628889116043288,6.7041492325012495,0.06989400900673821,0.18030024388482402,0.05217115046101983,0.0876168675524566,0.51
