set,r2_mean,r2_std,r2_ci_lower,r2_ci_upper,rmse_mean,rmse_std,rmse_ci_lower,rmse_ci_upper,mae_mean,mae_std,mae_ci_lower,mae_ci_upper,rho_mean,rho_std,rho_ci_lower,rho_ci_upper,r2_below_zero
VALIDATION,-0.013798053415573514,0.06289444938984447,-0.019980349156443998,-0.00761575767470303,2.2509528359204483,0.18715741509229714,2.232555942372251,2.2693497294686455,1.750670904645644,0.12538377949803028,1.7383461349165987,1.762995674374689,0.08622203944137623,0.12796437523538903,0.07364360653234056,0.0988004723504119,0.5175
