set,r2_mean,r2_std,r2_ci_lower,r2_ci_upper,rmse_mean,rmse_std,rmse_ci_lower,rmse_ci_upper,mae_mean,mae_std,mae_ci_lower,mae_ci_upper,rho_mean,rho_std,rho_ci_lower,rho_ci_upper,r2_below_zero
TEST,-0.013515187210801504,0.054287696509591366,-0.018851470430845226,-0.008178903990757783,2.1923080168204887,0.27499702249876334,2.165276809179124,2.2193392244618533,1.7230383230058248,0.18072753233976144,1.7052734635582667,1.740803182453383,0.07270302380624244,0.18894707067730496,0.05413021361980215,0.09127583399268273,0.5675
