set,r2_mean,r2_std,r2_ci_lower,r2_ci_upper,rmse_mean,rmse_std,rmse_ci_lower,rmse_ci_upper,mae_mean,mae_std,mae_ci_lower,mae_ci_upper,rho_mean,rho_std,rho_ci_lower,rho_ci_upper,r2_below_zero
VALIDATION,-0.00678126524442014,0.04756364850337833,-0.011456598988739033,-0.002105931500101247,1.348965004874217,0.07892486799034752,1.3412069772587583,1.3567230324896757,1.0527222768556603,0.06059713025498851,1.0467657992345225,1.0586787544767982,0.10664086119565593,0.1220357982375971,0.09464518585391665,0.1186365365373952,0.425
