set,r2_mean,r2_std,r2_ci_lower,r2_ci_upper,rmse_mean,rmse_std,rmse_ci_lower,rmse_ci_upper,mae_mean,mae_std,mae_ci_lower,mae_ci_upper,rho_mean,rho_std,rho_ci_lower,rho_ci_upper,r2_below_zero
TEST,-0.003425784823027868,0.05872183117211368,-0.009197927361413668,0.0023463577153579316,1.3557983467978938,0.11571891189824388,1.3444235984201427,1.367173095175645,1.0667716494057276,0.09022172989368196,1.057903181331568,1.075640117479887,0.1207063058437138,0.19449900759884536,0.10158776044030914,0.13982485124711844,0.44
