set,r2_mean,r2_std,r2_ci_lower,r2_ci_upper,rmse_mean,rmse_std,rmse_ci_lower,rmse_ci_upper,mae_mean,mae_std,mae_ci_lower,mae_ci_upper,rho_mean,rho_std,rho_ci_lower,rho_ci_upper,r2_below_zero
VALIDATION,-0.02017271808815513,0.037177177185511834,-0.02382709945886937,-0.016518336717440893,1.349337750658308,0.0731278356312375,1.3421495502503547,1.3565259510662613,1.0344376697841322,0.05420503262479121,1.0291095121234644,1.0397658274448,-0.03985812211958423,0.1366796331151641,-0.05329323319646186,-0.02642301104270659,0.715
