set,r2_mean,r2_std,r2_ci_lower,r2_ci_upper,rmse_mean,rmse_std,rmse_ci_lower,rmse_ci_upper,mae_mean,mae_std,mae_ci_lower,mae_ci_upper,rho_mean,rho_std,rho_ci_lower,rho_ci_upper,r2_below_zero
TEST,-0.027342936421632835,0.048536298538831575,-0.03211387812865552,-0.022571994714610143,1.3321976849192412,0.11300765684245585,1.3210894430575089,1.3433059267809735,1.0283498972200282,0.08166711237240964,1.0203223169504303,1.0363774774896262,-0.06228306271582806,0.19257712785803052,-0.08121269432713545,-0.04335343110452067,0.7975
