{
  "best_trial_number": 101,
  "best_value_internal_minimized": 2.8270527431699217,
  "best_params": {
    "regressor": "ExtraTreesRegressor",
    "use_scaler": false,
    "et_n_estimators": 475,
    "et_max_depth": 2,
    "et_min_samples_split": 9,
    "et_min_samples_leaf": 5,
    "et_max_features": null,
    "rfe_n_features": 2
  },
  "best_metadata": {
    "regressor": "ExtraTreesRegressor",
    "use_scaler": false,
    "rfe_estimator": {
      "mode": "original",
      "type": "ExtraTreesRegressor"
    },
    "n_candidate_features": 13,
    "rfe_n_features": 2,
    "rfe_selected_features": [
      "nodes_T6W30",
      "density_T6W30"
    ]
  },
  "validation_summary": {
    "n_splits_val": 200,
    "mae_mean_val": 2.8270250008752185,
    "mae_std_val": 0.12377817719347169,
    "mae_ci_lower_val": 2.809765571815393,
    "mae_ci_upper_val": 2.844284429935044,
    "mae_samperror_val": 0.017259429059825797,
    "mae_t_critical_val": 1.9719565442517535,
    "mae_df_val": 199,
    "d2mae_mean_val": -0.003133091300653275,
    "d2mae_std_val": 0.019863912979331867,
    "d2mae_ci_lower_val": -0.005902883235635925,
    "d2mae_ci_upper_val": -0.00036329936567062494,
    "d2mae_samperror_val": 0.00276979193498265,
    "d2mae_t_critical_val": 1.9719565442517535,
    "d2mae_df_val": 199,
    "rmse_mean_val": 3.4348494855243557,
    "rmse_std_val": 0.18708735919960942,
    "rmse_ci_lower_val": 3.408762326403821,
    "rmse_ci_upper_val": 3.46093664464489,
    "rmse_samperror_val": 0.02608715912053447,
    "rmse_t_critical_val": 1.9719565442517535,
    "rmse_df_val": 199,
    "mape_mean_val": 996599156914279.6,
    "mape_std_val": 548935328092717.0,
    "mape_ci_lower_val": 920056501589507.8,
    "mape_ci_upper_val": 1073141812239051.5,
    "mape_samperror_val": 76542655324771.94,
    "mape_t_critical_val": 1.9719565442517535,
    "mape_df_val": 199,
    "r2_mean_val": 0.0073663965694673325,
    "r2_std_val": 0.030157860093704,
    "r2_ci_lower_val": 0.0031612332790930077,
    "r2_ci_upper_val": 0.011571559859841658,
    "r2_samperror_val": 0.004205163290374325,
    "r2_t_critical_val": 1.9719565442517535,
    "r2_df_val": 199,
    "median_ae_mean_val": 2.5497602310026033,
    "median_ae_std_val": 0.17708814590066957,
    "median_ae_ci_lower_val": 2.5250673460303896,
    "median_ae_ci_upper_val": 2.574453115974817,
    "median_ae_samperror_val": 0.024692884972213745,
    "median_ae_t_critical_val": 1.9719565442517535,
    "median_ae_df_val": 199,
    "max_error_mean_val": 8.250550975891366,
    "max_error_std_val": 1.0136787383719343,
    "max_error_ci_lower_val": 8.10920525024671,
    "max_error_ci_upper_val": 8.391896701536023,
    "max_error_samperror_val": 0.14134572564465644,
    "max_error_t_critical_val": 1.9719565442517535,
    "max_error_df_val": 199,
    "rho_mean_val": 0.1414463590251479,
    "rho_std_val": 0.11905205228633407,
    "rho_ci_lower_val": 0.12484593318715109,
    "rho_ci_upper_val": 0.15804678486314472,
    "rho_samperror_val": 0.01660042583799681,
    "rho_t_critical_val": 1.9719565442517535,
    "rho_df_val": 199,
    "r2_below_zero_val": 0.295
  },
  "test_summary": {
    "n_splits_test": 200,
    "mae_mean_test": 2.8489963717764817,
    "mae_std_test": 0.19529631298492936,
    "mae_ci_lower_test": 2.821764569401978,
    "mae_ci_upper_test": 2.8762281741509854,
    "mae_samperror_test": 0.02723180237450372,
    "mae_t_critical_test": 1.9719565442517535,
    "mae_df_test": 199,
    "d2mae_mean_test": -0.011797134415810049,
    "d2mae_std_test": 0.03423284872602655,
    "d2mae_ci_lower_test": -0.01657050753778688,
    "d2mae_ci_upper_test": -0.007023761293833219,
    "d2mae_samperror_test": 0.00477337312197683,
    "d2mae_t_critical_test": 1.9719565442517535,
    "d2mae_df_test": 199,
    "rmse_mean_test": 3.449267065205157,
    "rmse_std_test": 0.27796519773307776,
    "rmse_ci_lower_test": 3.4105080470958846,
    "rmse_ci_upper_test": 3.4880260833144296,
    "rmse_samperror_test": 0.03875901810927248,
    "rmse_t_critical_test": 1.9719565442517535,
    "rmse_df_test": 199,
    "mape_mean_test": 1058661258938541.1,
    "mape_std_test": 851737660714291.2,
    "mape_ci_lower_test": 939896335540916.4,
    "mape_ci_upper_test": 1177426182336165.8,
    "mape_samperror_test": 118764923397624.73,
    "mape_t_critical_test": 1.9719565442517535,
    "mape_df_test": 199,
    "r2_mean_test": 0.0015119107384605074,
    "r2_std_test": 0.054267728281307624,
    "r2_ci_lower_test": -0.006055093621646769,
    "r2_ci_upper_test": 0.009078915098567784,
    "r2_samperror_test": 0.007567004360107276,
    "r2_t_critical_test": 1.9719565442517535,
    "r2_df_test": 199,
    "median_ae_mean_test": 2.5678660885785805,
    "median_ae_std_test": 0.24799141868952734,
    "median_ae_ci_lower_test": 2.5332865657954384,
    "median_ae_ci_upper_test": 2.6024456113617225,
    "median_ae_samperror_test": 0.03457952278314211,
    "median_ae_t_critical_test": 1.9719565442517535,
    "median_ae_df_test": 199,
    "max_error_mean_test": 7.662994201616856,
    "max_error_std_test": 1.3329346930575119,
    "max_error_ci_lower_test": 7.477131941420152,
    "max_error_ci_upper_test": 7.84885646181356,
    "max_error_samperror_test": 0.18586226019670427,
    "max_error_t_critical_test": 1.9719565442517535,
    "max_error_df_test": 199,
    "rho_mean_test": 0.1366891619921946,
    "rho_std_test": 0.2096663399591159,
    "rho_ci_lower_test": 0.10745362627169816,
    "rho_ci_upper_test": 0.16592469771269105,
    "rho_samperror_test": 0.02923553572049645,
    "rho_t_critical_test": 1.9719565442517535,
    "rho_df_test": 199,
    "r2_below_zero_test": 0.405
  },
  "selected_features": [
    "nodes_T6W30",
    "density_T6W30"
  ]
}