set,r2_mean,r2_std,r2_ci_lower,r2_ci_upper,rmse_mean,rmse_std,rmse_ci_lower,rmse_ci_upper,mae_mean,mae_std,mae_ci_lower,mae_ci_upper,rho_mean,rho_std,rho_ci_lower,rho_ci_upper,r2_below_zero
TEST,-0.016682514674424304,0.06381905037052564,-0.022955695330582605,-0.010409334018266003,2.1815162065430496,0.2755485041020437,2.154430790264831,2.208601622821268,1.697667222892191,0.19078670087700017,1.6789135837445517,1.7164208620398302,0.04125238447512254,0.1940843238814369,0.022174600973679248,0.06033016797656583,0.57
