set,r2_mean,r2_std,r2_ci_lower,r2_ci_upper,rmse_mean,rmse_std,rmse_ci_lower,rmse_ci_upper,mae_mean,mae_std,mae_ci_lower,mae_ci_upper,rho_mean,rho_std,rho_ci_lower,rho_ci_upper,r2_below_zero
VALIDATION,-0.010816111024662982,0.04418888394893658,-0.015159717681237708,-0.006472504368088254,2.2536170737455254,0.1918613567189272,2.2347577998352177,2.272476347655833,1.761353572877218,0.12770903344347562,1.748800239138108,1.7739069066163282,0.06263551704003767,0.12890983417089016,0.0499641489545783,0.07530688512549703,0.535
