{
  "best_trial_number": 9,
  "best_value_internal_minimized": 2.8087542087542094,
  "best_params": {
    "regressor": "QuantileRegressor",
    "use_scaler": false,
    "quantile_alpha": 5.18260989109199,
    "rfe_n_features": 8
  },
  "best_metadata": {
    "regressor": "QuantileRegressor",
    "use_scaler": false,
    "rfe_estimator": {
      "mode": "original",
      "type": "QuantileRegressor"
    },
    "n_candidate_features": 22,
    "rfe_n_features": 8,
    "rfe_selected_features": [
      "z_pe_T2W40",
      "z_l1_T2W40",
      "z_l2_T2W40",
      "z_l3_T2W40",
      "z_lsc_T2W40",
      "z_density_T2W40",
      "z_diameter_T2W40",
      "z_asp_T2W40"
    ]
  },
  "validation_summary": {
    "n_splits_val": 400,
    "mae_mean_val": 2.7966666666666664,
    "mae_std_val": 0.11847499897174349,
    "mae_ci_lower_val": 2.785021004948529,
    "mae_ci_upper_val": 2.8083123283848037,
    "mae_samperror_val": 0.011645661718137449,
    "mae_t_critical_val": 1.965927295920882,
    "mae_df_val": 399,
    "d2mae_mean_val": -0.0007360741893027512,
    "d2mae_std_val": 0.003461245990314463,
    "d2mae_ci_lower_val": -0.0010763020878155466,
    "d2mae_ci_upper_val": -0.0003958462907899558,
    "d2mae_samperror_val": 0.0003402278985127954,
    "d2mae_t_critical_val": 1.965927295920882,
    "d2mae_df_val": 399,
    "rmse_mean_val": 3.505019595752921,
    "rmse_std_val": 0.19731946385257443,
    "rmse_ci_lower_val": 3.485623809752709,
    "rmse_ci_upper_val": 3.5244153817531334,
    "rmse_samperror_val": 0.019395786000212495,
    "rmse_t_critical_val": 1.965927295920882,
    "rmse_df_val": 399,
    "mape_mean_val": 775619935824919.4,
    "mape_std_val": 504148325277736.7,
    "mape_ci_lower_val": 726063988132104.2,
    "mape_ci_upper_val": 825175883517734.5,
    "mape_samperror_val": 49555947692815.11,
    "mape_t_critical_val": 1.965927295920882,
    "mape_df_val": 399,
    "r2_mean_val": -0.032953264964300094,
    "r2_std_val": 0.01133548340664117,
    "r2_ci_lower_val": -0.0340675017763788,
    "r2_ci_upper_val": -0.03183902815222139,
    "r2_samperror_val": 0.001114236812078705,
    "r2_t_critical_val": 1.965927295920882,
    "r2_df_val": 399,
    "median_ae_mean_val": 2.37,
    "median_ae_std_val": 0.4834089475033699,
    "median_ae_ci_lower_val": 2.322482657750537,
    "median_ae_ci_upper_val": 2.417517342249463,
    "median_ae_samperror_val": 0.04751734224946298,
    "median_ae_t_critical_val": 1.965927295920882,
    "median_ae_df_val": 399,
    "max_error_mean_val": 8.77,
    "max_error_std_val": 0.8389634372979594,
    "max_error_ci_lower_val": 8.687532943916816,
    "max_error_ci_upper_val": 8.852467056083183,
    "max_error_samperror_val": 0.08246705608318329,
    "max_error_t_critical_val": 1.965927295920882,
    "max_error_df_val": 399,
    "rho_mean_val": NaN,
    "rho_std_val": NaN,
    "rho_ci_lower_val": NaN,
    "rho_ci_upper_val": NaN,
    "rho_samperror_val": NaN,
    "rho_t_critical_val": NaN,
    "rho_df_val": NaN,
    "r2_below_zero_val": 1.0
  },
  "test_summary": {
    "n_splits_test": 400,
    "mae_mean_test": 2.693695652173913,
    "mae_std_test": 0.17663219712283312,
    "mae_ci_lower_test": 2.6763333492908004,
    "mae_ci_upper_test": 2.7110579550570257,
    "mae_samperror_test": 0.017362302883112777,
    "mae_t_critical_test": 1.965927295920882,
    "mae_df_test": 399,
    "d2mae_mean_test": -0.001419285210324297,
    "d2mae_std_test": 0.006294851603874495,
    "d2mae_ci_lower_test": -0.002038046239915708,
    "d2mae_ci_upper_test": -0.0008005241807328863,
    "d2mae_samperror_test": 0.0006187610295914107,
    "d2mae_t_critical_test": 1.965927295920882,
    "d2mae_df_test": 399,
    "rmse_mean_test": 3.384460808706598,
    "rmse_std_test": 0.28471472234603495,
    "rmse_ci_lower_test": 3.3564743864960676,
    "rmse_ci_upper_test": 3.4124472309171283,
    "rmse_samperror_test": 0.02798642221053026,
    "rmse_t_critical_test": 1.965927295920882,
    "rmse_df_test": 399,
    "mape_mean_test": 839529713145696.4,
    "mape_std_test": 815566404170780.9,
    "mape_ci_lower_test": 759362500365927.4,
    "mape_ci_upper_test": 919696925925465.4,
    "mape_samperror_test": 80167212779769.03,
    "mape_t_critical_test": 1.965927295920882,
    "mape_df_test": 399,
    "r2_mean_test": -0.016477443555087384,
    "r2_std_test": 0.011618348044732775,
    "r2_ci_lower_test": -0.017619484932819843,
    "r2_ci_upper_test": -0.015335402177354926,
    "r2_samperror_test": 0.0011420413777324585,
    "r2_t_critical_test": 1.965927295920882,
    "r2_df_test": 399,
    "median_ae_mean_test": 2.315,
    "median_ae_std_test": 0.4650976128445342,
    "median_ae_ci_lower_test": 2.269282595382064,
    "median_ae_ci_upper_test": 2.3607174046179358,
    "median_ae_samperror_test": 0.04571740461793562,
    "median_ae_t_critical_test": 1.965927295920882,
    "median_ae_df_test": 399,
    "max_error_mean_test": 7.8825,
    "max_error_std_test": 1.3145393810993844,
    "max_error_ci_lower_test": 7.753285557456689,
    "max_error_ci_upper_test": 8.011714442543312,
    "max_error_samperror_test": 0.12921444254331113,
    "max_error_t_critical_test": 1.965927295920882,
    "max_error_df_test": 399,
    "rho_mean_test": NaN,
    "rho_std_test": NaN,
    "rho_ci_lower_test": NaN,
    "rho_ci_upper_test": NaN,
    "rho_samperror_test": NaN,
    "rho_t_critical_test": NaN,
    "rho_df_test": NaN,
    "r2_below_zero_test": 0.995
  },
  "selected_features": [
    "z_pe_T2W40",
    "z_l1_T2W40",
    "z_l2_T2W40",
    "z_l3_T2W40",
    "z_lsc_T2W40",
    "z_density_T2W40",
    "z_diameter_T2W40",
    "z_asp_T2W40"
  ]
}