set,r2_mean,r2_std,r2_ci_lower,r2_ci_upper,rmse_mean,rmse_std,rmse_ci_lower,rmse_ci_upper,mae_mean,mae_std,mae_ci_lower,mae_ci_upper,rho_mean,rho_std,rho_ci_lower,rho_ci_upper,r2_below_zero
VALIDATION,-0.0005896773391902848,0.0392575126954309,-0.004448548128085692,0.003269193449705123,3.4513876073660072,0.20031943618964174,3.431696934990572,3.4710782797414423,2.8270284378862,0.1358085275593213,2.8136789533188153,2.840377922453585,0.0831777093487591,0.13600712397796885,0.06980870347535988,0.09654671522215831,0.4025
