set,r2_mean,r2_std,r2_ci_lower,r2_ci_upper,rmse_mean,rmse_std,rmse_ci_lower,rmse_ci_upper,mae_mean,mae_std,mae_ci_lower,mae_ci_upper,rho_mean,rho_std,rho_ci_lower,rho_ci_upper,r2_below_zero
TEST,-0.006457720547315886,0.058788993144656576,-0.012236464863455185,-0.0006789762311765887,3.3438859232813796,0.2751189178570188,3.316842733769413,3.370929112793346,2.755566346925168,0.18794817513259185,2.7370917245395843,2.774040969310752,0.08131941319928095,0.2038917810635794,0.06127759230894019,0.1013612340896217,0.475
