set,r2_mean,r2_std,r2_ci_lower,r2_ci_upper,rmse_mean,rmse_std,rmse_ci_lower,rmse_ci_upper,mae_mean,mae_std,mae_ci_lower,mae_ci_upper,rho_mean,rho_std,rho_ci_lower,rho_ci_upper,r2_below_zero
VALIDATION,-0.01049619822771144,0.024274766711726792,-0.012882319551746204,-0.008110076903676676,7.637375369248202,0.32077523879220254,7.605844329358346,7.668906409138058,6.505249010573352,0.24029302567010932,6.481629079664137,6.528868941482567,-0.06563366645796108,0.12584156952892858,-0.0780034352828834,-0.05326389763303877,0.8
