set,r2_mean,r2_std,r2_ci_lower,r2_ci_upper,rmse_mean,rmse_std,rmse_ci_lower,rmse_ci_upper,mae_mean,mae_std,mae_ci_lower,mae_ci_upper,rho_mean,rho_std,rho_ci_lower,rho_ci_upper,r2_below_zero
TEST,-0.008806853771354754,0.020592299819237176,-0.010831001986376005,-0.0067827055563335036,7.814944315393072,0.48665741645322097,7.767107660454686,7.862780970331459,6.692532942317859,0.37119762605519174,6.656045565055712,6.729020319580006,-0.04274301795114239,0.18334430810334762,-0.06076509694374735,-0.024720938958537428,0.71
