{
  "best_trial_number": 8,
  "best_value_internal_minimized": 1.0204169353105523,
  "best_params": {
    "regressor": "QuantileRegressor",
    "use_scaler": false,
    "quantile_alpha": 0.03261332783906558,
    "rfe_n_features": 2
  },
  "best_metadata": {
    "regressor": "QuantileRegressor",
    "use_scaler": false,
    "rfe_estimator": {
      "mode": "original",
      "type": "QuantileRegressor"
    },
    "n_candidate_features": 9,
    "rfe_n_features": 2,
    "rfe_selected_features": [
      "z_diameter_T2W30",
      "z_asp_T2W30"
    ]
  },
  "validation_summary": {
    "n_splits_val": 400,
    "mae_mean_val": 1.0254787234042553,
    "mae_std_val": 0.05346431923061319,
    "mae_ci_lower_val": 1.0202233751775909,
    "mae_ci_upper_val": 1.0307340716309197,
    "mae_samperror_val": 0.00525534822666451,
    "mae_t_critical_val": 1.965927295920882,
    "mae_df_val": 399,
    "d2mae_mean_val": -1.0547118733938987e-17,
    "d2mae_std_val": 5.225469881667348e-17,
    "d2mae_ci_lower_val": -1.5683565671130138e-17,
    "d2mae_ci_upper_val": -5.410671796747837e-18,
    "d2mae_samperror_val": 5.1364469371911505e-18,
    "d2mae_t_critical_val": 1.965927295920882,
    "d2mae_df_val": 399,
    "rmse_mean_val": 1.3457463838311412,
    "rmse_std_val": 0.07643938764160993,
    "rmse_ci_lower_val": 1.3382326698987352,
    "rmse_ci_upper_val": 1.3532600977635472,
    "rmse_samperror_val": 0.007513713932405915,
    "rmse_t_critical_val": 1.965927295920882,
    "rmse_df_val": 399,
    "mape_mean_val": 306867612907532.6,
    "mape_std_val": 257910652448690.72,
    "mape_ci_lower_val": 281515933329650.4,
    "mape_ci_upper_val": 332219292485414.9,
    "mape_samperror_val": 25351679577882.246,
    "mape_t_critical_val": 1.965927295920882,
    "mape_df_val": 399,
    "r2_mean_val": -0.0021994790940825337,
    "r2_std_val": 0.002835684489009385,
    "r2_ci_lower_val": -0.002478216571060684,
    "r2_ci_upper_val": -0.0019207416171043833,
    "r2_samperror_val": 0.00027873747697815043,
    "r2_t_critical_val": 1.965927295920882,
    "r2_df_val": 399,
    "median_ae_mean_val": 1.0,
    "median_ae_std_val": 2.189624482952098e-16,
    "median_ae_ci_lower_val": 1.0,
    "median_ae_ci_upper_val": 1.0,
    "median_ae_samperror_val": 2.1523212694260887e-17,
    "median_ae_t_critical_val": 1.965927295920882,
    "median_ae_df_val": 399,
    "max_error_mean_val": 2.9925,
    "max_error_std_val": 0.08638521873004427,
    "max_error_ci_lower_val": 2.9840086470267257,
    "max_error_ci_upper_val": 3.0009913529732746,
    "max_error_samperror_val": 0.008491352973274493,
    "max_error_t_critical_val": 1.965927295920882,
    "max_error_df_val": 399,
    "rho_mean_val": NaN,
    "rho_std_val": NaN,
    "rho_ci_lower_val": NaN,
    "rho_ci_upper_val": NaN,
    "rho_samperror_val": NaN,
    "rho_t_critical_val": NaN,
    "rho_df_val": NaN,
    "r2_below_zero_val": 0.89
  },
  "test_summary": {
    "n_splits_test": 400,
    "mae_mean_test": 1.0243478260869565,
    "mae_std_test": 0.08163282903431936,
    "mae_ci_lower_test": 1.0163236157448658,
    "mae_ci_upper_test": 1.0323720364290472,
    "mae_samperror_test": 0.008024210342090556,
    "mae_t_critical_test": 1.965927295920882,
    "mae_df_test": 399,
    "d2mae_mean_test": -2.2759572004815708e-17,
    "d2mae_std_test": 7.100199525589858e-17,
    "d2mae_ci_lower_test": -2.973881003173651e-17,
    "d2mae_ci_upper_test": -1.5780333977894907e-17,
    "d2mae_samperror_test": 6.9792380269208e-18,
    "d2mae_t_critical_test": 1.965927295920882,
    "d2mae_df_test": 399,
    "rmse_mean_test": 1.3470506980451937,
    "rmse_std_test": 0.11538539042394574,
    "rmse_ci_lower_test": 1.3357087336159477,
    "rmse_ci_upper_test": 1.3583926624744398,
    "rmse_samperror_test": 0.011341964429246145,
    "rmse_t_critical_test": 1.965927295920882,
    "rmse_df_test": 399,
    "mape_mean_test": 284901628601047.06,
    "mape_std_test": 383333006481348.06,
    "mape_ci_lower_test": 247221387557592.12,
    "mape_ci_upper_test": 322581869644502.0,
    "mape_samperror_test": 37680241043454.92,
    "mape_t_critical_test": 1.965927295920882,
    "mape_df_test": 399,
    "r2_mean_test": -0.004836075825230966,
    "r2_std_test": 0.006568613653627874,
    "r2_ci_lower_test": -0.005481746669132247,
    "r2_ci_upper_test": -0.004190404981329684,
    "r2_samperror_test": 0.0006456708439012816,
    "r2_t_critical_test": 1.965927295920882,
    "r2_df_test": 399,
    "median_ae_mean_test": 1.0,
    "median_ae_std_test": 2.189624482952098e-16,
    "median_ae_ci_lower_test": 1.0,
    "median_ae_ci_upper_test": 1.0,
    "median_ae_samperror_test": 2.1523212694260887e-17,
    "median_ae_t_critical_test": 1.965927295920882,
    "median_ae_df_test": 399,
    "max_error_mean_test": 2.8875,
    "max_error_std_test": 0.31637633439055773,
    "max_error_ci_lower_test": 2.8564013564219106,
    "max_error_ci_upper_test": 2.9185986435780897,
    "max_error_samperror_test": 0.0310986435780895,
    "max_error_t_critical_test": 1.965927295920882,
    "max_error_df_test": 399,
    "rho_mean_test": NaN,
    "rho_std_test": NaN,
    "rho_ci_lower_test": NaN,
    "rho_ci_upper_test": NaN,
    "rho_samperror_test": NaN,
    "rho_t_critical_test": NaN,
    "rho_df_test": NaN,
    "r2_below_zero_test": 0.8
  },
  "selected_features": [
    "z_diameter_T2W30",
    "z_asp_T2W30"
  ]
}