set,r2_mean,r2_std,r2_ci_lower,r2_ci_upper,rmse_mean,rmse_std,rmse_ci_lower,rmse_ci_upper,mae_mean,mae_std,mae_ci_lower,mae_ci_upper,rho_mean,rho_std,rho_ci_lower,rho_ci_upper,r2_below_zero
TEST,-0.01260035140401356,0.06218697971394957,-0.01871310544754014,-0.006487597360486979,2.1911679158126094,0.2769466014380899,2.163945071648626,2.2183907599765926,1.721949774745171,0.1826710206641629,1.7039938774603007,1.7399056720300414,0.12641128310036406,0.18217329318607675,0.10850431061724877,0.14431825558347935,0.4925
