set,r2_mean,r2_std,r2_ci_lower,r2_ci_upper,rmse_mean,rmse_std,rmse_ci_lower,rmse_ci_upper,mae_mean,mae_std,mae_ci_lower,mae_ci_upper,rho_mean,rho_std,rho_ci_lower,rho_ci_upper,r2_below_zero
VALIDATION,-0.012039341552209823,0.044818101133306046,-0.016444797970675273,-0.007633885133744375,2.249347916301558,0.18442870433149056,2.231219245101728,2.267476587501388,1.7501990633696416,0.1252229884805507,1.7378900988131065,1.7625080279261767,0.1356484270264361,0.12564686246814463,0.12329779719778897,0.14799905685508322,0.475
