set,r2_mean,r2_std,r2_ci_lower,r2_ci_upper,rmse_mean,rmse_std,rmse_ci_lower,rmse_ci_upper,mae_mean,mae_std,mae_ci_lower,mae_ci_upper,rho_mean,rho_std,rho_ci_lower,rho_ci_upper,r2_below_zero
TEST,-0.008489496810072723,0.07066962663700405,-0.015436064209983908,-0.0015429294101615386,3.4534729656359753,0.2598181314763489,3.4279337878037497,3.479012143468201,2.853495292074025,0.19189801397571687,2.8346324148886315,2.8723581692594187,0.06266723174794732,0.20494676908922407,0.042521709369782335,0.0828127541261123,0.4825
