set,r2_mean,r2_std,r2_ci_lower,r2_ci_upper,rmse_mean,rmse_std,rmse_ci_lower,rmse_ci_upper,mae_mean,mae_std,mae_ci_lower,mae_ci_upper,rho_mean,rho_std,rho_ci_lower,rho_ci_upper,r2_below_zero
VALIDATION,-0.004738127449356498,0.04357738052712097,-0.00902162554250641,-0.00045462935620658746,3.4865207448309765,0.16994803322015556,3.4698154709611977,3.5032260187007553,2.880297835287556,0.12707787343848184,2.8678065422825414,2.892789128292571,0.06438736255467374,0.13081047237794116,0.051529168642668786,0.07724555646667869,0.4325
