{
  "best_trial_number": 124,
  "best_value_internal_minimized": 2.813460151050729,
  "best_params": {
    "regressor": "QuantileRegressor",
    "use_scaler": true,
    "quantile_alpha": 0.025992279021942115,
    "rfe_n_features": 4
  },
  "best_metadata": {
    "regressor": "QuantileRegressor",
    "use_scaler": true,
    "rfe_estimator": {
      "mode": "original",
      "type": "QuantileRegressor"
    },
    "n_candidate_features": 22,
    "rfe_n_features": 4,
    "rfe_selected_features": [
      "density_T6W30",
      "z_l1_T6W30",
      "z_diameter_T6W30",
      "z_asp_T6W30"
    ]
  },
  "validation_summary": {
    "n_splits_val": 400,
    "mae_mean_val": 2.804173662496296,
    "mae_std_val": 0.12928122139253467,
    "mae_ci_lower_val": 2.7914657883970175,
    "mae_ci_upper_val": 2.8168815365955746,
    "mae_samperror_val": 0.012707874099278729,
    "mae_t_critical_val": 1.965927295920882,
    "mae_df_val": 399,
    "d2mae_mean_val": 0.005236419293036381,
    "d2mae_std_val": 0.023871990883538814,
    "d2mae_ci_lower_val": 0.0028898893687402103,
    "d2mae_ci_upper_val": 0.0075829492173325515,
    "d2mae_samperror_val": 0.0023465299242961704,
    "d2mae_t_critical_val": 1.965927295920882,
    "d2mae_df_val": 399,
    "rmse_mean_val": 3.4521132981041522,
    "rmse_std_val": 0.19032356016953472,
    "rmse_ci_lower_val": 3.433405184004446,
    "rmse_ci_upper_val": 3.4708214122038585,
    "rmse_samperror_val": 0.018708114099706435,
    "rmse_t_critical_val": 1.965927295920882,
    "rmse_df_val": 399,
    "mape_mean_val": 898028181119848.4,
    "mape_std_val": 514444481729694.44,
    "mape_ci_lower_val": 847460158676434.5,
    "mape_ci_upper_val": 948596203563262.2,
    "mape_samperror_val": 50568022443413.89,
    "mape_t_critical_val": 1.965927295920882,
    "mape_df_val": 399,
    "r2_mean_val": -0.0023234083258409652,
    "r2_std_val": 0.04693147471465102,
    "r2_ci_lower_val": -0.006936601684808622,
    "r2_ci_upper_val": 0.0022897850331266914,
    "r2_samperror_val": 0.004613193358967657,
    "r2_t_critical_val": 1.965927295920882,
    "r2_df_val": 399,
    "median_ae_mean_val": 2.5620291386772425,
    "median_ae_std_val": 0.24459951817381623,
    "median_ae_ci_lower_val": 2.5379858952098924,
    "median_ae_ci_upper_val": 2.5860723821445926,
    "median_ae_samperror_val": 0.024043243467350057,
    "median_ae_t_critical_val": 1.965927295920882,
    "median_ae_df_val": 399,
    "max_error_mean_val": 8.639251518531234,
    "max_error_std_val": 1.0191934173043318,
    "max_error_ci_lower_val": 8.53906851058616,
    "max_error_ci_upper_val": 8.739434526476307,
    "max_error_samperror_val": 0.10018300794507341,
    "max_error_t_critical_val": 1.965927295920882,
    "max_error_df_val": 399,
    "rho_mean_val": 0.13992153482240569,
    "rho_std_val": 0.11531714510351934,
    "rho_ci_lower_val": 0.12760183837820568,
    "rho_ci_upper_val": 0.1522412312666057,
    "rho_samperror_val": 0.012319696444200013,
    "rho_t_critical_val": 1.9670073106672432,
    "rho_df_val": 338,
    "r2_below_zero_val": 0.5025
  },
  "test_summary": {
    "n_splits_test": 400,
    "mae_mean_test": 2.8158521454127947,
    "mae_std_test": 0.20539693152268917,
    "mae_ci_lower_test": 2.7956623737038524,
    "mae_ci_upper_test": 2.836041917121737,
    "mae_samperror_test": 0.020189771708942345,
    "mae_t_critical_test": 1.965927295920882,
    "mae_df_test": 399,
    "d2mae_mean_test": 0.0017519351386408191,
    "d2mae_std_test": 0.04148422173933306,
    "d2mae_ci_lower_test": -0.0023258130547286465,
    "d2mae_ci_upper_test": 0.005829683332010284,
    "d2mae_samperror_test": 0.004077748193369465,
    "d2mae_t_critical_test": 1.965927295920882,
    "d2mae_df_test": 399,
    "rmse_mean_test": 3.4525546433594148,
    "rmse_std_test": 0.2965781534861748,
    "rmse_ci_lower_test": 3.4234020889938006,
    "rmse_ci_upper_test": 3.481707197725029,
    "rmse_samperror_test": 0.029152554365614196,
    "rmse_t_critical_test": 1.965927295920882,
    "rmse_df_test": 399,
    "mape_mean_test": 951817236980497.9,
    "mape_std_test": 791313639094281.1,
    "mape_ci_lower_test": 874033982844001.2,
    "mape_ci_upper_test": 1029600491116994.5,
    "mape_samperror_test": 77783254136496.64,
    "mape_t_critical_test": 1.965927295920882,
    "mape_df_test": 399,
    "r2_mean_test": 0.0024249202637913487,
    "r2_std_test": 0.07655593372720909,
    "r2_ci_lower_test": -0.005100249725160173,
    "r2_ci_upper_test": 0.00995009025274287,
    "r2_samperror_test": 0.007525169988951521,
    "r2_t_critical_test": 1.965927295920882,
    "r2_df_test": 399,
    "median_ae_mean_test": 2.541769854260736,
    "median_ae_std_test": 0.2724876565165645,
    "median_ae_ci_lower_test": 2.5149853081733644,
    "median_ae_ci_upper_test": 2.5685544003481073,
    "median_ae_samperror_test": 0.026784546087371387,
    "median_ae_t_critical_test": 1.965927295920882,
    "median_ae_df_test": 399,
    "max_error_mean_test": 7.893254004381032,
    "max_error_std_test": 1.3024426571099468,
    "max_error_ci_lower_test": 7.765228625831824,
    "max_error_ci_upper_test": 8.02127938293024,
    "max_error_samperror_test": 0.1280253785492083,
    "max_error_t_critical_test": 1.965927295920882,
    "max_error_df_test": 399,
    "rho_mean_test": 0.14883495900678348,
    "rho_std_test": 0.19673320234012592,
    "rho_ci_lower_test": 0.1278173268832168,
    "rho_ci_upper_test": 0.16985259113035017,
    "rho_samperror_test": 0.021017632123566703,
    "rho_t_critical_test": 1.9670073106672432,
    "rho_df_test": 338,
    "r2_below_zero_test": 0.5
  },
  "selected_features": [
    "density_T6W30",
    "z_l1_T6W30",
    "z_diameter_T6W30",
    "z_asp_T6W30"
  ]
}