{
  "mean_abs_shap": {
    "density_T6W30": 0.491240443014901,
    "z_l1_T6W30": 0.13597430174341324,
    "z_diameter_T6W30": 0.0,
    "z_asp_T6W30": 0.0
  },
  "mean_shap": {
    "density_T6W30": -0.05939124277715137,
    "z_l1_T6W30": -0.0192354865370879,
    "z_diameter_T6W30": 0.0,
    "z_asp_T6W30": 0.0
  },
  "regressor": "QuantileRegressor",
  "n_subjects": 252,
  "n_features": 4
}