set,r2_mean,r2_std,r2_ci_lower,r2_ci_upper,rmse_mean,rmse_std,rmse_ci_lower,rmse_ci_upper,mae_mean,mae_std,mae_ci_lower,mae_ci_upper,rho_mean,rho_std,rho_ci_lower,rho_ci_upper,r2_below_zero
TEST,-0.010528811375450147,0.02698943972212025,-0.013181775188016522,-0.007875847562883773,7.752193500808343,0.4989628382254696,7.703147267642463,7.801239733974223,6.571601296331838,0.38809457107005374,6.533453010798572,6.609749581865104,0.019674994434405915,0.185490541402104,0.0014419485105289787,0.03790804035828285,0.6825
