set,r2_mean,r2_std,r2_ci_lower,r2_ci_upper,rmse_mean,rmse_std,rmse_ci_lower,rmse_ci_upper,mae_mean,mae_std,mae_ci_lower,mae_ci_upper,rho_mean,rho_std,rho_ci_lower,rho_ci_upper,r2_below_zero
VALIDATION,-0.00980348602297859,0.021439461623539588,-0.011910907163756824,-0.007696064882200355,7.681046035048164,0.31969723687391116,7.649620958828119,7.712471111268209,6.515469338702892,0.2405818846510348,6.491821014005914,6.53911766339987,0.006532036033971955,0.121123774348088,-0.00537399067482143,0.01843806274276534,0.7025
