{
  "best_trial_number": 9,
  "best_value_internal_minimized": 1.0075757575757578,
  "best_params": {
    "regressor": "QuantileRegressor",
    "use_scaler": false,
    "quantile_alpha": 5.18260989109199,
    "rfe_n_features": 4
  },
  "best_metadata": {
    "regressor": "QuantileRegressor",
    "use_scaler": false,
    "rfe_estimator": {
      "mode": "original",
      "type": "QuantileRegressor"
    },
    "n_candidate_features": 9,
    "rfe_n_features": 4,
    "rfe_selected_features": [
      "z_lsc_T2W20",
      "z_density_T2W20",
      "z_diameter_T2W20",
      "z_asp_T2W20"
    ]
  },
  "validation_summary": {
    "n_splits_val": 400,
    "mae_mean_val": 1.0051041666666665,
    "mae_std_val": 0.05497150837301295,
    "mae_ci_lower_val": 0.999700667226244,
    "mae_ci_upper_val": 1.0105076661070889,
    "mae_samperror_val": 0.005403499440422474,
    "mae_t_critical_val": 1.965927295920882,
    "mae_df_val": 399,
    "d2mae_mean_val": 0.0,
    "d2mae_std_val": 0.0,
    "d2mae_ci_lower_val": 0.0,
    "d2mae_ci_upper_val": 0.0,
    "d2mae_samperror_val": 0.0,
    "d2mae_t_critical_val": 1.965927295920882,
    "d2mae_df_val": 399,
    "rmse_mean_val": 1.3317057758399307,
    "rmse_std_val": 0.07913838388594537,
    "rmse_ci_lower_val": 1.3239267603881084,
    "rmse_ci_upper_val": 1.339484791291753,
    "rmse_samperror_val": 0.007779015451822263,
    "rmse_t_critical_val": 1.965927295920882,
    "rmse_df_val": 399,
    "mape_mean_val": 287104476244869.56,
    "mape_std_val": 252797837065588.2,
    "mape_ci_lower_val": 262255367833019.6,
    "mape_ci_upper_val": 311953584656719.56,
    "mape_samperror_val": 24849108411849.977,
    "mape_t_critical_val": 1.965927295920882,
    "mape_df_val": 399,
    "r2_mean_val": -0.0022129312284237257,
    "r2_std_val": 0.0031455593194224625,
    "r2_ci_lower_val": -0.002522128274773272,
    "r2_ci_upper_val": -0.0019037341820741791,
    "r2_samperror_val": 0.0003091970463495466,
    "r2_t_critical_val": 1.965927295920882,
    "r2_df_val": 399,
    "median_ae_mean_val": 1.0,
    "median_ae_std_val": 0.0,
    "median_ae_ci_lower_val": 1.0,
    "median_ae_ci_upper_val": 1.0,
    "median_ae_samperror_val": 0.0,
    "median_ae_t_critical_val": 1.965927295920882,
    "median_ae_df_val": 399,
    "max_error_mean_val": 2.9925,
    "max_error_std_val": 0.08638521873004429,
    "max_error_ci_lower_val": 2.9840086470267257,
    "max_error_ci_upper_val": 3.0009913529732746,
    "max_error_samperror_val": 0.008491352973274495,
    "max_error_t_critical_val": 1.965927295920882,
    "max_error_df_val": 399,
    "rho_mean_val": NaN,
    "rho_std_val": NaN,
    "rho_ci_lower_val": NaN,
    "rho_ci_upper_val": NaN,
    "rho_samperror_val": NaN,
    "rho_t_critical_val": NaN,
    "rho_df_val": NaN,
    "r2_below_zero_val": 0.8775
  },
  "test_summary": {
    "n_splits_test": 400,
    "mae_mean_test": 0.9908333333333332,
    "mae_std_test": 0.07540155197777562,
    "mae_ci_lower_test": 0.983421634873938,
    "mae_ci_upper_test": 0.9982450317927285,
    "mae_samperror_test": 0.007411698459395313,
    "mae_t_critical_test": 1.965927295920882,
    "mae_df_test": 399,
    "d2mae_mean_test": 0.0,
    "d2mae_std_test": 0.0,
    "d2mae_ci_lower_test": 0.0,
    "d2mae_ci_upper_test": 0.0,
    "d2mae_samperror_test": 0.0,
    "d2mae_t_critical_test": 1.965927295920882,
    "d2mae_df_test": 399,
    "rmse_mean_test": 1.3294367052713056,
    "rmse_std_test": 0.10955845158251766,
    "rmse_ci_lower_test": 1.3186675077480607,
    "rmse_ci_upper_test": 1.3402059027945505,
    "rmse_samperror_test": 0.010769197523244891,
    "rmse_t_critical_test": 1.965927295920882,
    "rmse_df_test": 399,
    "mape_mean_test": 288511851128422.8,
    "mape_std_test": 365222211237687.44,
    "mape_ci_lower_test": 252611835420985.22,
    "mape_ci_upper_test": 324411866835860.44,
    "mape_samperror_test": 35900015707437.6,
    "mape_t_critical_test": 1.965927295920882,
    "mape_df_test": 399,
    "r2_mean_test": -0.0049054880149563395,
    "r2_std_test": 0.0062110777371923356,
    "r2_ci_lower_test": -0.005516014377987985,
    "r2_ci_upper_test": -0.004294961651924694,
    "r2_samperror_test": 0.0006105263630316459,
    "r2_t_critical_test": 1.965927295920882,
    "r2_df_test": 399,
    "median_ae_mean_test": 1.0,
    "median_ae_std_test": 0.0,
    "median_ae_ci_lower_test": 1.0,
    "median_ae_ci_upper_test": 1.0,
    "median_ae_samperror_test": 0.0,
    "median_ae_t_critical_test": 1.965927295920882,
    "median_ae_df_test": 399,
    "max_error_mean_test": 2.88,
    "max_error_std_test": 0.3253685013244757,
    "max_error_ci_lower_test": 2.8480174591006673,
    "max_error_ci_upper_test": 2.9119825408993325,
    "max_error_samperror_test": 0.03198254089933283,
    "max_error_t_critical_test": 1.965927295920882,
    "max_error_df_test": 399,
    "rho_mean_test": NaN,
    "rho_std_test": NaN,
    "rho_ci_lower_test": NaN,
    "rho_ci_upper_test": NaN,
    "rho_samperror_test": NaN,
    "rho_t_critical_test": NaN,
    "rho_df_test": NaN,
    "r2_below_zero_test": 0.825
  },
  "selected_features": [
    "z_lsc_T2W20",
    "z_density_T2W20",
    "z_diameter_T2W20",
    "z_asp_T2W20"
  ]
}