set,r2_mean,r2_std,r2_ci_lower,r2_ci_upper,rmse_mean,rmse_std,rmse_ci_lower,rmse_ci_upper,mae_mean,mae_std,mae_ci_lower,mae_ci_upper,rho_mean,rho_std,rho_ci_lower,rho_ci_upper,r2_below_zero
VALIDATION,-0.008189053960431868,0.01845853046048841,-0.010003460404174928,-0.006374647516688807,7.675192143553047,0.3217003383913914,7.643570169735516,7.706814117370578,6.5247539762606195,0.23828181428065925,6.5013317401198245,6.5481762124014145,0.020537921319877236,0.11856389151036051,0.008883521788336245,0.032192320851418224,0.64
