set,r2_mean,r2_std,r2_ci_lower,r2_ci_upper,rmse_mean,rmse_std,rmse_ci_lower,rmse_ci_upper,mae_mean,mae_std,mae_ci_lower,mae_ci_upper,rho_mean,rho_std,rho_ci_lower,rho_ci_upper,r2_below_zero
TEST,-0.009577983300415285,0.02556478288088594,-0.012090908524406512,-0.007065058076424057,7.748752321444926,0.4998163527168581,7.699622190907242,7.797882451982611,6.581528870804314,0.3833933780034998,6.543842695459694,6.619215046148933,0.02967652269943069,0.18667526202985976,0.01132702304454648,0.0480260223543149,0.6025
