set,r2_mean,r2_std,r2_ci_lower,r2_ci_upper,rmse_mean,rmse_std,rmse_ci_lower,rmse_ci_upper,mae_mean,mae_std,mae_ci_lower,mae_ci_upper,rho_mean,rho_std,rho_ci_lower,rho_ci_upper,r2_below_zero
VALIDATION,-0.0020700832056956327,0.04904268628468698,-0.006890800987313172,0.0027506345759219066,3.4534217163778065,0.20297967189873306,3.4334695525026673,3.4733738802529457,2.828218359836204,0.13918395728793997,2.8145370827968716,2.8418996368755365,0.07768556446442776,0.13511829838222975,0.06440392691602737,0.09096720201282815,0.43
