set,r2_mean,r2_std,r2_ci_lower,r2_ci_upper,rmse_mean,rmse_std,rmse_ci_lower,rmse_ci_upper,mae_mean,mae_std,mae_ci_lower,mae_ci_upper,rho_mean,rho_std,rho_ci_lower,rho_ci_upper,r2_below_zero
TEST,-0.005205865294795898,0.06498486630593563,-0.011593641419426301,0.0011819108298345045,3.341233179812308,0.27608425622367133,3.3140951010481015,3.3683712585765146,2.7537009610185157,0.18906907117880772,2.7351161586262744,2.772285763410757,0.0763154150816465,0.20286567895843366,0.056374456298151146,0.09625637386514187,0.495
