set,r2_mean,r2_std,r2_ci_lower,r2_ci_upper,rmse_mean,rmse_std,rmse_ci_lower,rmse_ci_upper,mae_mean,mae_std,mae_ci_lower,mae_ci_upper,rho_mean,rho_std,rho_ci_lower,rho_ci_upper,r2_below_zero
TEST,-0.020651625249229793,0.10572777374517668,-0.031044281066359293,-0.010258969432100293,2.183154778718824,0.2792315178778292,2.155707335574952,2.2106022218626964,1.7009289814336324,0.1949678540377673,1.6817643501296342,1.7200936127376305,0.12975512623100646,0.19310272019504804,0.11077383080360559,0.14873642165840734,0.48
