set,r2_mean,r2_std,r2_ci_lower,r2_ci_upper,rmse_mean,rmse_std,rmse_ci_lower,rmse_ci_upper,mae_mean,mae_std,mae_ci_lower,mae_ci_upper,rho_mean,rho_std,rho_ci_lower,rho_ci_upper,r2_below_zero
VALIDATION,-0.013415089852396832,0.09027183230901742,-0.022288482811851328,-0.004541696892942338,2.254361631282448,0.1955902305210162,2.235135822632612,2.273587439932284,1.7579131675252586,0.12979767535585998,1.7451545278788005,1.7706718071717167,0.13599688178565233,0.12486662485372747,0.12372294647817955,0.14827081709312512,0.44
