feature,mean_coef,std_coef,frac_nonzero
z_l2_T2W10,4.954430950550902,1.055857024296504,1.0
z_cc_T2W20,-2.73000090832767,0.6384283570594238,1.0
