set,r2_mean,r2_std,r2_ci_lower,r2_ci_upper,rmse_mean,rmse_std,rmse_ci_lower,rmse_ci_upper,mae_mean,mae_std,mae_ci_lower,mae_ci_upper,rho_mean,rho_std,rho_ci_lower,rho_ci_upper,r2_below_zero
VALIDATION,-0.014202645854987768,0.04859556605314626,-0.01897941334321809,-0.009425878366757446,2.251691228259271,0.18486605548698115,2.2335195670307173,2.269862889487825,1.7526608943313136,0.12596716804023414,1.7402787796293062,1.765043009033321,0.08841616107171024,0.12905977811025537,0.07573005404208807,0.10110226810133241,0.5425
