set,r2_mean,r2_std,r2_ci_lower,r2_ci_upper,rmse_mean,rmse_std,rmse_ci_lower,rmse_ci_upper,mae_mean,mae_std,mae_ci_lower,mae_ci_upper,rho_mean,rho_std,rho_ci_lower,rho_ci_upper,r2_below_zero
TEST,-0.012665711839095421,0.04121945076836634,-0.016717434008515338,-0.008613989669675503,2.1917884582626446,0.2729683939258087,2.164956657435523,2.218620259089766,1.7241064900005245,0.1809365627482025,1.7063210836236848,1.7418918963773642,0.08414921970109318,0.1832313443985336,0.06613824463002534,0.10216019477216103,0.58
