target,window,set,metric,mean,std,ci_lower,ci_upper,t_critical,df,significant
COG,T2W10,VALIDATION,R2,-0.004767,0.038849,-0.008585,-0.000948,1.9659,399,True
COG,T2W10,VALIDATION,RMSE,2.261286,0.181438,2.243452,2.279121,1.9659,399,True
COG,T2W10,VALIDATION,MAE,1.770842,0.12181,1.758869,1.782816,1.9659,399,True
COG,T2W10,VALIDATION,rho,0.104813,0.117836,0.09323,0.116396,1.9659,399,True
COG,T2W10,TEST,R2,-0.012557,0.058576,-0.018314,-0.006799,1.9659,399,True
COG,T2W10,TEST,RMSE,2.216035,0.29501,2.187037,2.245034,1.9659,399,True
COG,T2W10,TEST,MAE,1.744977,0.195653,1.725745,1.764209,1.9659,399,True
COG,T2W10,TEST,rho,0.100012,0.182791,0.082044,0.117979,1.9659,399,True
