set,r2_mean,r2_std,r2_ci_lower,r2_ci_upper,rmse_mean,rmse_std,rmse_ci_lower,rmse_ci_upper,mae_mean,mae_std,mae_ci_lower,mae_ci_upper,rho_mean,rho_std,rho_ci_lower,rho_ci_upper,r2_below_zero
VALIDATION,-0.004766620890957778,0.03884944773819007,-0.008585380377955759,-0.0009478614039597974,2.2612862903090973,0.18143836050411236,2.243451559036989,2.2791210215812057,1.7708423680724785,0.12181016565731159,1.7588688715931609,1.7828158645517962,0.10481263581044306,0.11783618884131847,0.09322976680592128,0.11639550481496484,0.455
