set,r2_mean,r2_std,r2_ci_lower,r2_ci_upper,rmse_mean,rmse_std,rmse_ci_lower,rmse_ci_upper,mae_mean,mae_std,mae_ci_lower,mae_ci_upper,rho_mean,rho_std,rho_ci_lower,rho_ci_upper,r2_below_zero
TEST,-0.012556599133083936,0.0585759450676166,-0.018314401597723417,-0.006798796668444456,2.2160353589568693,0.2950101836194056,2.1870369303292683,2.2450337875844704,1.7449772828302768,0.19565298243047308,1.725745305895857,1.7642092597646966,0.10001163007345706,0.1827911310860934,0.08204392637073692,0.11797933377617721,0.545
