set,r2_mean,r2_std,r2_ci_lower,r2_ci_upper,rmse_mean,rmse_std,rmse_ci_lower,rmse_ci_upper,mae_mean,mae_std,mae_ci_lower,mae_ci_upper,rho_mean,rho_std,rho_ci_lower,rho_ci_upper,r2_below_zero
TEST,-0.015373862774355249,0.04162329382614587,-0.01946528124830301,-0.011282444300407484,3.380768057206292,0.2777528668850421,3.353465960079813,3.408070154332771,2.775083311051381,0.18107939706130569,2.757283864580795,2.792882757521967,0.029339538014267502,0.21148554111989723,0.008551278115257303,0.050127797913277705,0.6125
