set,r2_mean,r2_std,r2_ci_lower,r2_ci_upper,rmse_mean,rmse_std,rmse_ci_lower,rmse_ci_upper,mae_mean,mae_std,mae_ci_lower,mae_ci_upper,rho_mean,rho_std,rho_ci_lower,rho_ci_upper,r2_below_zero
VALIDATION,-0.011104841253631976,0.03156015828606344,-0.014207090085539761,-0.00800259242172419,3.4666624902703402,0.1881446307635134,3.448168557010393,3.4851564235302877,2.847579093979486,0.12265525080505882,2.8355225287022017,2.8596356592567704,0.033063265408910955,0.13627809868995333,0.019667623706372005,0.046458907111449906,0.5275
