{
  "best_trial_number": 206,
  "best_value_internal_minimized": 1.7365028406709397,
  "best_params": {
    "regressor": "ExtraTreesRegressor",
    "use_scaler": false,
    "et_n_estimators": 421,
    "et_max_depth": 18,
    "et_min_samples_split": 7,
    "et_min_samples_leaf": 4,
    "et_max_features": "log2",
    "rfe_n_features": 5
  },
  "best_metadata": {
    "regressor": "ExtraTreesRegressor",
    "use_scaler": false,
    "rfe_estimator": {
      "mode": "original",
      "type": "ExtraTreesRegressor"
    },
    "n_candidate_features": 13,
    "rfe_n_features": 5,
    "rfe_selected_features": [
      "edges_T2W40",
      "re_T2W40",
      "l1_T2W40",
      "l3_T2W40",
      "lsc_T2W40"
    ]
  },
  "validation_summary": {
    "n_splits_val": 400,
    "mae_mean_val": 1.7441093643719188,
    "mae_std_val": 0.126365549950964,
    "mae_ci_lower_val": 1.731688090176286,
    "mae_ci_upper_val": 1.7565306385675514,
    "mae_samperror_val": 0.012421274195632688,
    "mae_t_critical_val": 1.965927295920882,
    "mae_df_val": 399,
    "d2mae_mean_val": 0.0035006779410770962,
    "d2mae_std_val": 0.020617251194771227,
    "d2mae_ci_lower_val": 0.0014740770965441879,
    "d2mae_ci_upper_val": 0.005527278785610004,
    "d2mae_samperror_val": 0.0020266008445329084,
    "d2mae_t_critical_val": 1.965927295920882,
    "d2mae_df_val": 399,
    "rmse_mean_val": 2.2233236909764695,
    "rmse_std_val": 0.18844693012966615,
    "rmse_ci_lower_val": 2.2048000427877494,
    "rmse_ci_upper_val": 2.2418473391651896,
    "rmse_samperror_val": 0.0185236481887203,
    "rmse_t_critical_val": 1.965927295920882,
    "rmse_df_val": 399,
    "mape_mean_val": 0.2659080716695298,
    "mape_std_val": 0.047652402348479436,
    "mape_ci_lower_val": 0.2612240137448758,
    "mape_ci_upper_val": 0.2705921295941838,
    "mape_samperror_val": 0.004684057924654003,
    "mape_t_critical_val": 1.965927295920882,
    "mape_df_val": 399,
    "r2_mean_val": 0.013458425203242894,
    "r2_std_val": 0.03372651212960274,
    "r2_ci_lower_val": 0.010143231663653256,
    "r2_ci_upper_val": 0.016773618742832532,
    "r2_samperror_val": 0.003315193539589637,
    "r2_t_critical_val": 1.965927295920882,
    "r2_df_val": 399,
    "median_ae_mean_val": 1.4308230806171744,
    "median_ae_std_val": 0.1462118620996464,
    "median_ae_ci_lower_val": 1.4164509860827188,
    "median_ae_ci_upper_val": 1.44519517515163,
    "median_ae_samperror_val": 0.014372094534455739,
    "median_ae_t_critical_val": 1.965927295920882,
    "median_ae_df_val": 399,
    "max_error_mean_val": 5.791075472405332,
    "max_error_std_val": 0.6289863565483321,
    "max_error_ci_lower_val": 5.729248400050323,
    "max_error_ci_upper_val": 5.852902544760341,
    "max_error_samperror_val": 0.06182707235500951,
    "max_error_t_critical_val": 1.965927295920882,
    "max_error_df_val": 399,
    "rho_mean_val": 0.1592805643711709,
    "rho_std_val": 0.13292636505638775,
    "rho_ci_lower_val": 0.1462143859005761,
    "rho_ci_upper_val": 0.17234674284176574,
    "rho_samperror_val": 0.013066178470594818,
    "rho_t_critical_val": 1.965927295920882,
    "rho_df_val": 399,
    "r2_below_zero_val": 0.32
  },
  "test_summary": {
    "n_splits_test": 400,
    "mae_mean_test": 1.6508733777287277,
    "mae_std_test": 0.18583816986362817,
    "mae_ci_lower_test": 1.6326061611907832,
    "mae_ci_upper_test": 1.6691405942666722,
    "mae_samperror_test": 0.018267216537944404,
    "mae_t_critical_test": 1.965927295920882,
    "mae_df_test": 399,
    "d2mae_mean_test": -0.0083615322083826,
    "d2mae_std_test": 0.03319906282104727,
    "d2mae_ci_lower_test": -0.011624879398327048,
    "d2mae_ci_upper_test": -0.005098185018438154,
    "d2mae_samperror_test": 0.0032633471899444475,
    "d2mae_t_critical_test": 1.965927295920882,
    "d2mae_df_test": 399,
    "rmse_mean_test": 2.142335287194557,
    "rmse_std_test": 0.2911942127633438,
    "rmse_ci_lower_test": 2.1137119546302747,
    "rmse_ci_upper_test": 2.1709586197588395,
    "rmse_samperror_test": 0.02862333256428252,
    "rmse_t_critical_test": 1.965927295920882,
    "rmse_df_test": 399,
    "mape_mean_test": 0.2590571397544422,
    "mape_std_test": 0.07073150093236816,
    "mape_ci_lower_test": 0.25210449033622245,
    "mape_ci_upper_test": 0.266009789172662,
    "mape_samperror_test": 0.006952649418219794,
    "mape_t_critical_test": 1.965927295920882,
    "mape_df_test": 399,
    "r2_mean_test": 0.009596447840637396,
    "r2_std_test": 0.0519393197821965,
    "r2_ci_lower_test": 0.004491001516068219,
    "r2_ci_upper_test": 0.014701894165206572,
    "r2_samperror_test": 0.005105446324569177,
    "r2_t_critical_test": 1.965927295920882,
    "r2_df_test": 399,
    "median_ae_mean_test": 1.3338017173221965,
    "median_ae_std_test": 0.1994685511091968,
    "median_ae_ci_lower_test": 1.3141946838570286,
    "median_ae_ci_upper_test": 1.3534087507873644,
    "median_ae_samperror_test": 0.01960703346516798,
    "median_ae_t_critical_test": 1.965927295920882,
    "median_ae_df_test": 399,
    "max_error_mean_test": 5.215267934339681,
    "max_error_std_test": 1.0041890828583224,
    "max_error_ci_lower_test": 5.1165597979268345,
    "max_error_ci_upper_test": 5.313976070752528,
    "max_error_samperror_test": 0.09870813641284662,
    "max_error_t_critical_test": 1.965927295920882,
    "max_error_df_test": 399,
    "rho_mean_test": 0.14607741197191826,
    "rho_std_test": 0.2006325949940732,
    "rho_ci_lower_test": 0.12635595722440388,
    "rho_ci_upper_test": 0.16579886671943264,
    "rho_samperror_test": 0.01972145474751439,
    "rho_t_critical_test": 1.965927295920882,
    "rho_df_test": 399,
    "r2_below_zero_test": 0.405
  },
  "selected_features": [
    "edges_T2W40",
    "re_T2W40",
    "l1_T2W40",
    "l3_T2W40",
    "lsc_T2W40"
  ]
}