{
  "mean_abs_shap": {
    "edges_T2W40": 0.16304165216261873,
    "re_T2W40": 0.07775444511572772,
    "l1_T2W40": 0.059123835636201154,
    "l3_T2W40": 0.06321226451485518,
    "lsc_T2W40": 0.07478016106432182
  },
  "mean_shap": {
    "edges_T2W40": 0.0008771310157995823,
    "re_T2W40": 0.002183463636157882,
    "l1_T2W40": -0.000517813683148601,
    "l3_T2W40": -0.0008134405110844071,
    "lsc_T2W40": -0.001729340457725011
  },
  "regressor": "ExtraTreesRegressor",
  "n_subjects": 222,
  "n_features": 5
}