set,r2_mean,r2_std,r2_ci_lower,r2_ci_upper,rmse_mean,rmse_std,rmse_ci_lower,rmse_ci_upper,mae_mean,mae_std,mae_ci_lower,mae_ci_upper,rho_mean,rho_std,rho_ci_lower,rho_ci_upper,r2_below_zero
TEST,-8.713462706489798e+16,3.950800500289297e+17,-1.2596955978618102e+17,-4.829969434361495e+16,632518743.5951618,2182628534.7216063,417974292.9319116,847063194.258412,126503753.86616448,436525707.2594256,83594863.70254081,169412644.02978814,0.102375659167881,0.1882626604103322,0.08387012402271321,0.12088119431304878,0.5625
