set,r2_mean,r2_std,r2_ci_lower,r2_ci_upper,rmse_mean,rmse_std,rmse_ci_lower,rmse_ci_upper,mae_mean,mae_std,mae_ci_lower,mae_ci_upper,rho_mean,rho_std,rho_ci_lower,rho_ci_upper,r2_below_zero
VALIDATION,-9.989961253012362e+16,3.608859934628809e+17,-1.3537339379333373e+17,-6.4425831266913496e+16,877083530.5198491,2208797168.2315392,659966798.3108926,1094200262.7288055,122816265.58064522,309293468.72253615,92413841.95006095,153218689.21122947,0.08357401862978701,0.1207949684458417,0.07170031234590793,0.0954477249136661,0.5425
