set,r2_mean,r2_std,r2_ci_lower,r2_ci_upper,rmse_mean,rmse_std,rmse_ci_lower,rmse_ci_upper,mae_mean,mae_std,mae_ci_lower,mae_ci_upper,rho_mean,rho_std,rho_ci_lower,rho_ci_upper,r2_below_zero
TEST,-5.994837552384735e+17,6.936987279649897e+18,-1.2813643874644572e+18,8.239687698751027e+16,248261095.3160663,1681883169.9787006,82938093.69551292,413584096.93661964,49652220.37129174,336376634.06527776,16587620.040345773,82716820.70223771,-0.061157028208716026,0.1878068271970277,-0.07961775660606267,-0.04269629981136938,0.81
