set,r2_mean,r2_std,r2_ci_lower,r2_ci_upper,rmse_mean,rmse_std,rmse_ci_lower,rmse_ci_upper,mae_mean,mae_std,mae_ci_lower,mae_ci_upper,rho_mean,rho_std,rho_ci_lower,rho_ci_upper,r2_below_zero
VALIDATION,-2.2045117723018153e+18,2.626344843891113e+19,-4.786113280855118e+18,3.7708973625148774e+17,490266035.60571885,3000538553.2141323,195324003.39438814,785208067.8170495,68650978.04603748,420159437.7883953,27350832.67668858,109951123.41538638,-0.063462864078643,0.12616424853480013,-0.07586435107683849,-0.051061377080447515,0.885
