set,r2_mean,r2_std,r2_ci_lower,r2_ci_upper,rmse_mean,rmse_std,rmse_ci_lower,rmse_ci_upper,mae_mean,mae_std,mae_ci_lower,mae_ci_upper,rho_mean,rho_std,rho_ci_lower,rho_ci_upper,r2_below_zero
TEST,-0.014651613241901052,0.027398486931655912,-0.017344784908194747,-0.011958441575607355,7.769689664530559,0.4911373446277133,7.721412648938073,7.817966680123045,6.594008614362547,0.3764450552018666,6.557005433890757,6.631011794834337,0.00362404628928217,0.18814494247691044,-0.014869917610958946,0.022118010189523286,0.73
