set,r2_mean,r2_std,r2_ci_lower,r2_ci_upper,rmse_mean,rmse_std,rmse_ci_lower,rmse_ci_upper,mae_mean,mae_std,mae_ci_lower,mae_ci_upper,rho_mean,rho_std,rho_ci_lower,rho_ci_upper,r2_below_zero
VALIDATION,-0.013640122833001436,0.02424090706259369,-0.01602291587661315,-0.011257329789389725,7.646199055662903,0.31895380064119855,7.614847056521991,7.677551054803815,6.513438080561878,0.23680387403810088,6.490161120574312,6.536715040549444,-0.020782971325449637,0.11756870426510374,-0.0323395475684905,-0.009226395082408774,0.7775
