{
  "best_trial_number": 101,
  "best_value_internal_minimized": 2.8272891789765886,
  "best_params": {
    "regressor": "ExtraTreesRegressor",
    "use_scaler": false,
    "et_n_estimators": 475,
    "et_max_depth": 2,
    "et_min_samples_split": 9,
    "et_min_samples_leaf": 5,
    "et_max_features": null,
    "rfe_n_features": 2
  },
  "best_metadata": {
    "regressor": "ExtraTreesRegressor",
    "use_scaler": false,
    "rfe_estimator": {
      "mode": "original",
      "type": "ExtraTreesRegressor"
    },
    "n_candidate_features": 13,
    "rfe_n_features": 2,
    "rfe_selected_features": [
      "nodes_T6W30",
      "density_T6W30"
    ]
  },
  "validation_summary": {
    "n_splits_val": 700,
    "mae_mean_val": 2.8272809148412352,
    "mae_std_val": 0.11873834079692439,
    "mae_ci_lower_val": 2.818469560107666,
    "mae_ci_upper_val": 2.8360922695748045,
    "mae_samperror_val": 0.00881135473356952,
    "mae_t_critical_val": 1.9633635759209294,
    "mae_df_val": 699,
    "d2mae_mean_val": -0.003277178386866264,
    "d2mae_std_val": 0.0194467942990623,
    "d2mae_ci_lower_val": -0.004720289363908262,
    "d2mae_ci_upper_val": -0.0018340674098242654,
    "d2mae_samperror_val": 0.0014431109770419984,
    "d2mae_t_critical_val": 1.9633635759209294,
    "d2mae_df_val": 699,
    "rmse_mean_val": 3.435981740867302,
    "rmse_std_val": 0.17634477316612227,
    "rmse_ci_lower_val": 3.42289551832664,
    "rmse_ci_upper_val": 3.4490679634079644,
    "rmse_samperror_val": 0.013086222540662306,
    "rmse_t_critical_val": 1.9633635759209294,
    "rmse_df_val": 699,
    "mape_mean_val": 969087805755112.4,
    "mape_std_val": 553695686474796.1,
    "mape_ci_lower_val": 927999063271159.0,
    "mape_ci_upper_val": 1010176548239065.8,
    "mape_samperror_val": 41088742483953.37,
    "mape_t_critical_val": 1.9633635759209294,
    "mape_df_val": 699,
    "r2_mean_val": 0.006983113526328581,
    "r2_std_val": 0.030887436220368165,
    "r2_ci_lower_val": 0.004691013472365074,
    "r2_ci_upper_val": 0.00927521358029209,
    "r2_samperror_val": 0.0022921000539635073,
    "r2_t_critical_val": 1.9633635759209294,
    "r2_df_val": 699,
    "median_ae_mean_val": 2.5379725258209693,
    "median_ae_std_val": 0.17845974851792437,
    "median_ae_ci_lower_val": 2.524729354834233,
    "median_ae_ci_upper_val": 2.5512156968077058,
    "median_ae_samperror_val": 0.013243170986736323,
    "median_ae_t_critical_val": 1.9633635759209294,
    "median_ae_df_val": 699,
    "max_error_mean_val": 8.308761435066486,
    "max_error_std_val": 1.0831973803300636,
    "max_error_ci_lower_val": 8.228379341965784,
    "max_error_ci_upper_val": 8.389143528167189,
    "max_error_samperror_val": 0.08038209310070328,
    "max_error_t_critical_val": 1.9633635759209294,
    "max_error_df_val": 699,
    "rho_mean_val": 0.14172596307738883,
    "rho_std_val": 0.12087169000570355,
    "rho_ci_lower_val": 0.1327562964074812,
    "rho_ci_upper_val": 0.15069562974729644,
    "rho_samperror_val": 0.00896966666990761,
    "rho_t_critical_val": 1.9633635759209294,
    "rho_df_val": 699,
    "r2_below_zero_val": 0.3271428571428571
  },
  "test_summary": {
    "n_splits_test": 700,
    "mae_mean_test": 2.847080463838881,
    "mae_std_test": 0.18578101940146255,
    "mae_ci_lower_test": 2.8332939947529594,
    "mae_ci_upper_test": 2.860866932924803,
    "mae_samperror_test": 0.01378646908592182,
    "mae_t_critical_test": 1.9633635759209294,
    "mae_df_test": 699,
    "d2mae_mean_test": -0.01291792890593562,
    "d2mae_std_test": 0.03274131363695586,
    "d2mae_ci_lower_test": -0.015347601806550617,
    "d2mae_ci_upper_test": -0.010488256005320624,
    "d2mae_samperror_test": 0.0024296729006149966,
    "d2mae_t_critical_test": 1.9633635759209294,
    "d2mae_df_test": 699,
    "rmse_mean_test": 3.4439823864781536,
    "rmse_std_test": 0.26980798468590467,
    "rmse_ci_lower_test": 3.4239604302417685,
    "rmse_ci_upper_test": 3.4640043427145386,
    "rmse_samperror_test": 0.020021956236385093,
    "rmse_t_critical_test": 1.9633635759209294,
    "rmse_df_test": 699,
    "mape_mean_test": 1043429849892762.0,
    "mape_std_test": 852444929141997.1,
    "mape_ci_lower_test": 980171473440046.5,
    "mape_ci_upper_test": 1106688226345477.5,
    "mape_samperror_test": 63258376452715.51,
    "mape_t_critical_test": 1.9633635759209294,
    "mape_df_test": 699,
    "r2_mean_test": 0.002250505927373082,
    "r2_std_test": 0.0516699927567641,
    "r2_ci_lower_test": -0.001583829572054826,
    "r2_ci_upper_test": 0.006084841426800989,
    "r2_samperror_test": 0.003834335499427908,
    "r2_t_critical_test": 1.9633635759209294,
    "r2_df_test": 699,
    "median_ae_mean_test": 2.5705466214154633,
    "median_ae_std_test": 0.23835483696711193,
    "median_ae_ci_lower_test": 2.5528587456469167,
    "median_ae_ci_upper_test": 2.58823449718401,
    "median_ae_samperror_test": 0.01768787576854665,
    "median_ae_t_critical_test": 1.9633635759209294,
    "median_ae_df_test": 699,
    "max_error_mean_test": 7.590629127063152,
    "max_error_std_test": 1.2531155202363713,
    "max_error_ci_lower_test": 7.497637720101954,
    "max_error_ci_upper_test": 7.6836205340243495,
    "max_error_samperror_test": 0.09299140696119773,
    "max_error_t_critical_test": 1.9633635759209294,
    "max_error_df_test": 699,
    "rho_mean_test": 0.14355429240040113,
    "rho_std_test": 0.19878503720133625,
    "rho_ci_lower_test": 0.12880281897782356,
    "rho_ci_upper_test": 0.1583057658229787,
    "rho_samperror_test": 0.014751473422577563,
    "rho_t_critical_test": 1.9633635759209294,
    "rho_df_test": 699,
    "r2_below_zero_test": 0.41
  },
  "selected_features": [
    "nodes_T6W30",
    "density_T6W30"
  ]
}