{
  "best_trial_number": 4,
  "best_value_internal_minimized": 2.8520196494040517,
  "best_params": {
    "regressor": "KNeighborsRegressor",
    "use_scaler": true,
    "knn_n_neighbors": 17,
    "knn_weights": "distance",
    "knn_metric": "euclidean",
    "rfe_proxy_type": "LinearSVR",
    "rfe_proxy_lsvr_C": 0.3113095956122124,
    "rfe_proxy_lsvr_epsilon": 0.00210664860170422,
    "rfe_n_features": 2
  },
  "best_metadata": {
    "regressor": "KNeighborsRegressor",
    "use_scaler": true,
    "rfe_estimator": {
      "mode": "proxy",
      "type": "LinearSVR"
    },
    "n_candidate_features": 10,
    "rfe_n_features": 2,
    "rfe_selected_features": [
      "z_l2_T2W10",
      "z_l3_T2W10"
    ]
  },
  "validation_summary": {
    "n_splits_val": 400,
    "mae_mean_val": 2.849169201247244,
    "mae_std_val": 0.17112985979783932,
    "mae_ci_lower_val": 2.8323477581210597,
    "mae_ci_upper_val": 2.8659906443734284,
    "mae_samperror_val": 0.016821443126184294,
    "mae_t_critical_val": 1.965927295920882,
    "mae_df_val": 399,
    "d2mae_mean_val": -0.002760948728088169,
    "d2mae_std_val": 0.045526121864649036,
    "d2mae_ci_lower_val": -0.00723600101064487,
    "d2mae_ci_upper_val": 0.0017141035544685325,
    "d2mae_samperror_val": 0.004475052282556701,
    "d2mae_t_critical_val": 1.965927295920882,
    "d2mae_df_val": 399,
    "rmse_mean_val": 3.4780298871255,
    "rmse_std_val": 0.21616469364848848,
    "rmse_ci_lower_val": 3.456781683542603,
    "rmse_ci_upper_val": 3.499278090708397,
    "rmse_samperror_val": 0.02124820358289694,
    "rmse_t_critical_val": 1.965927295920882,
    "rmse_df_val": 399,
    "mape_mean_val": 997893799571294.5,
    "mape_std_val": 581642733547589.4,
    "mape_ci_lower_val": 940720433253532.4,
    "mape_ci_upper_val": 1055067165889056.6,
    "mape_samperror_val": 57173366317762.125,
    "mape_t_critical_val": 1.965927295920882,
    "mape_df_val": 399,
    "r2_mean_val": -0.0008126927467576872,
    "r2_std_val": 0.08229028684784613,
    "r2_ci_lower_val": -0.008901528801924682,
    "r2_ci_upper_val": 0.007276143308409307,
    "r2_samperror_val": 0.008088836055166995,
    "r2_t_critical_val": 1.965927295920882,
    "r2_df_val": 399,
    "median_ae_mean_val": 2.5333953301474437,
    "median_ae_std_val": 0.2518385822323106,
    "median_ae_ci_lower_val": 2.508640512998618,
    "median_ae_ci_upper_val": 2.5581501472962693,
    "median_ae_samperror_val": 0.024754817148825752,
    "median_ae_t_critical_val": 1.965927295920882,
    "median_ae_df_val": 399,
    "max_error_mean_val": 8.481604381200013,
    "max_error_std_val": 0.9384329237447149,
    "max_error_ci_lower_val": 8.389359836190984,
    "max_error_ci_upper_val": 8.573848926209042,
    "max_error_samperror_val": 0.09224454500902873,
    "max_error_t_critical_val": 1.965927295920882,
    "max_error_df_val": 399,
    "rho_mean_val": 0.1420710810763707,
    "rho_std_val": 0.12344826037127049,
    "rho_ci_lower_val": 0.12993656584147928,
    "rho_ci_upper_val": 0.15420559631126213,
    "rho_samperror_val": 0.012134515234891438,
    "rho_t_critical_val": 1.965927295920882,
    "rho_df_val": 399,
    "r2_below_zero_val": 0.505
  },
  "test_summary": {
    "n_splits_test": 400,
    "mae_mean_test": 2.8284054157625658,
    "mae_std_test": 0.2533752335453504,
    "mae_ci_lower_test": 2.803499551375709,
    "mae_ci_upper_test": 2.8533112801494225,
    "mae_samperror_test": 0.024905864386856633,
    "mae_t_critical_test": 1.965927295920882,
    "mae_df_test": 399,
    "d2mae_mean_test": -0.011230119499819313,
    "d2mae_std_test": 0.07574548212906665,
    "d2mae_ci_lower_test": -0.01867562504283029,
    "d2mae_ci_upper_test": -0.0037846139568083383,
    "d2mae_samperror_test": 0.0074455055430109746,
    "d2mae_t_critical_test": 1.965927295920882,
    "d2mae_df_test": 399,
    "rmse_mean_test": 3.4373781568915827,
    "rmse_std_test": 0.3123974747375297,
    "rmse_ci_lower_test": 3.4066706207534194,
    "rmse_ci_upper_test": 3.468085693029746,
    "rmse_samperror_test": 0.030707536138163193,
    "rmse_t_critical_test": 1.965927295920882,
    "rmse_df_test": 399,
    "mape_mean_test": 968380105624282.5,
    "mape_std_test": 892325313114258.4,
    "mape_ci_lower_test": 880667771129659.1,
    "mape_ci_upper_test": 1056092440118905.9,
    "mape_samperror_test": 87712334494623.42,
    "mape_t_critical_test": 1.965927295920882,
    "mape_df_test": 399,
    "r2_mean_test": -0.0019831829842309728,
    "r2_std_test": 0.12532354267059784,
    "r2_ci_lower_test": -0.014302031652112655,
    "r2_ci_upper_test": 0.01033566568365071,
    "r2_samperror_test": 0.012318848667881683,
    "r2_t_critical_test": 1.965927295920882,
    "r2_df_test": 399,
    "median_ae_mean_test": 2.502917597485297,
    "median_ae_std_test": 0.35687183856516436,
    "median_ae_ci_lower_test": 2.4678383930562604,
    "median_ae_ci_upper_test": 2.5379968019143333,
    "median_ae_samperror_test": 0.03507920442903636,
    "median_ae_t_critical_test": 1.965927295920882,
    "median_ae_df_test": 399,
    "max_error_mean_test": 7.663897070781868,
    "max_error_std_test": 1.2689677914763624,
    "max_error_ci_lower_test": 7.539162149836477,
    "max_error_ci_upper_test": 7.788631991727259,
    "max_error_samperror_test": 0.12473492094539095,
    "max_error_t_critical_test": 1.965927295920882,
    "max_error_df_test": 399,
    "rho_mean_test": 0.1421627172656213,
    "rho_std_test": 0.20034021454042836,
    "rho_ci_lower_test": 0.12247000245383761,
    "rho_ci_upper_test": 0.161855432077405,
    "rho_samperror_test": 0.019692714811783685,
    "rho_t_critical_test": 1.965927295920882,
    "rho_df_test": 399,
    "r2_below_zero_test": 0.5025
  },
  "selected_features": [
    "z_l2_T2W10",
    "z_l3_T2W10"
  ]
}