set,r2_mean,r2_std,r2_ci_lower,r2_ci_upper,rmse_mean,rmse_std,rmse_ci_lower,rmse_ci_upper,mae_mean,mae_std,mae_ci_lower,mae_ci_upper,rho_mean,rho_std,rho_ci_lower,rho_ci_upper,r2_below_zero
VALIDATION,-0.02351228377249183,0.05405032318080408,-0.028825234057216226,-0.018199333487767432,1.3968026476091169,0.07926126244779583,1.3890115536413534,1.4045937415768803,1.0917141171666973,0.061922763155154825,1.0856273346504193,1.0978008996829753,0.010751517308749707,0.13454120251513002,-0.002473393813775957,0.02397642843127537,0.65
