set,r2_mean,r2_std,r2_ci_lower,r2_ci_upper,rmse_mean,rmse_std,rmse_ci_lower,rmse_ci_upper,mae_mean,mae_std,mae_ci_lower,mae_ci_upper,rho_mean,rho_std,rho_ci_lower,rho_ci_upper,r2_below_zero
TEST,-0.023174625558153864,0.06597769322502035,-0.02965999295980195,-0.01668925815650578,1.3492287840947206,0.10983932725447618,1.3384319775139626,1.3600255906754786,1.0482483344450164,0.08062427345946506,1.0403232614496287,1.056173407440404,0.010455745820729199,0.20094920380739517,-0.00929683042219713,0.030208322063655528,0.635
