set,r2_mean,r2_std,r2_ci_lower,r2_ci_upper,rmse_mean,rmse_std,rmse_ci_lower,rmse_ci_upper,mae_mean,mae_std,mae_ci_lower,mae_ci_upper,rho_mean,rho_std,rho_ci_lower,rho_ci_upper,r2_below_zero
VALIDATION,-0.0326710325196826,0.07551836689707507,-0.04009421346099899,-0.025247851578366207,1.4022398435751944,0.07982450323750573,1.3943933850852974,1.4100863020650913,1.095454240395343,0.06501577420561146,1.0890634261365308,1.101845054654155,0.0855923351977583,0.12936881625755767,0.07287585084167301,0.09830881955384359,0.5375
