set,r2_mean,r2_std,r2_ci_lower,r2_ci_upper,rmse_mean,rmse_std,rmse_ci_lower,rmse_ci_upper,mae_mean,mae_std,mae_ci_lower,mae_ci_upper,rho_mean,rho_std,rho_ci_lower,rho_ci_upper,r2_below_zero
TEST,-0.045501260821403926,0.11077940723266602,-0.05639047384663559,-0.03461204779617226,1.3624054714162201,0.11918496990062086,1.3506900221366631,1.3741209206957772,1.0574435690109898,0.09083790526928176,1.048514533137332,1.0663726048846476,0.07162988287016717,0.18871760266034696,0.0530796285556308,0.09018013718470352,0.55
