{
  "best_trial_number": 284,
  "best_value_internal_minimized": 6.297860648523261,
  "best_params": {
    "regressor": "ExtraTreesRegressor",
    "use_scaler": true,
    "et_n_estimators": 451,
    "et_max_depth": 3,
    "et_min_samples_split": 3,
    "et_min_samples_leaf": 5,
    "et_max_features": null,
    "rfe_n_features": 4
  },
  "best_metadata": {
    "regressor": "ExtraTreesRegressor",
    "use_scaler": true,
    "rfe_estimator": {
      "mode": "original",
      "type": "ExtraTreesRegressor"
    },
    "n_candidate_features": 9,
    "rfe_n_features": 4,
    "rfe_selected_features": [
      "z_re_T2W40",
      "z_pe_T2W40",
      "z_l2_T2W40",
      "z_density_T2W40"
    ]
  },
  "validation_summary": {
    "n_splits_val": 400,
    "mae_mean_val": 6.314958094986235,
    "mae_std_val": 0.3006630475886539,
    "mae_ci_lower_val": 6.28540401037977,
    "mae_ci_upper_val": 6.3445121795927,
    "mae_samperror_val": 0.029554084606464692,
    "mae_t_critical_val": 1.965927295920882,
    "mae_df_val": 399,
    "d2mae_mean_val": 0.012764751583372957,
    "d2mae_std_val": 0.030353065816764873,
    "d2mae_ci_lower_val": 0.009781155553169902,
    "d2mae_ci_upper_val": 0.015748347613576012,
    "d2mae_samperror_val": 0.002983596030203056,
    "d2mae_t_critical_val": 1.965927295920882,
    "d2mae_df_val": 399,
    "rmse_mean_val": 7.416247668860439,
    "rmse_std_val": 0.37300830544090663,
    "rmse_ci_lower_val": 7.3795823083968655,
    "rmse_ci_upper_val": 7.452913029324013,
    "rmse_samperror_val": 0.0366653604635736,
    "rmse_t_critical_val": 1.965927295920882,
    "rmse_df_val": 399,
    "mape_mean_val": 308522923559040.7,
    "mape_std_val": 561727005883583.25,
    "mape_ci_lower_val": 253307200872918.38,
    "mape_ci_upper_val": 363738646245163.0,
    "mape_samperror_val": 55215722686122.31,
    "mape_t_critical_val": 1.965927295920882,
    "mape_df_val": 399,
    "r2_mean_val": 0.0511273990081872,
    "r2_std_val": 0.04934455491665244,
    "r2_ci_lower_val": 0.0462770086374015,
    "r2_ci_upper_val": 0.055977789378972895,
    "r2_samperror_val": 0.0048503903707856994,
    "r2_t_critical_val": 1.965927295920882,
    "r2_df_val": 399,
    "median_ae_mean_val": 5.992587046526097,
    "median_ae_std_val": 0.4349340062542197,
    "median_ae_ci_lower_val": 5.949834614785128,
    "median_ae_ci_upper_val": 6.035339478267066,
    "median_ae_samperror_val": 0.0427524317409697,
    "median_ae_t_critical_val": 1.965927295920882,
    "median_ae_df_val": 399,
    "max_error_mean_val": 16.379213923743027,
    "max_error_std_val": 1.5176178875665849,
    "max_error_ci_lower_val": 16.23003760224578,
    "max_error_ci_upper_val": 16.528390245240274,
    "max_error_samperror_val": 0.14917632149724688,
    "max_error_t_critical_val": 1.965927295920882,
    "max_error_df_val": 399,
    "rho_mean_val": 0.19032152055356957,
    "rho_std_val": 0.12944620602982546,
    "rho_ci_lower_val": 0.17759742906419795,
    "rho_ci_upper_val": 0.2030456120429412,
    "rho_samperror_val": 0.012724091489371607,
    "rho_t_critical_val": 1.965927295920882,
    "rho_df_val": 399,
    "r2_below_zero_val": 0.1475
  },
  "test_summary": {
    "n_splits_test": 400,
    "mae_mean_test": 6.264108557248404,
    "mae_std_test": 0.43895992290265806,
    "mae_ci_lower_test": 6.220960392535921,
    "mae_ci_upper_test": 6.307256721960887,
    "mae_samperror_test": 0.04314816471248307,
    "mae_t_critical_test": 1.965927295920882,
    "mae_df_test": 399,
    "d2mae_mean_test": 0.0006732434786295374,
    "d2mae_std_test": 0.048662033910551024,
    "d2mae_ci_lower_test": -0.0041100575583594545,
    "d2mae_ci_upper_test": 0.0054565445156185294,
    "d2mae_samperror_test": 0.004783301036988992,
    "d2mae_t_critical_test": 1.965927295920882,
    "d2mae_df_test": 399,
    "rmse_mean_test": 7.414903994862791,
    "rmse_std_test": 0.5304982335701384,
    "rmse_ci_lower_test": 7.362757946972124,
    "rmse_ci_upper_test": 7.467050042753458,
    "rmse_samperror_test": 0.05214604789066733,
    "rmse_t_critical_test": 1.965927295920882,
    "rmse_df_test": 399,
    "mape_mean_test": 264528544896910.1,
    "mape_std_test": 784603031864257.9,
    "mape_ci_lower_test": 187404919056698.8,
    "mape_ci_upper_test": 341652170737121.4,
    "mape_samperror_test": 77123625840211.3,
    "mape_t_critical_test": 1.965927295920882,
    "mape_df_test": 399,
    "r2_mean_test": 0.03699665468553937,
    "r2_std_test": 0.07348393800837436,
    "r2_ci_lower_test": 0.029773450708418317,
    "r2_ci_upper_test": 0.04421985866266043,
    "r2_samperror_test": 0.007223203977121056,
    "r2_t_critical_test": 1.965927295920882,
    "r2_df_test": 399,
    "median_ae_mean_test": 5.850205943427011,
    "median_ae_std_test": 0.6931574103510562,
    "median_ae_ci_lower_test": 5.7820710897580625,
    "median_ae_ci_upper_test": 5.91834079709596,
    "median_ae_samperror_test": 0.06813485366894864,
    "median_ae_t_critical_test": 1.965927295920882,
    "median_ae_df_test": 399,
    "max_error_mean_test": 15.344986279922018,
    "max_error_std_test": 2.0559068340008104,
    "max_error_ci_lower_test": 15.142898111780395,
    "max_error_ci_upper_test": 15.547074448063642,
    "max_error_samperror_test": 0.20208816814162375,
    "max_error_t_critical_test": 1.965927295920882,
    "max_error_df_test": 399,
    "rho_mean_test": 0.17553619576811985,
    "rho_std_test": 0.1842722080681061,
    "rho_ci_lower_test": 0.15742290758208474,
    "rho_ci_upper_test": 0.19364948395415496,
    "rho_samperror_test": 0.0181132881860351,
    "rho_t_critical_test": 1.965927295920882,
    "rho_df_test": 399,
    "r2_below_zero_test": 0.2975
  },
  "selected_features": [
    "z_re_T2W40",
    "z_pe_T2W40",
    "z_l2_T2W40",
    "z_density_T2W40"
  ]
}