{
  "mean_abs_shap": {
    "z_re_T2W40": 0.20270057185982449,
    "z_pe_T2W40": 0.515392893530204,
    "z_l2_T2W40": 0.5358907207649074,
    "z_density_T2W40": 0.13939010002159055
  },
  "mean_shap": {
    "z_re_T2W40": -0.009258370464877883,
    "z_pe_T2W40": 0.02487588241399521,
    "z_l2_T2W40": -0.0211403888004105,
    "z_density_T2W40": 0.005522876851293123
  },
  "regressor": "ExtraTreesRegressor",
  "n_subjects": 222,
  "n_features": 4
}