set,r2_mean,r2_std,r2_ci_lower,r2_ci_upper,rmse_mean,rmse_std,rmse_ci_lower,rmse_ci_upper,mae_mean,mae_std,mae_ci_lower,mae_ci_upper,rho_mean,rho_std,rho_ci_lower,rho_ci_upper,r2_below_zero
VALIDATION,-0.017335299980062696,0.033729629870396176,-0.020650799982238704,-0.014019799977886688,7.66264195758647,0.33208958612549583,7.629998758483711,7.69528515668923,6.536017067763135,0.25795928778717003,6.51066060750828,6.56137352801799,-0.03500320518926865,0.12653034285450676,-0.04744067792826378,-0.022565732450273525,0.7525
