set,r2_mean,r2_std,r2_ci_lower,r2_ci_upper,rmse_mean,rmse_std,rmse_ci_lower,rmse_ci_upper,mae_mean,mae_std,mae_ci_lower,mae_ci_upper,rho_mean,rho_std,rho_ci_lower,rho_ci_upper,r2_below_zero
TEST,-0.014112933548340312,0.031145169056360365,-0.017174390447538775,-0.011051476649141849,7.834547343222109,0.4889013712020403,7.786490115689147,7.882604570755071,6.718332652037755,0.3772540581781077,6.681249949514291,6.755415354561218,-0.009508751223075186,0.18309992700610958,-0.02750680844219678,0.008489305996046408,0.6875
