{
  "best_trial_number": 86,
  "best_value_internal_minimized": 6.235198235939343,
  "best_params": {
    "regressor": "QuantileRegressor",
    "use_scaler": true,
    "quantile_alpha": 0.04263885565638922,
    "rfe_n_features": 2
  },
  "best_metadata": {
    "regressor": "QuantileRegressor",
    "use_scaler": true,
    "rfe_estimator": {
      "mode": "original",
      "type": "QuantileRegressor"
    },
    "n_candidate_features": 10,
    "rfe_n_features": 2,
    "rfe_selected_features": [
      "z_pe_T2W30",
      "z_asp_T2W30"
    ]
  },
  "validation_summary": {
    "n_splits_val": 400,
    "mae_mean_val": 6.266630199183097,
    "mae_std_val": 0.2634999238129307,
    "mae_ci_lower_val": 6.240729114548251,
    "mae_ci_upper_val": 6.292531283817943,
    "mae_samperror_val": 0.025901084634845663,
    "mae_t_critical_val": 1.965927295920882,
    "mae_df_val": 399,
    "d2mae_mean_val": 0.009710370136589947,
    "d2mae_std_val": 0.019703775981359486,
    "d2mae_ci_lower_val": 0.007773560584866703,
    "d2mae_ci_upper_val": 0.011647179688313192,
    "d2mae_samperror_val": 0.0019368095517232438,
    "d2mae_t_critical_val": 1.965927295920882,
    "d2mae_df_val": 399,
    "rmse_mean_val": 7.526180962150171,
    "rmse_std_val": 0.35373061188878385,
    "rmse_ci_lower_val": 7.4914105288844235,
    "rmse_ci_upper_val": 7.560951395415919,
    "rmse_samperror_val": 0.03477043326574779,
    "rmse_t_critical_val": 1.965927295920882,
    "rmse_df_val": 399,
    "mape_mean_val": 288563065238935.2,
    "mape_std_val": 536325735826627.06,
    "mape_ci_lower_val": 235844195060614.28,
    "mape_ci_upper_val": 341281935417256.1,
    "mape_samperror_val": 52718870178320.91,
    "mape_t_critical_val": 1.965927295920882,
    "mape_df_val": 399,
    "r2_mean_val": 0.0003800839239174961,
    "r2_std_val": 0.03671726482271637,
    "r2_ci_lower_val": -0.0032290897334091894,
    "r2_ci_upper_val": 0.003989257581244182,
    "r2_samperror_val": 0.0036091736573266855,
    "r2_t_critical_val": 1.965927295920882,
    "r2_df_val": 399,
    "median_ae_mean_val": 5.909446121916908,
    "median_ae_std_val": 0.3904480990609608,
    "median_ae_ci_lower_val": 5.87106649313769,
    "median_ae_ci_upper_val": 5.947825750696126,
    "median_ae_samperror_val": 0.03837962877921817,
    "median_ae_t_critical_val": 1.965927295920882,
    "median_ae_df_val": 399,
    "max_error_mean_val": 17.441745567252752,
    "max_error_std_val": 1.4970122226830007,
    "max_error_ci_lower_val": 17.294594707707766,
    "max_error_ci_upper_val": 17.58889642679774,
    "max_error_samperror_val": 0.14715085954498505,
    "max_error_t_critical_val": 1.965927295920882,
    "max_error_df_val": 399,
    "rho_mean_val": 0.11893012003251455,
    "rho_std_val": 0.13008767775325902,
    "rho_ci_lower_val": 0.10525412519075315,
    "rho_ci_upper_val": 0.13260611487427595,
    "rho_samperror_val": 0.013675994841761395,
    "rho_t_critical_val": 1.96678455657484,
    "rho_df_val": 349,
    "r2_below_zero_val": 0.5225
  },
  "test_summary": {
    "n_splits_test": 400,
    "mae_mean_test": 6.357418085154523,
    "mae_std_test": 0.4198546894608779,
    "mae_ci_lower_test": 6.316147895437946,
    "mae_ci_upper_test": 6.398688274871099,
    "mae_samperror_test": 0.04127018971657626,
    "mae_t_critical_test": 1.965927295920882,
    "mae_df_test": 399,
    "d2mae_mean_test": 0.0017055426612624606,
    "d2mae_std_test": 0.03138921775370519,
    "d2mae_ci_lower_test": -0.001379903337718209,
    "d2mae_ci_upper_test": 0.0047909886602431305,
    "d2mae_samperror_test": 0.0030854459989806695,
    "d2mae_t_critical_test": 1.965927295920882,
    "d2mae_df_test": 399,
    "rmse_mean_test": 7.6003276011131335,
    "rmse_std_test": 0.5572457152792407,
    "rmse_ci_lower_test": 7.545552373003013,
    "rmse_ci_upper_test": 7.655102829223254,
    "rmse_samperror_test": 0.054775228110120776,
    "rmse_t_critical_test": 1.965927295920882,
    "rmse_df_test": 399,
    "mape_mean_test": 262257520835265.7,
    "mape_std_test": 787874743850985.6,
    "mape_ci_lower_test": 184812297600099.4,
    "mape_ci_upper_test": 339702744070432.0,
    "mape_samperror_test": 77445223235166.28,
    "mape_t_critical_test": 1.965927295920882,
    "mape_df_test": 399,
    "r2_mean_test": -0.006864019311316182,
    "r2_std_test": 0.056332925823624716,
    "r2_ci_lower_test": -0.01240134113810369,
    "r2_ci_upper_test": -0.001326697484528674,
    "r2_samperror_test": 0.005537321826787508,
    "r2_t_critical_test": 1.965927295920882,
    "r2_df_test": 399,
    "median_ae_mean_test": 5.986681446632684,
    "median_ae_std_test": 0.5925573122280794,
    "median_ae_ci_lower_test": 5.928435216907349,
    "median_ae_ci_upper_test": 6.044927676358018,
    "median_ae_samperror_test": 0.05824622972533469,
    "median_ae_t_critical_test": 1.965927295920882,
    "median_ae_df_test": 399,
    "max_error_mean_test": 16.203607965168484,
    "max_error_std_test": 2.255354423903048,
    "max_error_ci_lower_test": 15.981914823972138,
    "max_error_ci_upper_test": 16.42530110636483,
    "max_error_samperror_test": 0.2216931411963459,
    "max_error_t_critical_test": 1.965927295920882,
    "max_error_df_test": 399,
    "rho_mean_test": 0.10571093872631414,
    "rho_std_test": 0.21942607002940906,
    "rho_ci_lower_test": 0.08264288298346348,
    "rho_ci_upper_test": 0.1287789944691648,
    "rho_samperror_test": 0.023068055742850663,
    "rho_t_critical_test": 1.96678455657484,
    "rho_df_test": 349,
    "r2_below_zero_test": 0.565
  },
  "selected_features": [
    "z_pe_T2W30",
    "z_asp_T2W30"
  ]
}