{
  "best_trial_number": 298,
  "best_value_internal_minimized": 6.203046778772668,
  "best_params": {
    "regressor": "RandomForestRegressor",
    "use_scaler": true,
    "rf_n_estimators": 248,
    "rf_max_depth": 2,
    "rf_min_samples_split": 12,
    "rf_min_samples_leaf": 3,
    "rf_max_features": "sqrt",
    "rfe_n_features": 4
  },
  "best_metadata": {
    "regressor": "RandomForestRegressor",
    "use_scaler": true,
    "rfe_estimator": {
      "mode": "original",
      "type": "RandomForestRegressor"
    },
    "n_candidate_features": 9,
    "rfe_n_features": 4,
    "rfe_selected_features": [
      "z_re_T2W30",
      "z_pe_T2W30",
      "z_l2_T2W30",
      "z_density_T2W30"
    ]
  },
  "validation_summary": {
    "n_splits_val": 400,
    "mae_mean_val": 6.219293609148699,
    "mae_std_val": 0.32011925785702455,
    "mae_ci_lower_val": 6.187827049800146,
    "mae_ci_upper_val": 6.250760168497252,
    "mae_samperror_val": 0.031466559348553,
    "mae_t_critical_val": 1.965927295920882,
    "mae_df_val": 399,
    "d2mae_mean_val": 0.017149009955289184,
    "d2mae_std_val": 0.036514935274784506,
    "d2mae_ci_lower_val": 0.013559724557015028,
    "d2mae_ci_upper_val": 0.020738295353563342,
    "d2mae_samperror_val": 0.0035892853982741565,
    "d2mae_t_critical_val": 1.965927295920882,
    "d2mae_df_val": 399,
    "rmse_mean_val": 7.347689821214613,
    "rmse_std_val": 0.3871874933511737,
    "rmse_ci_lower_val": 7.3096306981237,
    "rmse_ci_upper_val": 7.385748944305526,
    "rmse_samperror_val": 0.03805912309091287,
    "rmse_t_critical_val": 1.965927295920882,
    "rmse_df_val": 399,
    "mape_mean_val": 297422707288152.25,
    "mape_std_val": 553539827467354.2,
    "mape_ci_lower_val": 243011754478281.88,
    "mape_ci_upper_val": 351833660098022.6,
    "mape_samperror_val": 54410952809870.36,
    "mape_t_critical_val": 1.965927295920882,
    "mape_df_val": 399,
    "r2_mean_val": 0.04651651143019988,
    "r2_std_val": 0.06060951020957763,
    "r2_ci_lower_val": 0.04055881690452968,
    "r2_ci_upper_val": 0.05247420595587008,
    "r2_samperror_val": 0.005957694525670202,
    "r2_t_critical_val": 1.965927295920882,
    "r2_df_val": 399,
    "median_ae_mean_val": 5.751265752487564,
    "median_ae_std_val": 0.4361091645299826,
    "median_ae_ci_lower_val": 5.7083978069600265,
    "median_ae_ci_upper_val": 5.794133698015101,
    "median_ae_samperror_val": 0.04286794552753719,
    "median_ae_t_critical_val": 1.965927295920882,
    "median_ae_df_val": 399,
    "max_error_mean_val": 16.57944917108723,
    "max_error_std_val": 1.7361229356336414,
    "max_error_ci_lower_val": 16.408794597675406,
    "max_error_ci_upper_val": 16.750103744499054,
    "max_error_samperror_val": 0.1706545734118234,
    "max_error_t_critical_val": 1.965927295920882,
    "max_error_df_val": 399,
    "rho_mean_val": 0.19973054558228648,
    "rho_std_val": 0.12677400810070172,
    "rho_ci_lower_val": 0.18726912143536326,
    "rho_ci_upper_val": 0.2121919697292097,
    "rho_samperror_val": 0.012461424146923226,
    "rho_t_critical_val": 1.965927295920882,
    "rho_df_val": 399,
    "r2_below_zero_val": 0.21
  },
  "test_summary": {
    "n_splits_test": 400,
    "mae_mean_test": 6.293554758703125,
    "mae_std_test": 0.5089599766957887,
    "mae_ci_lower_test": 6.243525843167249,
    "mae_ci_upper_test": 6.343583674239,
    "mae_samperror_test": 0.05002891553587536,
    "mae_t_critical_test": 1.965927295920882,
    "mae_df_test": 399,
    "d2mae_mean_test": 0.011539729481125725,
    "d2mae_std_test": 0.05884926211668691,
    "d2mae_ci_lower_test": 0.00575506094412585,
    "d2mae_ci_upper_test": 0.0173243980181256,
    "d2mae_samperror_test": 0.005784668536999875,
    "d2mae_t_critical_test": 1.965927295920882,
    "d2mae_df_test": 399,
    "rmse_mean_test": 7.408720851158829,
    "rmse_std_test": 0.6037499970121977,
    "rmse_ci_lower_test": 7.349374421206908,
    "rmse_ci_upper_test": 7.468067281110751,
    "rmse_samperror_test": 0.05934642995192152,
    "rmse_t_critical_test": 1.965927295920882,
    "rmse_df_test": 399,
    "mape_mean_test": 274490652017959.28,
    "mape_std_test": 825540519816546.9,
    "mape_ci_lower_test": 193343019928156.12,
    "mape_ci_upper_test": 355638284107762.44,
    "mape_samperror_test": 81147632089803.17,
    "mape_t_critical_test": 1.965927295920882,
    "mape_df_test": 399,
    "r2_mean_test": 0.041308084819485745,
    "r2_std_test": 0.0951608485160097,
    "r2_ci_lower_test": 0.03195411933945497,
    "r2_ci_upper_test": 0.05066205029951652,
    "r2_samperror_test": 0.009353965480030781,
    "r2_t_critical_test": 1.965927295920882,
    "r2_df_test": 399,
    "median_ae_mean_test": 5.824611768524121,
    "median_ae_std_test": 0.7993804543815659,
    "median_ae_ci_lower_test": 5.746035575769403,
    "median_ae_ci_upper_test": 5.903187961278839,
    "median_ae_samperror_test": 0.07857619275471789,
    "median_ae_t_critical_test": 1.965927295920882,
    "median_ae_df_test": 399,
    "max_error_mean_test": 15.271294620631245,
    "max_error_std_test": 2.3085774484079504,
    "max_error_ci_lower_test": 15.044369849602617,
    "max_error_ci_upper_test": 15.498219391659873,
    "max_error_samperror_test": 0.22692477102862857,
    "max_error_t_critical_test": 1.965927295920882,
    "max_error_df_test": 399,
    "rho_mean_test": 0.19236057795218936,
    "rho_std_test": 0.1918687618387679,
    "rho_ci_lower_test": 0.17350057614552053,
    "rho_ci_upper_test": 0.2112205797588582,
    "rho_samperror_test": 0.018860001806668834,
    "rho_t_critical_test": 1.965927295920882,
    "rho_df_test": 399,
    "r2_below_zero_test": 0.3025
  },
  "selected_features": [
    "z_re_T2W30",
    "z_pe_T2W30",
    "z_l2_T2W30",
    "z_density_T2W30"
  ]
}