{
  "best_trial_number": 81,
  "best_value_internal_minimized": 6.20764981987303,
  "best_params": {
    "regressor": "RandomForestRegressor",
    "use_scaler": true,
    "rf_n_estimators": 472,
    "rf_max_depth": 2,
    "rf_min_samples_split": 7,
    "rf_min_samples_leaf": 4,
    "rf_max_features": "sqrt",
    "rfe_n_features": 4
  },
  "best_metadata": {
    "regressor": "RandomForestRegressor",
    "use_scaler": true,
    "rfe_estimator": {
      "mode": "original",
      "type": "RandomForestRegressor"
    },
    "n_candidate_features": 9,
    "rfe_n_features": 4,
    "rfe_selected_features": [
      "z_re_T2W30",
      "z_pe_T2W30",
      "z_l2_T2W30",
      "z_density_T2W30"
    ]
  },
  "validation_summary": {
    "n_splits_val": 400,
    "mae_mean_val": 6.2203745051152035,
    "mae_std_val": 0.31982869652580564,
    "mae_ci_lower_val": 6.1889365068892594,
    "mae_ci_upper_val": 6.251812503341148,
    "mae_samperror_val": 0.03143799822594387,
    "mae_t_critical_val": 1.965927295920882,
    "mae_df_val": 399,
    "d2mae_mean_val": 0.016969093286843755,
    "d2mae_std_val": 0.036692973615379015,
    "d2mae_ci_lower_val": 0.013362307366894838,
    "d2mae_ci_upper_val": 0.02057587920679267,
    "d2mae_samperror_val": 0.003606785919948917,
    "d2mae_t_critical_val": 1.965927295920882,
    "d2mae_df_val": 399,
    "rmse_mean_val": 7.349019622792737,
    "rmse_std_val": 0.3867016357291124,
    "rmse_ci_lower_val": 7.311008257739881,
    "rmse_ci_upper_val": 7.387030987845592,
    "rmse_samperror_val": 0.038011365052855794,
    "rmse_t_critical_val": 1.965927295920882,
    "rmse_df_val": 399,
    "mape_mean_val": 296621990330039.75,
    "mape_std_val": 552086095649939.2,
    "mape_ci_lower_val": 242353934073209.62,
    "mape_ci_upper_val": 350890046586869.9,
    "mape_samperror_val": 54268056256830.125,
    "mape_t_critical_val": 1.965927295920882,
    "mape_df_val": 399,
    "r2_mean_val": 0.04615567188790393,
    "r2_std_val": 0.060758525227700824,
    "r2_ci_lower_val": 0.040183329727652206,
    "r2_ci_upper_val": 0.05212801404815566,
    "r2_samperror_val": 0.005972342160251728,
    "r2_t_critical_val": 1.965927295920882,
    "r2_df_val": 399,
    "median_ae_mean_val": 5.736702740212939,
    "median_ae_std_val": 0.435479310202882,
    "median_ae_ci_lower_val": 5.693896707076107,
    "median_ae_ci_upper_val": 5.779508773349772,
    "median_ae_samperror_val": 0.042806033136832136,
    "median_ae_t_critical_val": 1.965927295920882,
    "median_ae_df_val": 399,
    "max_error_mean_val": 16.586031138408508,
    "max_error_std_val": 1.7385750819668566,
    "max_error_ci_lower_val": 16.415135527926182,
    "max_error_ci_upper_val": 16.756926748890834,
    "max_error_samperror_val": 0.1708956104823264,
    "max_error_t_critical_val": 1.965927295920882,
    "max_error_df_val": 399,
    "rho_mean_val": 0.20097365897307284,
    "rho_std_val": 0.12529285652199426,
    "rho_ci_lower_val": 0.18865782664204847,
    "rho_ci_upper_val": 0.21328949130409722,
    "rho_samperror_val": 0.012315832331024361,
    "rho_t_critical_val": 1.965927295920882,
    "rho_df_val": 399,
    "r2_below_zero_val": 0.2175
  },
  "test_summary": {
    "n_splits_test": 400,
    "mae_mean_test": 6.2911187817997964,
    "mae_std_test": 0.5107053562015388,
    "mae_ci_lower_test": 6.240918301803316,
    "mae_ci_upper_test": 6.341319261796277,
    "mae_samperror_test": 0.0502004799964801,
    "mae_t_critical_test": 1.965927295920882,
    "mae_df_test": 399,
    "d2mae_mean_test": 0.011922220053761742,
    "d2mae_std_test": 0.059295332467495875,
    "d2mae_ci_lower_test": 0.00609370442283405,
    "d2mae_ci_upper_test": 0.017750735684689434,
    "d2mae_samperror_test": 0.005828515630927692,
    "d2mae_t_critical_test": 1.965927295920882,
    "d2mae_df_test": 399,
    "rmse_mean_test": 7.406146321999605,
    "rmse_std_test": 0.6058765342471217,
    "rmse_ci_lower_test": 7.346590861167887,
    "rmse_ci_upper_test": 7.4657017828313235,
    "rmse_samperror_test": 0.059555460831717984,
    "rmse_t_critical_test": 1.965927295920882,
    "rmse_df_test": 399,
    "mape_mean_test": 273349464904721.75,
    "mape_std_test": 822142922584737.6,
    "mape_ci_lower_test": 192535804271846.53,
    "mape_ci_upper_test": 354163125537597.0,
    "mape_samperror_test": 80813660632875.22,
    "mape_t_critical_test": 1.965927295920882,
    "mape_df_test": 399,
    "r2_mean_test": 0.04195646243441626,
    "r2_std_test": 0.09585044825580193,
    "r2_ci_lower_test": 0.03253471180679961,
    "r2_ci_upper_test": 0.05137821306203291,
    "r2_samperror_test": 0.009421750627616654,
    "r2_t_critical_test": 1.965927295920882,
    "r2_df_test": 399,
    "median_ae_mean_test": 5.824319829573722,
    "median_ae_std_test": 0.7990705650695409,
    "median_ae_ci_lower_test": 5.745774097811865,
    "median_ae_ci_upper_test": 5.902865561335578,
    "median_ae_samperror_test": 0.0785457317618567,
    "median_ae_t_critical_test": 1.965927295920882,
    "median_ae_df_test": 399,
    "max_error_mean_test": 15.254123834133425,
    "max_error_std_test": 2.306257112663891,
    "max_error_ci_lower_test": 15.027427143673544,
    "max_error_ci_upper_test": 15.480820524593307,
    "max_error_samperror_test": 0.22669669045988122,
    "max_error_t_critical_test": 1.965927295920882,
    "max_error_df_test": 399,
    "rho_mean_test": 0.1970832873373224,
    "rho_std_test": 0.19112586951477403,
    "rho_ci_lower_test": 0.17829630914553704,
    "rho_ci_upper_test": 0.21587026552910774,
    "rho_samperror_test": 0.018786978191785354,
    "rho_t_critical_test": 1.965927295920882,
    "rho_df_test": 399,
    "r2_below_zero_test": 0.3
  },
  "selected_features": [
    "z_re_T2W30",
    "z_pe_T2W30",
    "z_l2_T2W30",
    "z_density_T2W30"
  ]
}