{
  "mean_abs_shap": {
    "z_re_T2W30": 0.3189322078395824,
    "z_pe_T2W30": 0.6742970470673864,
    "z_l2_T2W30": 0.8267535371130007,
    "z_density_T2W30": 0.18073924215969472
  },
  "mean_shap": {
    "z_re_T2W30": -0.010692779330355031,
    "z_pe_T2W30": 0.00019065124123671093,
    "z_l2_T2W30": 0.03768286899743661,
    "z_density_T2W30": -0.02366628911877578
  },
  "regressor": "RandomForestRegressor",
  "n_subjects": 230,
  "n_features": 4
}