{
  "mean_abs_shap": {
    "z_re_T2W30": 0.3115198471397861,
    "z_pe_T2W30": 0.6843234227973628,
    "z_l2_T2W30": 0.7992388744602208,
    "z_density_T2W30": 0.17273542539538464
  },
  "mean_shap": {
    "z_re_T2W30": -0.011859591118996933,
    "z_pe_T2W30": -0.0009382402595346511,
    "z_l2_T2W30": 0.0277443039337641,
    "z_density_T2W30": -0.025365298920066646
  },
  "regressor": "RandomForestRegressor",
  "n_subjects": 230,
  "n_features": 4
}