set,r2_mean,r2_std,r2_ci_lower,r2_ci_upper,rmse_mean,rmse_std,rmse_ci_lower,rmse_ci_upper,mae_mean,mae_std,mae_ci_lower,mae_ci_upper,rho_mean,rho_std,rho_ci_lower,rho_ci_upper,r2_below_zero
VALIDATION,-0.023457427209546185,0.053135457081297376,-0.028680449482413935,-0.018234404936678435,2.2816954018506728,0.18433702434151802,2.263575742460582,2.2998150612407637,1.785339857012123,0.12696754405148417,1.7728594089847807,1.7978203050394654,0.07936494834889425,0.12070292951398635,0.06750028915743625,0.09122960754035225,0.595
