set,r2_mean,r2_std,r2_ci_lower,r2_ci_upper,rmse_mean,rmse_std,rmse_ci_lower,rmse_ci_upper,mae_mean,mae_std,mae_ci_lower,mae_ci_upper,rho_mean,rho_std,rho_ci_lower,rho_ci_upper,r2_below_zero
TEST,-0.024397383258484888,0.08219673112141332,-0.03247702312583768,-0.016317743391132095,2.228048693131731,0.30197299342893075,2.1983658456110873,2.2577315406523746,1.7504077194475274,0.19948681574522345,1.7307988906350336,1.7700165482600212,0.09921375299602707,0.19185459918429854,0.08035514332680843,0.1180723626652457,0.585
