target,window,set,metric,mean,std,ci_lower,ci_upper,t_critical,df,significant
MOT,T7W30,VALIDATION,R2,-0.003942,0.018727,-0.005783,-0.002101,1.9659,399,True
MOT,T7W30,VALIDATION,RMSE,7.609809,0.314568,7.578889,7.64073,1.9659,399,True
MOT,T7W30,VALIDATION,MAE,6.474494,0.224958,6.452382,6.496607,1.9659,399,True
MOT,T7W30,VALIDATION,rho,0.051845,0.118103,0.040236,0.063454,1.9659,399,True
MOT,T7W30,TEST,R2,-0.006923,0.029402,-0.009813,-0.004033,1.9659,399,True
MOT,T7W30,TEST,RMSE,7.740885,0.506402,7.691107,7.790662,1.9659,399,True
MOT,T7W30,TEST,MAE,6.564756,0.381822,6.527224,6.602287,1.9659,399,True
MOT,T7W30,TEST,rho,0.06292,0.191508,0.044096,0.081745,1.9659,399,True
