set,r2_mean,r2_std,r2_ci_lower,r2_ci_upper,rmse_mean,rmse_std,rmse_ci_lower,rmse_ci_upper,mae_mean,mae_std,mae_ci_lower,mae_ci_upper,rho_mean,rho_std,rho_ci_lower,rho_ci_upper,r2_below_zero
VALIDATION,-0.003941807541970532,0.018727037690052146,-0.005782607270301165,-0.0021010078136398996,7.6098094363709405,0.3145682802285079,7.578888517944335,7.6407303547975465,6.474494234145514,0.22495791120445272,6.452381689242005,6.4966067790490225,0.05184531881455308,0.11810349793844548,0.0402361742975068,0.06345446333159936,0.4975
