set,r2_mean,r2_std,r2_ci_lower,r2_ci_upper,rmse_mean,rmse_std,rmse_ci_lower,rmse_ci_upper,mae_mean,mae_std,mae_ci_lower,mae_ci_upper,rho_mean,rho_std,rho_ci_lower,rho_ci_upper,r2_below_zero
TEST,-0.006923343366104739,0.02940197892944778,-0.00981345101267934,-0.004033235719530138,7.740884763153689,0.5064024815845406,7.691107240090233,7.790662286217145,6.564755749873363,0.381821790987804,6.527224055819347,6.60228744392738,0.06292035186119745,0.19150841975377447,0.04409577037156649,0.0817449333508284,0.565
