{
  "best_trial_number": 8,
  "best_value_internal_minimized": 6.318479815650786,
  "best_params": {
    "regressor": "QuantileRegressor",
    "use_scaler": false,
    "quantile_alpha": 0.03261332783906558,
    "rfe_n_features": 3
  },
  "best_metadata": {
    "regressor": "QuantileRegressor",
    "use_scaler": false,
    "rfe_estimator": {
      "mode": "original",
      "type": "QuantileRegressor"
    },
    "n_candidate_features": 22,
    "rfe_n_features": 3,
    "rfe_selected_features": [
      "nodes_T6W30",
      "z_diameter_T6W30",
      "z_asp_T6W30"
    ]
  },
  "validation_summary": {
    "n_splits_val": 400,
    "mae_mean_val": 6.344082999342118,
    "mae_std_val": 0.2658867320602559,
    "mae_ci_lower_val": 6.317947300133095,
    "mae_ci_upper_val": 6.370218698551141,
    "mae_samperror_val": 0.02613569920902295,
    "mae_t_critical_val": 1.965927295920882,
    "mae_df_val": 399,
    "d2mae_mean_val": 0.011977687185663792,
    "d2mae_std_val": 0.019611783565371813,
    "d2mae_ci_lower_val": 0.010049920154020942,
    "d2mae_ci_upper_val": 0.013905454217306643,
    "d2mae_samperror_val": 0.0019277670316428502,
    "d2mae_t_critical_val": 1.965927295920882,
    "d2mae_df_val": 399,
    "rmse_mean_val": 7.6674393916767265,
    "rmse_std_val": 0.3354519847199522,
    "rmse_ci_lower_val": 7.634465681015137,
    "rmse_ci_upper_val": 7.700413102338316,
    "rmse_samperror_val": 0.03297371066158943,
    "rmse_t_critical_val": 1.965927295920882,
    "rmse_df_val": 399,
    "mape_mean_val": 220068956345444.6,
    "mape_std_val": 440764368239527.2,
    "mape_ci_lower_val": 176743421215874.12,
    "mape_ci_upper_val": 263394491475015.06,
    "mape_samperror_val": 43325535129570.48,
    "mape_t_critical_val": 1.965927295920882,
    "mape_df_val": 399,
    "r2_mean_val": -0.01878182725994432,
    "r2_std_val": 0.03891727693418016,
    "r2_ci_lower_val": -0.022607254110335165,
    "r2_ci_upper_val": -0.014956400409553474,
    "r2_samperror_val": 0.0038254268503908457,
    "r2_t_critical_val": 1.965927295920882,
    "r2_df_val": 399,
    "median_ae_mean_val": 5.888128250081325,
    "median_ae_std_val": 0.5065399289765596,
    "median_ae_ci_lower_val": 5.838337216438882,
    "median_ae_ci_upper_val": 5.937919283723767,
    "median_ae_samperror_val": 0.049791033642442174,
    "median_ae_t_critical_val": 1.965927295920882,
    "median_ae_df_val": 399,
    "max_error_mean_val": 17.504465396035197,
    "max_error_std_val": 1.5492463052026506,
    "max_error_ci_lower_val": 17.352180116060072,
    "max_error_ci_upper_val": 17.656750676010322,
    "max_error_samperror_val": 0.15228527997512323,
    "max_error_t_critical_val": 1.965927295920882,
    "max_error_df_val": 399,
    "rho_mean_val": 0.09027679444137174,
    "rho_std_val": 0.12093085024102583,
    "rho_ci_lower_val": 0.07826830002558499,
    "rho_ci_upper_val": 0.10228528885715849,
    "rho_samperror_val": 0.01200849441578675,
    "rho_t_critical_val": 1.9660496792749909,
    "rho_df_val": 391,
    "r2_below_zero_val": 0.6625
  },
  "test_summary": {
    "n_splits_test": 400,
    "mae_mean_test": 6.507429016169146,
    "mae_std_test": 0.4250045924723966,
    "mae_ci_lower_test": 6.465652609707486,
    "mae_ci_upper_test": 6.5492054226308065,
    "mae_samperror_test": 0.04177640646166075,
    "mae_t_critical_test": 1.965927295920882,
    "mae_df_test": 399,
    "d2mae_mean_test": 0.010943506694737315,
    "d2mae_std_test": 0.03160695498268519,
    "d2mae_ci_lower_test": 0.007836657917667147,
    "d2mae_ci_upper_test": 0.014050355471807482,
    "d2mae_samperror_test": 0.0031068487770701675,
    "d2mae_t_critical_test": 1.965927295920882,
    "d2mae_df_test": 399,
    "rmse_mean_test": 7.823841033697096,
    "rmse_std_test": 0.527201158432351,
    "rmse_ci_lower_test": 7.772019076306933,
    "rmse_ci_upper_test": 7.875662991087259,
    "rmse_samperror_test": 0.05182195739016342,
    "rmse_t_critical_test": 1.965927295920882,
    "rmse_df_test": 399,
    "mape_mean_test": 232343969472449.28,
    "mape_std_test": 670405299178480.9,
    "mape_ci_lower_test": 166445565623200.25,
    "mape_ci_upper_test": 298242373321698.3,
    "mape_samperror_test": 65898403849249.04,
    "mape_t_critical_test": 1.965927295920882,
    "mape_df_test": 399,
    "r2_mean_test": -0.011789249233157629,
    "r2_std_test": 0.05644532905188088,
    "r2_ci_lower_test": -0.017337619888674057,
    "r2_ci_upper_test": -0.0062408785776412,
    "r2_samperror_test": 0.005548370655516429,
    "r2_t_critical_test": 1.965927295920882,
    "r2_df_test": 399,
    "median_ae_mean_test": 6.1539517694559365,
    "median_ae_std_test": 0.7319418771104906,
    "median_ae_ci_lower_test": 6.082004543693983,
    "median_ae_ci_upper_test": 6.22589899521789,
    "median_ae_samperror_test": 0.07194722576195406,
    "median_ae_t_critical_test": 1.965927295920882,
    "median_ae_df_test": 399,
    "max_error_mean_test": 16.373101152912362,
    "max_error_std_test": 2.095651482845233,
    "max_error_ci_lower_test": 16.167106230269237,
    "max_error_ci_upper_test": 16.579096075555487,
    "max_error_samperror_test": 0.20599492264312574,
    "max_error_t_critical_test": 1.965927295920882,
    "max_error_df_test": 399,
    "rho_mean_test": 0.11531802829174496,
    "rho_std_test": 0.19519566484857814,
    "rho_ci_lower_test": 0.0959350003328071,
    "rho_ci_upper_test": 0.13470105625068285,
    "rho_samperror_test": 0.019383027958937874,
    "rho_t_critical_test": 1.9660496792749909,
    "rho_df_test": 391,
    "r2_below_zero_test": 0.5475
  },
  "selected_features": [
    "nodes_T6W30",
    "z_diameter_T6W30",
    "z_asp_T6W30"
  ]
}