{
  "best_trial_number": 198,
  "best_value_internal_minimized": 6.314884106086945,
  "best_params": {
    "regressor": "QuantileRegressor",
    "use_scaler": false,
    "quantile_alpha": 0.02849349105854977,
    "rfe_n_features": 2
  },
  "best_metadata": {
    "regressor": "QuantileRegressor",
    "use_scaler": false,
    "rfe_estimator": {
      "mode": "original",
      "type": "QuantileRegressor"
    },
    "n_candidate_features": 22,
    "rfe_n_features": 2,
    "rfe_selected_features": [
      "nodes_T6W30",
      "z_asp_T6W30"
    ]
  },
  "validation_summary": {
    "n_splits_val": 400,
    "mae_mean_val": 6.340348606125359,
    "mae_std_val": 0.2675516346660913,
    "mae_ci_lower_val": 6.314049253042444,
    "mae_ci_upper_val": 6.366647959208275,
    "mae_samperror_val": 0.026299353082916026,
    "mae_t_critical_val": 1.965927295920882,
    "mae_df_val": 399,
    "d2mae_mean_val": 0.012553470145455072,
    "d2mae_std_val": 0.02048166348715381,
    "d2mae_ci_lower_val": 0.010540197079691985,
    "d2mae_ci_upper_val": 0.01456674321121816,
    "d2mae_samperror_val": 0.0020132730657630876,
    "d2mae_t_critical_val": 1.965927295920882,
    "d2mae_df_val": 399,
    "rmse_mean_val": 7.66673156358868,
    "rmse_std_val": 0.3365631444099843,
    "rmse_ci_lower_val": 7.633648629968853,
    "rmse_ci_upper_val": 7.699814497208507,
    "rmse_samperror_val": 0.03308293361982749,
    "rmse_t_critical_val": 1.965927295920882,
    "rmse_df_val": 399,
    "mape_mean_val": 219522107851937.84,
    "mape_std_val": 439669888232596.56,
    "mape_ci_lower_val": 176304156128390.6,
    "mape_ci_upper_val": 262740059575485.1,
    "mape_samperror_val": 43217951723547.25,
    "mape_t_critical_val": 1.965927295920882,
    "mape_df_val": 399,
    "r2_mean_val": -0.01862920858885558,
    "r2_std_val": 0.0402124205709331,
    "r2_ci_lower_val": -0.022581943350627968,
    "r2_ci_upper_val": -0.014676473827083193,
    "r2_samperror_val": 0.003952734761772388,
    "r2_t_critical_val": 1.965927295920882,
    "r2_df_val": 399,
    "median_ae_mean_val": 5.879947352534382,
    "median_ae_std_val": 0.5070277279345555,
    "median_ae_ci_lower_val": 5.8301083700276175,
    "median_ae_ci_upper_val": 5.929786335041146,
    "median_ae_samperror_val": 0.04983898250676447,
    "median_ae_t_critical_val": 1.965927295920882,
    "median_ae_df_val": 399,
    "max_error_mean_val": 17.497853823437136,
    "max_error_std_val": 1.5649949721590832,
    "max_error_ci_lower_val": 17.34402050674981,
    "max_error_ci_upper_val": 17.651687140124462,
    "max_error_samperror_val": 0.15383331668732414,
    "max_error_t_critical_val": 1.965927295920882,
    "max_error_df_val": 399,
    "rho_mean_val": 0.09045898129551955,
    "rho_std_val": 0.12150504897010385,
    "rho_ci_lower_val": 0.07840892440094299,
    "rho_ci_upper_val": 0.1025090381900961,
    "rho_samperror_val": 0.012050056894576557,
    "rho_t_critical_val": 1.9660341073487397,
    "rho_df_val": 392,
    "r2_below_zero_val": 0.6525
  },
  "test_summary": {
    "n_splits_test": 400,
    "mae_mean_test": 6.5038994940614945,
    "mae_std_test": 0.42804863914658087,
    "mae_ci_lower_test": 6.461823868877492,
    "mae_ci_upper_test": 6.545975119245497,
    "mae_samperror_test": 0.042075625184002555,
    "mae_t_critical_test": 1.965927295920882,
    "mae_df_test": 399,
    "d2mae_mean_test": 0.011484118457794713,
    "d2mae_std_test": 0.032421905717628624,
    "d2mae_ci_lower_test": 0.008297162985991742,
    "d2mae_ci_upper_test": 0.014671073929597685,
    "d2mae_samperror_test": 0.0031869554718029713,
    "d2mae_t_critical_test": 1.965927295920882,
    "d2mae_df_test": 399,
    "rmse_mean_test": 7.823519246563603,
    "rmse_std_test": 0.5300282662869701,
    "rmse_ci_lower_test": 7.7714193947484445,
    "rmse_ci_upper_test": 7.875619098378762,
    "rmse_samperror_test": 0.05209985181515881,
    "rmse_t_critical_test": 1.965927295920882,
    "rmse_df_test": 399,
    "mape_mean_test": 231671916460448.75,
    "mape_std_test": 668452908482457.6,
    "mape_ci_lower_test": 165965425519280.4,
    "mape_ci_upper_test": 297378407401617.06,
    "mape_samperror_test": 65706490941168.336,
    "mape_t_critical_test": 1.965927295920882,
    "mape_df_test": 399,
    "r2_mean_test": -0.011736495198835848,
    "r2_std_test": 0.05787752691777903,
    "r2_ci_lower_test": -0.01742564569823872,
    "r2_ci_upper_test": -0.006047344699432978,
    "r2_samperror_test": 0.00568915049940287,
    "r2_t_critical_test": 1.965927295920882,
    "r2_df_test": 399,
    "median_ae_mean_test": 6.150504807256986,
    "median_ae_std_test": 0.7372648852734386,
    "median_ae_ci_lower_test": 6.078034349142835,
    "median_ae_ci_upper_test": 6.222975265371137,
    "median_ae_samperror_test": 0.07247045811415152,
    "median_ae_t_critical_test": 1.965927295920882,
    "median_ae_df_test": 399,
    "max_error_mean_test": 16.37243393665709,
    "max_error_std_test": 2.099534161816937,
    "max_error_ci_lower_test": 16.166057360785373,
    "max_error_ci_upper_test": 16.578810512528804,
    "max_error_samperror_test": 0.20637657587171432,
    "max_error_t_critical_test": 1.965927295920882,
    "max_error_df_test": 399,
    "rho_mean_test": 0.11533575913139507,
    "rho_std_test": 0.19480597949273495,
    "rho_ci_lower_test": 0.09601620693016308,
    "rho_ci_upper_test": 0.13465531133262706,
    "rho_samperror_test": 0.01931955220123199,
    "rho_t_critical_test": 1.9660341073487397,
    "rho_df_test": 392,
    "r2_below_zero_test": 0.545
  },
  "selected_features": [
    "nodes_T6W30",
    "z_asp_T6W30"
  ]
}