{
  "mean_abs_shap": {
    "nodes_T6W30": 0.9283212242282413,
    "z_diameter_T6W30": 0.0,
    "z_asp_T6W30": 0.0
  },
  "mean_shap": {
    "nodes_T6W30": -0.08941947868778866,
    "z_diameter_T6W30": 0.0,
    "z_asp_T6W30": 0.0
  },
  "regressor": "QuantileRegressor",
  "n_subjects": 252,
  "n_features": 3
}