set,r2_mean,r2_std,r2_ci_lower,r2_ci_upper,rmse_mean,rmse_std,rmse_ci_lower,rmse_ci_upper,mae_mean,mae_std,mae_ci_lower,mae_ci_upper,rho_mean,rho_std,rho_ci_lower,rho_ci_upper,r2_below_zero
TEST,-0.02291662744511136,0.05216226150417752,-0.02804398813051264,-0.017789266759710078,2.177545304661911,0.29740769406013784,2.1483112094734254,2.206779399850397,1.681099157874648,0.19134210160183937,1.6622909248547517,1.6999073908945441,0.028936899590278918,0.2178366888026878,0.0075243449617675845,0.05034945421879025,0.635
