set,r2_mean,r2_std,r2_ci_lower,r2_ci_upper,rmse_mean,rmse_std,rmse_ci_lower,rmse_ci_upper,mae_mean,mae_std,mae_ci_lower,mae_ci_upper,rho_mean,rho_std,rho_ci_lower,rho_ci_upper,r2_below_zero
VALIDATION,-0.01630888960995716,0.04798788416712021,-0.021025924177838717,-0.011591855042075605,2.256733816877683,0.19762497982550195,2.2373079997679444,2.2761596339874215,1.7728105214317946,0.13449237217772647,1.7595904101539275,1.7860306327096618,0.043624994894064774,0.1306068242119868,0.030786818856470513,0.056463170931659035,0.6225
