{
  "best_trial_number": 211,
  "best_value_internal_minimized": 0.9894712406299335,
  "best_params": {
    "regressor": "QuantileRegressor",
    "use_scaler": true,
    "quantile_alpha": 0.022726299587344977,
    "rfe_n_features": 2
  },
  "best_metadata": {
    "regressor": "QuantileRegressor",
    "use_scaler": true,
    "rfe_estimator": {
      "mode": "original",
      "type": "QuantileRegressor"
    },
    "n_candidate_features": 22,
    "rfe_n_features": 2,
    "rfe_selected_features": [
      "edges_T2W20",
      "z_asp_T2W20"
    ]
  },
  "validation_summary": {
    "n_splits_val": 400,
    "mae_mean_val": 0.9878761533790723,
    "mae_std_val": 0.058514873162613855,
    "mae_ci_lower_val": 0.9821243540606858,
    "mae_ci_upper_val": 0.9936279526974588,
    "mae_samperror_val": 0.005751799318386543,
    "mae_t_critical_val": 1.965927295920882,
    "mae_df_val": 399,
    "d2mae_mean_val": 0.017142494529368165,
    "d2mae_std_val": 0.022670017056743572,
    "d2mae_ci_lower_val": 0.014914114262825956,
    "d2mae_ci_upper_val": 0.019370874795910372,
    "d2mae_samperror_val": 0.0022283802665422083,
    "d2mae_t_critical_val": 1.965927295920882,
    "d2mae_df_val": 399,
    "rmse_mean_val": 1.3051455971642962,
    "rmse_std_val": 0.07895749539571406,
    "rmse_ci_lower_val": 1.297384362393497,
    "rmse_ci_upper_val": 1.3129068319350954,
    "rmse_samperror_val": 0.007761234770799081,
    "rmse_t_critical_val": 1.965927295920882,
    "rmse_df_val": 399,
    "mape_mean_val": 262631418187827.12,
    "mape_std_val": 231582068367972.28,
    "mape_ci_lower_val": 239867742715306.5,
    "mape_ci_upper_val": 285395093660347.75,
    "mape_samperror_val": 22763675472520.63,
    "mape_t_critical_val": 1.965927295920882,
    "mape_df_val": 399,
    "r2_mean_val": 0.03686380391538655,
    "r2_std_val": 0.03548749283188076,
    "r2_ci_lower_val": 0.033375512374287,
    "r2_ci_upper_val": 0.0403520954564861,
    "r2_samperror_val": 0.0034882915410995516,
    "r2_t_critical_val": 1.965927295920882,
    "r2_df_val": 399,
    "median_ae_mean_val": 0.9977598379453753,
    "median_ae_std_val": 0.011424121910552363,
    "median_ae_ci_lower_val": 0.9966368882905812,
    "median_ae_ci_upper_val": 0.9988827876001694,
    "median_ae_samperror_val": 0.0011229496547941354,
    "median_ae_t_critical_val": 1.965927295920882,
    "median_ae_df_val": 399,
    "max_error_mean_val": 3.18111362634275,
    "max_error_std_val": 0.2773059032863834,
    "max_error_ci_lower_val": 3.153855464113215,
    "max_error_ci_upper_val": 3.208371788572285,
    "max_error_samperror_val": 0.027258162229534866,
    "max_error_t_critical_val": 1.965927295920882,
    "max_error_df_val": 399,
    "rho_mean_val": 0.25336056385325,
    "rho_std_val": 0.1203914987815808,
    "rho_ci_lower_val": 0.2413748214953449,
    "rho_ci_upper_val": 0.2653463062111551,
    "rho_samperror_val": 0.01198574235790513,
    "rho_t_critical_val": 1.9660810640467081,
    "rho_df_val": 389,
    "r2_below_zero_val": 0.145
  },
  "test_summary": {
    "n_splits_test": 400,
    "mae_mean_test": 0.9711907700815192,
    "mae_std_test": 0.08252758268487279,
    "mae_ci_lower_test": 0.9630786087081913,
    "mae_ci_upper_test": 0.9793029314548471,
    "mae_samperror_test": 0.008112161373327948,
    "mae_t_critical_test": 1.965927295920882,
    "mae_df_test": 399,
    "d2mae_mean_test": 0.01992183316464285,
    "d2mae_std_test": 0.03514474830157351,
    "d2mae_ci_lower_test": 0.01646723216492623,
    "d2mae_ci_upper_test": 0.023376434164359472,
    "d2mae_samperror_test": 0.0034546009997166215,
    "d2mae_t_critical_test": 1.965927295920882,
    "d2mae_df_test": 399,
    "rmse_mean_test": 1.297437880461015,
    "rmse_std_test": 0.11048393234053129,
    "rmse_ci_lower_test": 1.2865777115435686,
    "rmse_ci_upper_test": 1.3082980493784613,
    "rmse_samperror_test": 0.010860168917446318,
    "rmse_t_critical_test": 1.965927295920882,
    "rmse_df_test": 399,
    "mape_mean_test": 262664946476156.44,
    "mape_std_test": 335478304507947.3,
    "mape_ci_lower_test": 229688648675084.88,
    "mape_ci_upper_test": 295641244277228.0,
    "mape_samperror_test": 32976297801071.555,
    "mape_t_critical_test": 1.965927295920882,
    "mape_df_test": 399,
    "r2_mean_test": 0.04195448147087827,
    "r2_std_test": 0.05234209392768838,
    "r2_ci_lower_test": 0.03680944391197341,
    "r2_ci_upper_test": 0.04709951902978313,
    "r2_samperror_test": 0.0051450375589048615,
    "r2_t_critical_test": 1.965927295920882,
    "r2_df_test": 399,
    "median_ae_mean_test": 0.9786935894880295,
    "median_ae_std_test": 0.04554619125500181,
    "median_ae_ci_lower_test": 0.9742165644573575,
    "median_ae_ci_upper_test": 0.9831706145187016,
    "median_ae_samperror_test": 0.004477025030672052,
    "median_ae_t_critical_test": 1.965927295920882,
    "median_ae_df_test": 399,
    "max_error_mean_test": 2.9594510084979744,
    "max_error_std_test": 0.39464112323430495,
    "max_error_ci_lower_test": 2.9206592206850144,
    "max_error_ci_upper_test": 2.9982427963109344,
    "max_error_samperror_test": 0.03879178781295983,
    "max_error_t_critical_test": 1.965927295920882,
    "max_error_df_test": 399,
    "rho_mean_test": 0.26688913358317967,
    "rho_std_test": 0.19091749488846194,
    "rho_ci_lower_test": 0.2478820780310158,
    "rho_ci_upper_test": 0.28589618913534354,
    "rho_samperror_test": 0.01900705555216387,
    "rho_t_critical_test": 1.9660810640467081,
    "rho_df_test": 389,
    "r2_below_zero_test": 0.185
  },
  "selected_features": [
    "edges_T2W20",
    "z_asp_T2W20"
  ]
}