{
  "best_trial_number": 124,
  "best_value_internal_minimized": 0.9896555349565486,
  "best_params": {
    "regressor": "QuantileRegressor",
    "use_scaler": true,
    "quantile_alpha": 0.025992279021942115,
    "rfe_n_features": 4
  },
  "best_metadata": {
    "regressor": "QuantileRegressor",
    "use_scaler": true,
    "rfe_estimator": {
      "mode": "original",
      "type": "QuantileRegressor"
    },
    "n_candidate_features": 22,
    "rfe_n_features": 4,
    "rfe_selected_features": [
      "edges_T2W20",
      "z_density_T2W20",
      "z_diameter_T2W20",
      "z_asp_T2W20"
    ]
  },
  "validation_summary": {
    "n_splits_val": 400,
    "mae_mean_val": 0.9881124114256178,
    "mae_std_val": 0.0582358860333523,
    "mae_ci_lower_val": 0.9823880355278626,
    "mae_ci_upper_val": 0.993836787323373,
    "mae_samperror_val": 0.005724375897755247,
    "mae_t_critical_val": 1.965927295920882,
    "mae_df_val": 399,
    "d2mae_mean_val": 0.01689997145062534,
    "d2mae_std_val": 0.0222470452086741,
    "d2mae_ci_lower_val": 0.014713167779159424,
    "d2mae_ci_upper_val": 0.019086775122091254,
    "d2mae_samperror_val": 0.0021868036714659143,
    "d2mae_t_critical_val": 1.965927295920882,
    "d2mae_df_val": 399,
    "rmse_mean_val": 1.3055241528918242,
    "rmse_std_val": 0.07889105853245634,
    "rmse_ci_lower_val": 1.297769448623172,
    "rmse_ci_upper_val": 1.3132788571604765,
    "rmse_samperror_val": 0.007754704268652397,
    "rmse_t_critical_val": 1.965927295920882,
    "rmse_df_val": 399,
    "mape_mean_val": 263272871302045.84,
    "mape_std_val": 232198442976206.78,
    "mape_ci_lower_val": 240448608446183.2,
    "mape_ci_upper_val": 286097134157908.5,
    "mape_samperror_val": 22824262855862.668,
    "mape_t_critical_val": 1.965927295920882,
    "mape_df_val": 399,
    "r2_mean_val": 0.036318801481792985,
    "r2_std_val": 0.03489317873703878,
    "r2_ci_lower_val": 0.03288892885576345,
    "r2_ci_upper_val": 0.03974867410782252,
    "r2_samperror_val": 0.0034298726260295334,
    "r2_t_critical_val": 1.965927295920882,
    "r2_df_val": 399,
    "median_ae_mean_val": 0.9976790837641011,
    "median_ae_std_val": 0.011521514701551066,
    "median_ae_ci_lower_val": 0.9965465607519944,
    "median_ae_ci_upper_val": 0.9988116067762077,
    "median_ae_samperror_val": 0.0011325230121066487,
    "median_ae_t_critical_val": 1.965927295920882,
    "median_ae_df_val": 399,
    "max_error_mean_val": 3.1763316858130266,
    "max_error_std_val": 0.271182267320063,
    "max_error_ci_lower_val": 3.1496754547383152,
    "max_error_ci_upper_val": 3.202987916887738,
    "max_error_samperror_val": 0.026656231074711264,
    "max_error_t_critical_val": 1.965927295920882,
    "max_error_df_val": 399,
    "rho_mean_val": 0.2522235492339682,
    "rho_std_val": 0.12055259379543122,
    "rho_ci_lower_val": 0.24014359572200975,
    "rho_ci_upper_val": 0.26430350274592673,
    "rho_samperror_val": 0.012079953511958492,
    "rho_t_critical_val": 1.9661609607071924,
    "rho_df_val": 384,
    "r2_below_zero_val": 0.1525
  },
  "test_summary": {
    "n_splits_test": 400,
    "mae_mean_test": 0.9715911318460035,
    "mae_std_test": 0.0821189485065199,
    "mae_ci_lower_test": 0.9635191377269391,
    "mae_ci_upper_test": 0.979663125965068,
    "mae_samperror_test": 0.008071994119064441,
    "mae_t_critical_test": 1.965927295920882,
    "mae_df_test": 399,
    "d2mae_mean_test": 0.019511760736866345,
    "d2mae_std_test": 0.034270941070546186,
    "d2mae_ci_lower_test": 0.01614305181149221,
    "d2mae_ci_upper_test": 0.02288046966224048,
    "d2mae_samperror_test": 0.0033687089253741378,
    "d2mae_t_critical_test": 1.965927295920882,
    "d2mae_df_test": 399,
    "rmse_mean_test": 1.2981759804953719,
    "rmse_std_test": 0.11004884811456075,
    "rmse_ci_lower_test": 1.2873585787757185,
    "rmse_ci_upper_test": 1.3089933822150253,
    "rmse_samperror_test": 0.010817401719653313,
    "rmse_t_critical_test": 1.965927295920882,
    "rmse_df_test": 399,
    "mape_mean_test": 262829796176234.62,
    "mape_std_test": 335621817730436.7,
    "mape_ci_lower_test": 229839391547092.2,
    "mape_ci_upper_test": 295820200805377.06,
    "mape_samperror_test": 32990404629142.426,
    "mape_t_critical_test": 1.965927295920882,
    "mape_df_test": 399,
    "r2_mean_test": 0.040866037966485226,
    "r2_std_test": 0.051220600314858346,
    "r2_ci_lower_test": 0.03583123915286354,
    "r2_ci_upper_test": 0.04590083678010691,
    "r2_samperror_test": 0.005034798813621687,
    "r2_t_critical_test": 1.965927295920882,
    "r2_df_test": 399,
    "median_ae_mean_test": 0.9794499976265075,
    "median_ae_std_test": 0.04451080102559558,
    "median_ae_ci_lower_test": 0.9750747476915315,
    "median_ae_ci_upper_test": 0.9838252475614836,
    "median_ae_samperror_test": 0.004375249934976077,
    "median_ae_t_critical_test": 1.965927295920882,
    "median_ae_df_test": 399,
    "max_error_mean_test": 2.957107146075671,
    "max_error_std_test": 0.39100715550112564,
    "max_error_ci_lower_test": 2.9186725640806688,
    "max_error_ci_upper_test": 2.995541728070673,
    "max_error_samperror_test": 0.03843458199500219,
    "max_error_t_critical_test": 1.965927295920882,
    "max_error_df_test": 399,
    "rho_mean_test": 0.26462334353197,
    "rho_std_test": 0.19086616223697472,
    "rho_ci_lower_test": 0.24549763006336467,
    "rho_ci_upper_test": 0.2837490570005753,
    "rho_samperror_test": 0.019125713468605296,
    "rho_t_critical_test": 1.9661609607071924,
    "rho_df_test": 384,
    "r2_below_zero_test": 0.195
  },
  "selected_features": [
    "edges_T2W20",
    "z_density_T2W20",
    "z_diameter_T2W20",
    "z_asp_T2W20"
  ]
}