{
  "mean_abs_shap": {
    "edges_T2W20": 0.1230112101257683,
    "z_asp_T2W20": 0.0
  },
  "mean_shap": {
    "edges_T2W20": -0.0003442155514305876,
    "z_asp_T2W20": 0.0
  },
  "regressor": "QuantileRegressor",
  "n_subjects": 237,
  "n_features": 2
}