{
  "best_trial_number": 8,
  "best_value_internal_minimized": 1.0691225985343633,
  "best_params": {
    "regressor": "QuantileRegressor",
    "use_scaler": false,
    "quantile_alpha": 0.03261332783906558,
    "rfe_n_features": 2
  },
  "best_metadata": {
    "regressor": "QuantileRegressor",
    "use_scaler": false,
    "rfe_estimator": {
      "mode": "original",
      "type": "QuantileRegressor"
    },
    "n_candidate_features": 9,
    "rfe_n_features": 2,
    "rfe_selected_features": [
      "z_diameter_T6W50",
      "z_asp_T6W50"
    ]
  },
  "validation_summary": {
    "n_splits_val": 400,
    "mae_mean_val": 1.0597549019607841,
    "mae_std_val": 0.05477841715673016,
    "mae_ci_lower_val": 1.0543703826849964,
    "mae_ci_upper_val": 1.065139421236572,
    "mae_samperror_val": 0.005384519275787829,
    "mae_t_critical_val": 1.965927295920882,
    "mae_df_val": 399,
    "d2mae_mean_val": -1.3877787807814457e-17,
    "d2mae_std_val": 6.617368438535883e-17,
    "d2mae_ci_lower_val": -2.0382420428055975e-17,
    "d2mae_ci_upper_val": -7.373155187572938e-18,
    "d2mae_samperror_val": 6.504632620241519e-18,
    "d2mae_t_critical_val": 1.965927295920882,
    "d2mae_df_val": 399,
    "rmse_mean_val": 1.3837002137324743,
    "rmse_std_val": 0.07635095715798763,
    "rmse_ci_lower_val": 1.3761951921951456,
    "rmse_ci_upper_val": 1.391205235269803,
    "rmse_samperror_val": 0.007505021537328687,
    "rmse_t_critical_val": 1.965927295920882,
    "rmse_df_val": 399,
    "mape_mean_val": 373533851446612.06,
    "mape_std_val": 270749348326747.9,
    "mape_ci_lower_val": 346920174735194.8,
    "mape_ci_upper_val": 400147528158029.3,
    "mape_samperror_val": 26613676711417.223,
    "mape_t_critical_val": 1.965927295920882,
    "mape_df_val": 399,
    "r2_mean_val": -0.003309813776816217,
    "r2_std_val": 0.004004976038766905,
    "r2_ci_lower_val": -0.0037034883625222644,
    "r2_ci_upper_val": -0.0029161391911101692,
    "r2_samperror_val": 0.00039367458570604735,
    "r2_t_critical_val": 1.965927295920882,
    "r2_df_val": 399,
    "median_ae_mean_val": 1.0,
    "median_ae_std_val": 2.2343153037113256e-16,
    "median_ae_ci_lower_val": 1.0,
    "median_ae_ci_upper_val": 1.0,
    "median_ae_samperror_val": 2.1962507216299252e-17,
    "median_ae_t_critical_val": 1.965927295920882,
    "median_ae_df_val": 399,
    "max_error_mean_val": 2.995,
    "max_error_std_val": 0.07062201265667242,
    "max_error_ci_lower_val": 2.988058112881269,
    "max_error_ci_upper_val": 3.0019418871187313,
    "max_error_samperror_val": 0.006941887118731116,
    "max_error_t_critical_val": 1.965927295920882,
    "max_error_df_val": 399,
    "rho_mean_val": NaN,
    "rho_std_val": NaN,
    "rho_ci_lower_val": NaN,
    "rho_ci_upper_val": NaN,
    "rho_samperror_val": NaN,
    "rho_t_critical_val": NaN,
    "rho_df_val": NaN,
    "r2_below_zero_val": 0.925
  },
  "test_summary": {
    "n_splits_test": 400,
    "mae_mean_test": 1.0163461538461538,
    "mae_std_test": 0.07511243814808853,
    "mae_ci_lower_test": 1.008962874225229,
    "mae_ci_upper_test": 1.0237294334670786,
    "mae_samperror_test": 0.007383279620924809,
    "mae_t_critical_test": 1.965927295920882,
    "mae_df_test": 399,
    "d2mae_mean_test": -2.2204460492503132e-17,
    "d2mae_std_test": 7.53932896655432e-17,
    "d2mae_ci_lower_test": -2.961534679664119e-17,
    "d2mae_ci_upper_test": -1.4793574188365074e-17,
    "d2mae_samperror_test": 7.410886304138056e-18,
    "d2mae_t_critical_test": 1.965927295920882,
    "d2mae_df_test": 399,
    "rmse_mean_test": 1.3396373394753698,
    "rmse_std_test": 0.10927081265397268,
    "rmse_ci_lower_test": 1.3288964158131746,
    "rmse_ci_upper_test": 1.350378263137565,
    "rmse_samperror_test": 0.01074092366219509,
    "rmse_t_critical_test": 1.965927295920882,
    "rmse_df_test": 399,
    "mape_mean_test": 385837237306453.44,
    "mape_std_test": 411723440675133.4,
    "mape_ci_lower_test": 345366319786768.1,
    "mape_ci_upper_test": 426308154826138.75,
    "mape_samperror_test": 40470917519685.33,
    "mape_t_critical_test": 1.965927295920882,
    "mape_df_test": 399,
    "r2_mean_test": -0.006806834013527426,
    "r2_std_test": 0.008139099046228187,
    "r2_ci_lower_test": -0.007606877862486606,
    "r2_ci_upper_test": -0.006006790164568246,
    "r2_samperror_test": 0.0008000438489591804,
    "r2_t_critical_test": 1.965927295920882,
    "r2_df_test": 399,
    "median_ae_mean_test": 1.0,
    "median_ae_std_test": 1.556258775293667e-16,
    "median_ae_ci_lower_test": 1.0,
    "median_ae_ci_upper_test": 1.0,
    "median_ae_samperror_test": 1.5297458029331114e-17,
    "median_ae_t_critical_test": 1.965927295920882,
    "median_ae_df_test": 399,
    "max_error_mean_test": 2.8975,
    "max_error_std_test": 0.3036845580152905,
    "max_error_ci_lower_test": 2.8676489119024033,
    "max_error_ci_upper_test": 2.9273510880975966,
    "max_error_samperror_test": 0.02985108809759641,
    "max_error_t_critical_test": 1.965927295920882,
    "max_error_df_test": 399,
    "rho_mean_test": NaN,
    "rho_std_test": NaN,
    "rho_ci_lower_test": NaN,
    "rho_ci_upper_test": NaN,
    "rho_samperror_test": NaN,
    "rho_t_critical_test": NaN,
    "rho_df_test": NaN,
    "r2_below_zero_test": 0.8775
  },
  "selected_features": [
    "z_diameter_T6W50",
    "z_asp_T6W50"
  ]
}