{
  "best_trial_number": 92,
  "best_value_internal_minimized": 1.7392842418186119,
  "best_params": {
    "regressor": "SVR",
    "svr_kernel": "rbf",
    "svr_C": 0.0010121528157576182,
    "svr_epsilon": 0.0016955340551015948,
    "svr_gamma": "auto",
    "rfe_proxy_type": "LinearSVC",
    "rfe_proxy_svc_C": 0.2064191563105338,
    "rfe_n_features": 8
  },
  "best_metadata": {
    "regressor": "SVR",
    "use_scaler": true,
    "rfe_estimator": {
      "mode": "proxy",
      "type": "LinearSVC",
      "C": 0.2064191563105338,
      "epsilon": 0.0016955340551015948
    },
    "n_candidate_features": 13,
    "rfe_n_features": 8,
    "rfe_selected_features": [
      "edges_T6W50",
      "re_T6W50",
      "pe_T6W50",
      "l1_T6W50",
      "l2_T6W50",
      "l3_T6W50",
      "lcc_T6W50",
      "lsc_T6W50"
    ]
  },
  "validation_summary": {
    "n_splits_val": 400,
    "mae_mean_val": 1.7390543130994167,
    "mae_std_val": 0.11477158606860519,
    "mae_ci_lower_val": 1.7277726834069966,
    "mae_ci_upper_val": 1.7503359427918368,
    "mae_samperror_val": 0.011281629692420187,
    "mae_t_critical_val": 1.965927295920882,
    "mae_df_val": 399,
    "d2mae_mean_val": -4.960143116437915e-05,
    "d2mae_std_val": 0.0001628888496496899,
    "d2mae_ci_lower_val": -6.561281295075306e-05,
    "d2mae_ci_upper_val": -3.359004937800525e-05,
    "d2mae_samperror_val": 1.60113817863739e-05,
    "d2mae_t_critical_val": 1.965927295920882,
    "d2mae_df_val": 399,
    "rmse_mean_val": 2.2620176562792813,
    "rmse_std_val": 0.17240918941242947,
    "rmse_ci_lower_val": 2.2450704597026068,
    "rmse_ci_upper_val": 2.278964852855956,
    "rmse_samperror_val": 0.01694719657667443,
    "rmse_t_critical_val": 1.965927295920882,
    "rmse_df_val": 399,
    "mape_mean_val": 0.272069589974658,
    "mape_std_val": 0.0462050017236468,
    "mape_ci_lower_val": 0.2675278062698286,
    "mape_ci_upper_val": 0.27661137367948746,
    "mape_samperror_val": 0.0045417837048294316,
    "mape_t_critical_val": 1.965927295920882,
    "mape_df_val": 399,
    "r2_mean_val": -0.007810081838385723,
    "r2_std_val": 0.009968669090811906,
    "r2_ci_lower_val": -0.00878996577186722,
    "r2_ci_upper_val": -0.006830197904904226,
    "r2_samperror_val": 0.0009798839334814965,
    "r2_t_critical_val": 1.965927295920882,
    "r2_df_val": 399,
    "median_ae_mean_val": 1.0899483215820716,
    "median_ae_std_val": 0.2809973724350083,
    "median_ae_ci_lower_val": 1.06232730135447,
    "median_ae_ci_upper_val": 1.117569341809673,
    "median_ae_samperror_val": 0.02762102022760144,
    "median_ae_t_critical_val": 1.965927295920882,
    "median_ae_df_val": 399,
    "max_error_mean_val": 5.956718266690086,
    "max_error_std_val": 0.7105398766045437,
    "max_error_ci_lower_val": 5.88687477977723,
    "max_error_ci_upper_val": 6.026561753602943,
    "max_error_samperror_val": 0.06984348691285638,
    "max_error_t_critical_val": 1.965927295920882,
    "max_error_df_val": 399,
    "rho_mean_val": 0.13740006696956114,
    "rho_std_val": 0.11466634927318323,
    "rho_ci_lower_val": 0.1261287816715737,
    "rho_ci_upper_val": 0.14867135226754857,
    "rho_samperror_val": 0.011271285297987425,
    "rho_t_critical_val": 1.965927295920882,
    "rho_df_val": 399,
    "r2_below_zero_val": 0.91
  },
  "test_summary": {
    "n_splits_test": 400,
    "mae_mean_test": 1.6804063165694219,
    "mae_std_test": 0.1708849559102393,
    "mae_ci_lower_test": 1.6636089466051132,
    "mae_ci_upper_test": 1.6972036865337305,
    "mae_samperror_test": 0.016797369964308796,
    "mae_t_critical_test": 1.965927295920882,
    "mae_df_test": 399,
    "d2mae_mean_test": -7.571180397502431e-05,
    "d2mae_std_test": 0.00027908901768515607,
    "d2mae_ci_lower_test": -0.00010314523986797402,
    "d2mae_ci_upper_test": -4.827836808207461e-05,
    "d2mae_samperror_test": 2.7433435892949705e-05,
    "d2mae_t_critical_test": 1.965927295920882,
    "d2mae_df_test": 399,
    "rmse_mean_test": 2.201844248274508,
    "rmse_std_test": 0.24927655499123944,
    "rmse_ci_lower_test": 2.177341269089988,
    "rmse_ci_upper_test": 2.226347227459028,
    "rmse_samperror_test": 0.02450297918452002,
    "rmse_t_critical_test": 1.965927295920882,
    "rmse_df_test": 399,
    "mape_mean_test": 0.2729616369828346,
    "mape_std_test": 0.0697975257329362,
    "mape_ci_lower_test": 0.26610079393152863,
    "mape_ci_upper_test": 0.27982248003414056,
    "mape_samperror_test": 0.006860843051305972,
    "mape_t_critical_test": 1.965927295920882,
    "mape_df_test": 399,
    "r2_mean_test": -0.0069895143993709144,
    "r2_std_test": 0.009868455001385654,
    "r2_ci_lower_test": -0.007959547652160465,
    "r2_ci_upper_test": -0.006019481146581364,
    "r2_samperror_test": 0.0009700332527895502,
    "r2_t_critical_test": 1.965927295920882,
    "r2_df_test": 399,
    "median_ae_mean_test": 1.166572995765592,
    "median_ae_std_test": 0.3033923379851509,
    "median_ae_ci_lower_test": 1.1367506318346787,
    "median_ae_ci_upper_test": 1.1963953596965051,
    "median_ae_samperror_test": 0.0298223639309131,
    "median_ae_t_critical_test": 1.965927295920882,
    "median_ae_df_test": 399,
    "max_error_mean_test": 5.329818104476401,
    "max_error_std_test": 0.9060389935634323,
    "max_error_ci_lower_test": 5.240757765045649,
    "max_error_ci_upper_test": 5.418878443907153,
    "max_error_samperror_test": 0.0890603394307518,
    "max_error_t_critical_test": 1.965927295920882,
    "max_error_df_test": 399,
    "rho_mean_test": 0.16585691989100265,
    "rho_std_test": 0.18797979377941557,
    "rho_ci_lower_test": 0.14737918950737608,
    "rho_ci_upper_test": 0.18433465027462922,
    "rho_samperror_test": 0.018477730383626573,
    "rho_t_critical_test": 1.965927295920882,
    "rho_df_test": 399,
    "r2_below_zero_test": 0.8425
  },
  "selected_features": [
    "edges_T6W50",
    "re_T6W50",
    "pe_T6W50",
    "l1_T6W50",
    "l2_T6W50",
    "l3_T6W50",
    "lcc_T6W50",
    "lsc_T6W50"
  ]
}