{
  "best_trial_number": 100,
  "best_value_internal_minimized": 1.7303085383790267,
  "best_params": {
    "regressor": "ExtraTreesRegressor",
    "use_scaler": true,
    "et_n_estimators": 85,
    "et_max_depth": 3,
    "et_min_samples_split": 11,
    "et_min_samples_leaf": 1,
    "et_max_features": null,
    "rfe_n_features": 2
  },
  "best_metadata": {
    "regressor": "ExtraTreesRegressor",
    "use_scaler": true,
    "rfe_estimator": {
      "mode": "original",
      "type": "ExtraTreesRegressor"
    },
    "n_candidate_features": 13,
    "rfe_n_features": 2,
    "rfe_selected_features": [
      "re_T6W50",
      "pe_T6W50"
    ]
  },
  "validation_summary": {
    "n_splits_val": 400,
    "mae_mean_val": 1.7211983518062965,
    "mae_std_val": 0.12225544865257243,
    "mae_ci_lower_val": 1.7091810856272391,
    "mae_ci_upper_val": 1.733215617985354,
    "mae_samperror_val": 0.012017266179057297,
    "mae_t_critical_val": 1.965927295920882,
    "mae_df_val": 399,
    "d2mae_mean_val": 0.005175971777569735,
    "d2mae_std_val": 0.02816632982745346,
    "d2mae_ci_lower_val": 0.0024073239458846716,
    "d2mae_ci_upper_val": 0.007944619609254798,
    "d2mae_samperror_val": 0.002768647831685063,
    "d2mae_t_critical_val": 1.965927295920882,
    "d2mae_df_val": 399,
    "rmse_mean_val": 2.1904659304007454,
    "rmse_std_val": 0.18224475397111406,
    "rmse_ci_lower_val": 2.1725519335822354,
    "rmse_ci_upper_val": 2.2083799272192555,
    "rmse_samperror_val": 0.017913996818509935,
    "rmse_t_critical_val": 1.965927295920882,
    "rmse_df_val": 399,
    "mape_mean_val": 0.2682308574968426,
    "mape_std_val": 0.047840351082504486,
    "mape_ci_lower_val": 0.26352832489486594,
    "mape_ci_upper_val": 0.2729333900988193,
    "mape_samperror_val": 0.004702532601976684,
    "mape_t_critical_val": 1.965927295920882,
    "mape_df_val": 399,
    "r2_mean_val": 0.04457672078060943,
    "r2_std_val": 0.04459002053296724,
    "r2_ci_lower_val": 0.04019368385603779,
    "r2_ci_upper_val": 0.04895975770518107,
    "r2_samperror_val": 0.004383036924571645,
    "r2_t_critical_val": 1.965927295920882,
    "r2_df_val": 399,
    "median_ae_mean_val": 1.3803136939621725,
    "median_ae_std_val": 0.11315386741220279,
    "median_ae_ci_lower_val": 1.3691910801329394,
    "median_ae_ci_upper_val": 1.3914363077914056,
    "median_ae_samperror_val": 0.011122613829233094,
    "median_ae_t_critical_val": 1.965927295920882,
    "median_ae_df_val": 399,
    "max_error_mean_val": 5.777186520081503,
    "max_error_std_val": 0.6784724429814761,
    "max_error_ci_lower_val": 5.710495145322132,
    "max_error_ci_upper_val": 5.843877894840873,
    "max_error_samperror_val": 0.06669137475937041,
    "max_error_t_critical_val": 1.965927295920882,
    "max_error_df_val": 399,
    "rho_mean_val": 0.1985891872907777,
    "rho_std_val": 0.12360154527155791,
    "rho_ci_lower_val": 0.1864396047074099,
    "rho_ci_upper_val": 0.21073876987414553,
    "rho_samperror_val": 0.012149582583367817,
    "rho_t_critical_val": 1.965927295920882,
    "rho_df_val": 399,
    "r2_below_zero_val": 0.15
  },
  "test_summary": {
    "n_splits_test": 400,
    "mae_mean_test": 1.6652804816905347,
    "mae_std_test": 0.18417643745134432,
    "mae_ci_lower_test": 1.6471766074079814,
    "mae_ci_upper_test": 1.6833843559730879,
    "mae_samperror_test": 0.01810387428255314,
    "mae_t_critical_test": 1.965927295920882,
    "mae_df_test": 399,
    "d2mae_mean_test": -0.004424467167127222,
    "d2mae_std_test": 0.03784819234455633,
    "d2mae_ci_lower_test": -0.008144806888698574,
    "d2mae_ci_upper_test": -0.0007041274455558697,
    "d2mae_samperror_test": 0.0037203397215713526,
    "d2mae_t_critical_test": 1.965927295920882,
    "d2mae_df_test": 399,
    "rmse_mean_test": 2.1231060585548915,
    "rmse_std_test": 0.265421992733071,
    "rmse_ci_lower_test": 2.0970160415323087,
    "rmse_ci_upper_test": 2.1491960755774744,
    "rmse_samperror_test": 0.02609001702258291,
    "rmse_t_critical_test": 1.965927295920882,
    "rmse_df_test": 399,
    "mape_mean_test": 0.26602086525976676,
    "mape_std_test": 0.06770554889725254,
    "mape_ci_lower_test": 0.259365655926646,
    "mape_ci_upper_test": 0.2726760745928875,
    "mape_samperror_test": 0.006655209333120737,
    "mape_t_critical_test": 1.965927295920882,
    "mape_df_test": 399,
    "r2_mean_test": 0.03651881881873258,
    "r2_std_test": 0.06498316636393439,
    "r2_ci_lower_test": 0.030131209792221267,
    "r2_ci_upper_test": 0.0429064278452439,
    "r2_samperror_test": 0.006387609026511318,
    "r2_t_critical_test": 1.965927295920882,
    "r2_df_test": 399,
    "median_ae_mean_test": 1.3410232104790498,
    "median_ae_std_test": 0.17072543823038944,
    "median_ae_ci_lower_test": 1.3242415205227909,
    "median_ae_ci_upper_test": 1.3578049004353088,
    "median_ae_samperror_test": 0.016781689956258856,
    "median_ae_t_critical_test": 1.965927295920882,
    "median_ae_df_test": 399,
    "max_error_mean_test": 5.214925781600665,
    "max_error_std_test": 0.8943655324661581,
    "max_error_ci_lower_test": 5.127012900960364,
    "max_error_ci_upper_test": 5.3028386622409664,
    "max_error_samperror_test": 0.0879128806403017,
    "max_error_t_critical_test": 1.965927295920882,
    "max_error_df_test": 399,
    "rho_mean_test": 0.18248098266665141,
    "rho_std_test": 0.16438351611084792,
    "rho_ci_lower_test": 0.16632268060056313,
    "rho_ci_upper_test": 0.1986392847327397,
    "rho_samperror_test": 0.016158302066088297,
    "rho_t_critical_test": 1.965927295920882,
    "rho_df_test": 399,
    "r2_below_zero_test": 0.255
  },
  "selected_features": [
    "re_T6W50",
    "pe_T6W50"
  ]
}