{
  "best_trial_number": 74,
  "best_value_internal_minimized": 1.7245485243722372,
  "best_params": {
    "regressor": "RandomForestRegressor",
    "use_scaler": false,
    "rf_n_estimators": 206,
    "rf_max_depth": 3,
    "rf_min_samples_split": 12,
    "rf_min_samples_leaf": 1,
    "rf_max_features": "sqrt",
    "rfe_n_features": 3
  },
  "best_metadata": {
    "regressor": "RandomForestRegressor",
    "use_scaler": false,
    "rfe_estimator": {
      "mode": "original",
      "type": "RandomForestRegressor"
    },
    "n_candidate_features": 13,
    "rfe_n_features": 3,
    "rfe_selected_features": [
      "re_T6W50",
      "pe_T6W50",
      "l3_T6W50"
    ]
  },
  "validation_summary": {
    "n_splits_val": 400,
    "mae_mean_val": 1.7164583272216822,
    "mae_std_val": 0.12586632722668512,
    "mae_ci_lower_val": 1.7040861248050698,
    "mae_ci_upper_val": 1.7288305296382946,
    "mae_samperror_val": 0.012372202416612499,
    "mae_t_critical_val": 1.965927295920882,
    "mae_df_val": 399,
    "d2mae_mean_val": 0.007597840199276367,
    "d2mae_std_val": 0.04234621426812663,
    "d2mae_ci_lower_val": 0.003435361273845144,
    "d2mae_ci_upper_val": 0.01176031912470759,
    "d2mae_samperror_val": 0.004162478925431223,
    "d2mae_t_critical_val": 1.965927295920882,
    "d2mae_df_val": 399,
    "rmse_mean_val": 2.1741379131651097,
    "rmse_std_val": 0.18256439903841237,
    "rmse_ci_lower_val": 2.1561924963984596,
    "rmse_ci_upper_val": 2.19208332993176,
    "rmse_samperror_val": 0.017945416766650346,
    "rmse_t_critical_val": 1.965927295920882,
    "rmse_df_val": 399,
    "mape_mean_val": 0.26620421994433907,
    "mape_std_val": 0.04737958890678381,
    "mape_ci_lower_val": 0.26154697858927123,
    "mape_ci_upper_val": 0.2708614612994069,
    "mape_samperror_val": 0.004657241355067825,
    "mape_t_critical_val": 1.965927295920882,
    "mape_df_val": 399,
    "r2_mean_val": 0.05742726066630869,
    "r2_std_val": 0.06988868202971983,
    "r2_ci_lower_val": 0.05055745728240062,
    "r2_ci_upper_val": 0.06429706405021676,
    "r2_samperror_val": 0.006869803383908073,
    "r2_t_critical_val": 1.965927295920882,
    "r2_df_val": 399,
    "median_ae_mean_val": 1.4342969707021087,
    "median_ae_std_val": 0.12753317537496645,
    "median_ae_ci_lower_val": 1.421760923171853,
    "median_ae_ci_upper_val": 1.4468330182323643,
    "median_ae_samperror_val": 0.01253604753025557,
    "median_ae_t_critical_val": 1.965927295920882,
    "median_ae_df_val": 399,
    "max_error_mean_val": 5.7143687605240485,
    "max_error_std_val": 0.7407098890525016,
    "max_error_ci_lower_val": 5.641559671061707,
    "max_error_ci_upper_val": 5.78717784998639,
    "max_error_samperror_val": 0.07280908946234205,
    "max_error_t_critical_val": 1.965927295920882,
    "max_error_df_val": 399,
    "rho_mean_val": 0.21666393646308835,
    "rho_std_val": 0.12611998395564175,
    "rho_ci_lower_val": 0.20426680051211335,
    "rho_ci_upper_val": 0.22906107241406334,
    "rho_samperror_val": 0.01239713595097499,
    "rho_t_critical_val": 1.965927295920882,
    "rho_df_val": 399,
    "r2_below_zero_val": 0.2025
  },
  "test_summary": {
    "n_splits_test": 400,
    "mae_mean_test": 1.667653379642533,
    "mae_std_test": 0.18635060381639995,
    "mae_ci_lower_test": 1.649335792709833,
    "mae_ci_upper_test": 1.685970966575233,
    "mae_samperror_test": 0.01831758693269994,
    "mae_t_critical_test": 1.965927295920882,
    "mae_df_test": 399,
    "d2mae_mean_test": -0.006947956723997648,
    "d2mae_std_test": 0.06224916915764762,
    "d2mae_ci_lower_test": -0.013066823763768436,
    "d2mae_ci_upper_test": -0.0008290896842268608,
    "d2mae_samperror_test": 0.006118867039770787,
    "d2mae_t_critical_test": 1.965927295920882,
    "d2mae_df_test": 399,
    "rmse_mean_test": 2.1100771570984183,
    "rmse_std_test": 0.26112182965491265,
    "rmse_ci_lower_test": 2.0844098304744483,
    "rmse_ci_upper_test": 2.1357444837223882,
    "rmse_samperror_test": 0.02566732662396978,
    "rmse_t_critical_test": 1.965927295920882,
    "rmse_df_test": 399,
    "mape_mean_test": 0.26487482638899473,
    "mape_std_test": 0.06677609666635527,
    "mape_ci_lower_test": 0.2583109788314228,
    "mape_ci_upper_test": 0.2714386739465667,
    "mape_samperror_test": 0.006563847557571962,
    "mape_t_critical_test": 1.965927295920882,
    "mape_df_test": 399,
    "r2_mean_test": 0.044965287214066486,
    "r2_std_test": 0.10026669628006697,
    "r2_ci_lower_test": 0.035109435459626866,
    "r2_ci_upper_test": 0.05482113896850611,
    "r2_samperror_test": 0.00985585175443962,
    "r2_t_critical_test": 1.965927295920882,
    "r2_df_test": 399,
    "median_ae_mean_test": 1.3948254375502984,
    "median_ae_std_test": 0.20223559793198956,
    "median_ae_ci_lower_test": 1.3749464134412295,
    "median_ae_ci_upper_test": 1.4147044616593674,
    "median_ae_samperror_test": 0.019879024109068947,
    "median_ae_t_critical_test": 1.965927295920882,
    "median_ae_df_test": 399,
    "max_error_mean_test": 5.134548788366894,
    "max_error_std_test": 0.9309627951244193,
    "max_error_ci_lower_test": 5.043038529845799,
    "max_error_ci_upper_test": 5.226059046887989,
    "max_error_samperror_test": 0.09151025852109478,
    "max_error_t_critical_test": 1.965927295920882,
    "max_error_df_test": 399,
    "rho_mean_test": 0.2040594026041188,
    "rho_std_test": 0.18146011905437243,
    "rho_ci_lower_test": 0.18622253254561663,
    "rho_ci_upper_test": 0.221896272662621,
    "rho_samperror_test": 0.017836870058502183,
    "rho_t_critical_test": 1.965927295920882,
    "rho_df_test": 399,
    "r2_below_zero_test": 0.2925
  },
  "selected_features": [
    "re_T6W50",
    "pe_T6W50",
    "l3_T6W50"
  ]
}