{
  "mean_abs_shap": {
    "edges_T6W50": 1.3474395316398755e-05,
    "re_T6W50": 0.00044315187675138994,
    "pe_T6W50": 0.000524528615407792,
    "l1_T6W50": 0.00013444421965138354,
    "l2_T6W50": 5.1096422270344566e-05,
    "l3_T6W50": 0.00028660747042916104,
    "lcc_T6W50": 0.0010382303547715897,
    "lsc_T6W50": 0.0007893552286364195
  },
  "mean_shap": {
    "edges_T6W50": -2.4502760517393942e-06,
    "re_T6W50": -6.265197469834219e-05,
    "pe_T6W50": -5.187041288325604e-05,
    "l1_T6W50": 1.7199081481430712e-05,
    "l2_T6W50": -5.165346922887462e-06,
    "l3_T6W50": 4.494792379962337e-05,
    "lcc_T6W50": 3.2844219372632194e-06,
    "lsc_T6W50": -2.7814737184174305e-05
  },
  "regressor": "SVR",
  "n_subjects": 252,
  "n_features": 8
}