set,r2_mean,r2_std,r2_ci_lower,r2_ci_upper,rmse_mean,rmse_std,rmse_ci_lower,rmse_ci_upper,mae_mean,mae_std,mae_ci_lower,mae_ci_upper,rho_mean,rho_std,rho_ci_lower,rho_ci_upper,r2_below_zero
TEST,0.0059148241185942065,0.054433732914474044,0.0005641860508226338,0.011265462186365779,7.6337757798602635,0.5452396370744282,7.580180705593133,7.687370854127394,6.521039682711116,0.4524575039994992,6.476564754843274,6.565514610578958,0.10817900846439414,0.19886819960332136,0.08863098736985356,0.12772702955893472,0.3775
