set,r2_mean,r2_std,r2_ci_lower,r2_ci_upper,rmse_mean,rmse_std,rmse_ci_lower,rmse_ci_upper,mae_mean,mae_std,mae_ci_lower,mae_ci_upper,rho_mean,rho_std,rho_ci_lower,rho_ci_upper,r2_below_zero
VALIDATION,0.007175157527821219,0.034361591311274364,0.0037975380133156147,0.010552777042326822,7.7032340411453015,0.34511498416316827,7.669310492765418,7.737157589525185,6.551762373335648,0.28217921145547514,6.52402518262856,6.579499564042735,0.10863283668436699,0.12758945996888796,0.09609125658313492,0.12117441678559907,0.3325
