set,r2_mean,r2_std,r2_ci_lower,r2_ci_upper,rmse_mean,rmse_std,rmse_ci_lower,rmse_ci_upper,mae_mean,mae_std,mae_ci_lower,mae_ci_upper,rho_mean,rho_std,rho_ci_lower,rho_ci_upper,r2_below_zero
TEST,-0.013074711995277287,0.041723562882826,-0.017175986552998235,-0.00897343743755634,3.4924010467521667,0.2757439338754028,3.465296420437654,3.5195056730666794,2.8990672262767343,0.1864119264181392,2.8807436115552036,2.917390840998265,0.03900848154419909,0.19380164251652615,0.019958484593322112,0.058058478495076074,0.595
