set,r2_mean,r2_std,r2_ci_lower,r2_ci_upper,rmse_mean,rmse_std,rmse_ci_lower,rmse_ci_upper,mae_mean,mae_std,mae_ci_lower,mae_ci_upper,rho_mean,rho_std,rho_ci_lower,rho_ci_upper,r2_below_zero
VALIDATION,-0.012272828777559251,0.029080281799922617,-0.015131314765736207,-0.009414342789382295,3.4546552187263426,0.1782940576588982,3.4371295609937365,3.472180876458949,2.866175756488842,0.11835863546707358,2.8545415328802086,2.8778099800974752,0.027023814347524624,0.12166787831433354,0.015064304196778192,0.038983324498271056,0.625
