set,r2_mean,r2_std,r2_ci_lower,r2_ci_upper,rmse_mean,rmse_std,rmse_ci_lower,rmse_ci_upper,mae_mean,mae_std,mae_ci_lower,mae_ci_upper,rho_mean,rho_std,rho_ci_lower,rho_ci_upper,r2_below_zero
TEST,-0.019359623885371092,0.0327396253036304,-0.02257781003750254,-0.016141437733239644,1.3452529688159551,0.11728943548817614,1.3337238436784873,1.356782093953423,1.0309565860830932,0.08510252298572017,1.022591317438625,1.0393218547275613,-0.1085854301605205,0.18579640830950744,-0.1268485416895066,-0.09032231863153439,0.86
