set,r2_mean,r2_std,r2_ci_lower,r2_ci_upper,rmse_mean,rmse_std,rmse_ci_lower,rmse_ci_upper,mae_mean,mae_std,mae_ci_lower,mae_ci_upper,rho_mean,rho_std,rho_ci_lower,rho_ci_upper,r2_below_zero
VALIDATION,-0.01701954921068442,0.025732054435793756,-0.019548916620456866,-0.014490181800911972,1.3555379939573828,0.0747829266598013,1.3481871041179152,1.3628888837968505,1.051371043301718,0.05265564032590673,1.0461951852716733,1.0565469013317628,-0.11724809481415292,0.11199172361296482,-0.12825647413255065,-0.10623971549575519,0.935
