set,r2_mean,r2_std,r2_ci_lower,r2_ci_upper,rmse_mean,rmse_std,rmse_ci_lower,rmse_ci_upper,mae_mean,mae_std,mae_ci_lower,mae_ci_upper,rho_mean,rho_std,rho_ci_lower,rho_ci_upper,r2_below_zero
VALIDATION,-0.0141044073882686,0.023990968155733157,-0.016462632345914822,-0.011746182430622377,2.2542955564356704,0.1479099357610365,2.239756547433144,2.2688345654381967,1.7442818162407232,0.09146804618418217,1.7352908398058213,1.753272792675625,-0.016918694506945376,0.12131160303421348,-0.028843184092789312,-0.0049942049211014385,0.75
