set,r2_mean,r2_std,r2_ci_lower,r2_ci_upper,rmse_mean,rmse_std,rmse_ci_lower,rmse_ci_upper,mae_mean,mae_std,mae_ci_lower,mae_ci_upper,rho_mean,rho_std,rho_ci_lower,rho_ci_upper,r2_below_zero
TEST,-0.01592813940348221,0.03678666068318345,-0.019544134421624705,-0.012312144385339717,2.2163209151825796,0.22818343171154934,2.1938913133386477,2.2387505170265114,1.7115944141138135,0.1435717400544468,1.6974818339790188,1.7257069942486083,-0.005686505107877864,0.20136279611580538,-0.025479735971228518,0.014106725755472789,0.6925
