{
  "best_trial_number": 212,
  "best_value_internal_minimized": 1.704032735660849,
  "best_params": {
    "regressor": "ExtraTreesRegressor",
    "use_scaler": false,
    "et_n_estimators": 148,
    "et_max_depth": 13,
    "et_min_samples_split": 4,
    "et_min_samples_leaf": 4,
    "et_max_features": "sqrt",
    "rfe_n_features": 5
  },
  "best_metadata": {
    "regressor": "ExtraTreesRegressor",
    "use_scaler": false,
    "rfe_estimator": {
      "mode": "original",
      "type": "ExtraTreesRegressor"
    },
    "n_candidate_features": 22,
    "rfe_n_features": 5,
    "rfe_selected_features": [
      "edges_T2W30",
      "re_T2W30",
      "l1_T2W30",
      "lcc_T2W30",
      "z_l3_T2W30"
    ]
  },
  "validation_summary": {
    "n_splits_val": 400,
    "mae_mean_val": 1.702275180918287,
    "mae_std_val": 0.12133047396254039,
    "mae_ci_lower_val": 1.6903488363887882,
    "mae_ci_upper_val": 1.7142015254477858,
    "mae_samperror_val": 0.011926344529498801,
    "mae_t_critical_val": 1.965927295920882,
    "mae_df_val": 399,
    "d2mae_mean_val": 0.003106717009180683,
    "d2mae_std_val": 0.018927437421326358,
    "d2mae_ci_lower_val": 0.0012462187157596908,
    "d2mae_ci_upper_val": 0.004967215302601675,
    "d2mae_samperror_val": 0.001860498293420992,
    "d2mae_t_critical_val": 1.965927295920882,
    "d2mae_df_val": 399,
    "rmse_mean_val": 2.200736890280767,
    "rmse_std_val": 0.18321219047320325,
    "rmse_ci_lower_val": 2.1827277979709305,
    "rmse_ci_upper_val": 2.2187459825906033,
    "rmse_samperror_val": 0.018009092309836303,
    "rmse_t_critical_val": 1.965927295920882,
    "rmse_df_val": 399,
    "mape_mean_val": 0.2626935642846613,
    "mape_std_val": 0.046043540692857134,
    "mape_ci_lower_val": 0.2581676516122147,
    "mape_ci_upper_val": 0.26721947695710785,
    "mape_samperror_val": 0.004525912672446585,
    "mape_t_critical_val": 1.965927295920882,
    "mape_df_val": 399,
    "r2_mean_val": 0.02511794126806748,
    "r2_std_val": 0.029026189797618448,
    "r2_ci_lower_val": 0.022264772327081562,
    "r2_ci_upper_val": 0.027971110209053397,
    "r2_samperror_val": 0.002853168940985916,
    "r2_t_critical_val": 1.965927295920882,
    "r2_df_val": 399,
    "median_ae_mean_val": 1.3591254371551071,
    "median_ae_std_val": 0.14321415772867904,
    "median_ae_ci_lower_val": 1.3450480060630507,
    "median_ae_ci_upper_val": 1.3732028682471635,
    "median_ae_samperror_val": 0.014077431092056433,
    "median_ae_t_critical_val": 1.965927295920882,
    "median_ae_df_val": 399,
    "max_error_mean_val": 5.802707062979275,
    "max_error_std_val": 0.6027681679935017,
    "max_error_ci_lower_val": 5.743457143250742,
    "max_error_ci_upper_val": 5.861956982707808,
    "max_error_samperror_val": 0.05924991972853244,
    "max_error_t_critical_val": 1.965927295920882,
    "max_error_df_val": 399,
    "rho_mean_val": 0.18173997321834137,
    "rho_std_val": 0.12132349516546456,
    "rho_ci_lower_val": 0.16981431467922578,
    "rho_ci_upper_val": 0.19366563175745696,
    "rho_samperror_val": 0.011925658539115596,
    "rho_t_critical_val": 1.965927295920882,
    "rho_df_val": 399,
    "r2_below_zero_val": 0.19
  },
  "test_summary": {
    "n_splits_test": 400,
    "mae_mean_test": 1.7329013843991257,
    "mae_std_test": 0.1830802163699429,
    "mae_ci_lower_test": 1.7149052646638872,
    "mae_ci_upper_test": 1.7508975041343642,
    "mae_samperror_test": 0.017996119735238594,
    "mae_t_critical_test": 1.965927295920882,
    "mae_df_test": 399,
    "d2mae_mean_test": -0.0019192121388152523,
    "d2mae_std_test": 0.029252054619824455,
    "d2mae_ci_lower_test": -0.004794582770759324,
    "d2mae_ci_upper_test": 0.0009561584931288194,
    "d2mae_samperror_test": 0.0028753706319440716,
    "d2mae_t_critical_test": 1.965927295920882,
    "d2mae_df_test": 399,
    "rmse_mean_test": 2.1975384632248725,
    "rmse_std_test": 0.27269563995305335,
    "rmse_ci_lower_test": 2.1707334731217562,
    "rmse_ci_upper_test": 2.2243434533279887,
    "rmse_samperror_test": 0.02680499010311603,
    "rmse_t_critical_test": 1.965927295920882,
    "rmse_df_test": 399,
    "mape_mean_test": 0.27544099233316877,
    "mape_std_test": 0.06952413718022887,
    "mape_ci_lower_test": 0.2686070223827708,
    "mape_ci_upper_test": 0.28227496228356674,
    "mape_samperror_test": 0.00683396995039799,
    "mape_t_critical_test": 1.965927295920882,
    "mape_df_test": 399,
    "r2_mean_test": 0.01387139027523717,
    "r2_std_test": 0.04576100690782395,
    "r2_ci_lower_test": 0.009373249646791414,
    "r2_ci_upper_test": 0.01836953090368293,
    "r2_samperror_test": 0.004498140628445757,
    "r2_t_critical_test": 1.965927295920882,
    "r2_df_test": 399,
    "median_ae_mean_test": 1.4551015765404873,
    "median_ae_std_test": 0.20197159438324383,
    "median_ae_ci_lower_test": 1.4352485030205533,
    "median_ae_ci_upper_test": 1.4749546500604214,
    "median_ae_samperror_test": 0.019853073519933987,
    "median_ae_t_critical_test": 1.965927295920882,
    "median_ae_df_test": 399,
    "max_error_mean_test": 5.17427174038375,
    "max_error_std_test": 0.9028776871697531,
    "max_error_ci_lower_test": 5.085522145879503,
    "max_error_ci_upper_test": 5.263021334887997,
    "max_error_samperror_test": 0.08874959450424665,
    "max_error_t_critical_test": 1.965927295920882,
    "max_error_df_test": 399,
    "rho_mean_test": 0.16079504787040855,
    "rho_std_test": 0.19112511870118465,
    "rho_ci_lower_test": 0.14200814348086968,
    "rho_ci_upper_test": 0.1795819522599474,
    "rho_samperror_test": 0.018786904389538877,
    "rho_t_critical_test": 1.965927295920882,
    "rho_df_test": 399,
    "r2_below_zero_test": 0.3575
  },
  "selected_features": [
    "edges_T2W30",
    "re_T2W30",
    "l1_T2W30",
    "lcc_T2W30",
    "z_l3_T2W30"
  ]
}