{
  "best_trial_number": 15,
  "best_value_internal_minimized": 1.7079303675048356,
  "best_params": {
    "regressor": "QuantileRegressor",
    "use_scaler": true,
    "quantile_alpha": 0.06083735985317325,
    "rfe_n_features": 13
  },
  "best_metadata": {
    "regressor": "QuantileRegressor",
    "use_scaler": true,
    "rfe_estimator": {
      "mode": "original",
      "type": "QuantileRegressor"
    },
    "n_candidate_features": 23,
    "rfe_n_features": 13,
    "rfe_selected_features": [
      "density_T2W30",
      "diameter_T2W30",
      "asp_T2W30",
      "z_re_T2W30",
      "z_pe_T2W30",
      "z_l1_T2W30",
      "z_l2_T2W30",
      "z_l3_T2W30",
      "z_lsc_T2W30",
      "z_atd_T2W30",
      "z_density_T2W30",
      "z_diameter_T2W30",
      "z_asp_T2W30"
    ]
  },
  "validation_summary": {
    "n_splits_val": 400,
    "mae_mean_val": 1.7075290973050454,
    "mae_std_val": 0.11467504307345126,
    "mae_ci_lower_val": 1.6962569574380955,
    "mae_ci_upper_val": 1.7188012371719954,
    "mae_samperror_val": 0.011272139866950037,
    "mae_t_critical_val": 1.965927295920882,
    "mae_df_val": 399,
    "d2mae_mean_val": -8.06021941410251e-05,
    "d2mae_std_val": 0.0016120438828205025,
    "d2mae_ci_lower_val": -0.00023906024771398057,
    "d2mae_ci_upper_val": 7.785585943193037e-05,
    "d2mae_samperror_val": 0.00015845805357295547,
    "d2mae_t_critical_val": 1.965927295920882,
    "d2mae_df_val": 399,
    "rmse_mean_val": 2.2437378206488323,
    "rmse_std_val": 0.1749653614560433,
    "rmse_ci_lower_val": 2.2265393616524776,
    "rmse_ci_upper_val": 2.260936279645187,
    "rmse_samperror_val": 0.017198458996354946,
    "rmse_t_critical_val": 1.965927295920882,
    "rmse_df_val": 399,
    "mape_mean_val": 0.256578741810394,
    "mape_std_val": 0.04383432524526869,
    "mape_ci_lower_val": 0.2522699869854966,
    "mape_ci_upper_val": 0.26088749663529137,
    "mape_samperror_val": 0.004308754824897376,
    "mape_t_critical_val": 1.965927295920882,
    "mape_df_val": 399,
    "r2_mean_val": -0.013873879646801528,
    "r2_std_val": 0.013789671463697523,
    "r2_ci_lower_val": -0.015229354223414739,
    "r2_ci_upper_val": -0.012518405070188317,
    "r2_samperror_val": 0.0013554745766132111,
    "r2_t_critical_val": 1.965927295920882,
    "r2_df_val": 399,
    "median_ae_mean_val": 1.0506253146408087,
    "median_ae_std_val": 0.21843252229123147,
    "median_ae_ci_lower_val": 1.0291541917463498,
    "median_ae_ci_upper_val": 1.0720964375352675,
    "median_ae_samperror_val": 0.021471122894458926,
    "median_ae_t_critical_val": 1.965927295920882,
    "median_ae_df_val": 399,
    "max_error_mean_val": 5.881417752649366,
    "max_error_std_val": 0.8020914138885736,
    "max_error_ci_lower_val": 5.80257508243,
    "max_error_ci_upper_val": 5.960260422868732,
    "max_error_samperror_val": 0.07884267021936603,
    "max_error_t_critical_val": 1.965927295920882,
    "max_error_df_val": 399,
    "rho_mean_val": -0.144707144853192,
    "rho_std_val": NaN,
    "rho_ci_lower_val": NaN,
    "rho_ci_upper_val": NaN,
    "rho_samperror_val": NaN,
    "rho_t_critical_val": NaN,
    "rho_df_val": 0,
    "r2_below_zero_val": 0.9875
  },
  "test_summary": {
    "n_splits_test": 400,
    "mae_mean_test": 1.7301557403442893,
    "mae_std_test": 0.18061624743771376,
    "mae_ci_lower_test": 1.7124018197980593,
    "mae_ci_upper_test": 1.7479096608905194,
    "mae_samperror_test": 0.017753920546230078,
    "mae_t_critical_test": 1.965927295920882,
    "mae_df_test": 399,
    "d2mae_mean_test": -8.330297485250881e-05,
    "d2mae_std_test": 0.0016660594970501765,
    "d2mae_ci_lower_test": -0.0002470705669464667,
    "d2mae_ci_upper_test": 8.046461724144911e-05,
    "d2mae_samperror_test": 0.00016376759209395792,
    "d2mae_t_critical_test": 1.965927295920882,
    "d2mae_df_test": 399,
    "rmse_mean_test": 2.224226323298362,
    "rmse_std_test": 0.26427811237487714,
    "rmse_ci_lower_test": 2.1982487455567514,
    "rmse_ci_upper_test": 2.250203901039973,
    "rmse_samperror_test": 0.025977577741610858,
    "rmse_t_critical_test": 1.965927295920882,
    "rmse_df_test": 399,
    "mape_mean_test": 0.2681621505229155,
    "mape_std_test": 0.06779787530248092,
    "mape_ci_lower_test": 0.2614978658397861,
    "mape_ci_upper_test": 0.27482643520604483,
    "mape_samperror_test": 0.006664284683129374,
    "mape_t_critical_test": 1.965927295920882,
    "mape_df_test": 399,
    "r2_mean_test": -0.010654357893182753,
    "r2_std_test": 0.0149814607961755,
    "r2_ci_lower_test": -0.012126981028781254,
    "r2_ci_upper_test": -0.009181734757584253,
    "r2_samperror_test": 0.0014726231355985003,
    "r2_t_critical_test": 1.965927295920882,
    "r2_df_test": 399,
    "median_ae_mean_test": 1.2733152429430135,
    "median_ae_std_test": 0.445601872718102,
    "median_ae_ci_lower_test": 1.2295141987085145,
    "median_ae_ci_upper_test": 1.3171162871775124,
    "median_ae_samperror_test": 0.043801044234498966,
    "median_ae_t_critical_test": 1.965927295920882,
    "median_ae_df_test": 399,
    "max_error_mean_test": 5.165630244316557,
    "max_error_std_test": 0.9702264386811789,
    "max_error_ci_lower_test": 5.070260512365185,
    "max_error_ci_upper_test": 5.26099997626793,
    "max_error_samperror_test": 0.09536973195137187,
    "max_error_t_critical_test": 1.965927295920882,
    "max_error_df_test": 399,
    "rho_mean_test": -0.3272752390896163,
    "rho_std_test": NaN,
    "rho_ci_lower_test": NaN,
    "rho_ci_upper_test": NaN,
    "rho_samperror_test": NaN,
    "rho_t_critical_test": NaN,
    "rho_df_test": 0,
    "r2_below_zero_test": 0.9225
  },
  "selected_features": [
    "density_T2W30",
    "diameter_T2W30",
    "asp_T2W30",
    "z_re_T2W30",
    "z_pe_T2W30",
    "z_l1_T2W30",
    "z_l2_T2W30",
    "z_l3_T2W30",
    "z_lsc_T2W30",
    "z_atd_T2W30",
    "z_density_T2W30",
    "z_diameter_T2W30",
    "z_asp_T2W30"
  ]
}