set,r2_mean,r2_std,r2_ci_lower,r2_ci_upper,rmse_mean,rmse_std,rmse_ci_lower,rmse_ci_upper,mae_mean,mae_std,mae_ci_lower,mae_ci_upper,rho_mean,rho_std,rho_ci_lower,rho_ci_upper,r2_below_zero
VALIDATION,-0.002153858459769342,0.018490781573325933,-0.003971435070664958,-0.0003362818488737262,7.6059163255734346,0.3139648496197106,7.57505472218208,7.636777928964789,6.450994868455614,0.2446185517406873,6.426949754057831,6.475039982853397,0.05435922130070739,0.11187084573676222,0.04336272383812464,0.06535571876329015,0.4575
