set,r2_mean,r2_std,r2_ci_lower,r2_ci_upper,rmse_mean,rmse_std,rmse_ci_lower,rmse_ci_upper,mae_mean,mae_std,mae_ci_lower,mae_ci_upper,rho_mean,rho_std,rho_ci_lower,rho_ci_upper,r2_below_zero
TEST,-0.00016061499763453724,0.027865581316183663,-0.002899700343943957,0.002578470348674882,7.78084981156984,0.48754649075462186,7.732925763859592,7.828773859280087,6.638724138175856,0.3839893676563744,6.600979379214903,6.67646889713681,0.08554842317534385,0.1880592095559506,0.06706288650957642,0.10403395984111127,0.435
