set,r2_mean,r2_std,r2_ci_lower,r2_ci_upper,rmse_mean,rmse_std,rmse_ci_lower,rmse_ci_upper,mae_mean,mae_std,mae_ci_lower,mae_ci_upper,rho_mean,rho_std,rho_ci_lower,rho_ci_upper,r2_below_zero
VALIDATION,0.006450708431326446,0.041061825223260115,0.0024144802799894657,0.010486936582663427,7.698689304584913,0.33754767398226604,7.665509595287096,7.731869013882729,6.560537702586515,0.27563691002702406,6.533443596327245,6.587631808845786,0.09908554406191948,0.13363233288015405,0.08594997152058546,0.1122211166032535,0.335
