set,r2_mean,r2_std,r2_ci_lower,r2_ci_upper,rmse_mean,rmse_std,rmse_ci_lower,rmse_ci_upper,mae_mean,mae_std,mae_ci_lower,mae_ci_upper,rho_mean,rho_std,rho_ci_lower,rho_ci_upper,r2_below_zero
TEST,0.005062752880022137,0.055512335893408316,-0.00039390793963685854,0.010519413699681133,7.670327209739975,0.5402920389482159,7.617218466383123,7.7234359530968275,6.544559097686741,0.4516008130027257,6.500168379429635,6.588949815943847,0.09643490912274473,0.19036976831399938,0.07772225293041345,0.11514756531507601,0.4075
