set,r2_mean,r2_std,r2_ci_lower,r2_ci_upper,rmse_mean,rmse_std,rmse_ci_lower,rmse_ci_upper,mae_mean,mae_std,mae_ci_lower,mae_ci_upper,rho_mean,rho_std,rho_ci_lower,rho_ci_upper,r2_below_zero
TEST,-0.020903569186917867,0.03941900253716627,-0.02477831384020735,-0.017028824533628382,1.3567903317005499,0.11370445470957241,1.3456135971414824,1.3679670662596173,1.0410076231644871,0.08145975077234963,1.0330004257863734,1.0490148205426009,-0.1231456084921929,0.18372714128678394,-0.14120531859505295,-0.10508589838933285,0.85
