set,r2_mean,r2_std,r2_ci_lower,r2_ci_upper,rmse_mean,rmse_std,rmse_ci_lower,rmse_ci_upper,mae_mean,mae_std,mae_ci_lower,mae_ci_upper,rho_mean,rho_std,rho_ci_lower,rho_ci_upper,r2_below_zero
VALIDATION,-0.017220458786998516,0.035149364333947976,-0.020675513525917327,-0.013765404048079705,1.346881253313008,0.07739525784210116,1.3392735808146767,1.354488925811339,1.0357489449729917,0.05323976751547773,1.0305156693636337,1.0409822205823498,-0.10821328092931352,0.11647879746419756,-0.11966272329585882,-0.09676383856276823,0.8825
