{
  "best_trial_number": 112,
  "best_value_internal_minimized": 0.9986562235949771,
  "best_params": {
    "regressor": "SVR",
    "use_scaler": true,
    "svr_kernel": "linear",
    "svr_C": 1.1611864696415302,
    "svr_epsilon": 0.0012282178107018197,
    "svr_gamma": "scale",
    "rfe_n_features": 3
  },
  "best_metadata": {
    "regressor": "SVR",
    "use_scaler": true,
    "rfe_estimator": {
      "mode": "original",
      "type": "SVR"
    },
    "n_candidate_features": 13,
    "rfe_n_features": 3,
    "rfe_selected_features": [
      "nodes_T2W10",
      "edges_T2W10",
      "lcc_T2W10"
    ]
  },
  "validation_summary": {
    "n_splits_val": 400,
    "mae_mean_val": 1.0040113079462352,
    "mae_std_val": 0.058276526109688614,
    "mae_ci_lower_val": 0.998282937276711,
    "mae_ci_upper_val": 1.0097396786157593,
    "mae_samperror_val": 0.005728370669524141,
    "mae_t_critical_val": 1.965927295920882,
    "mae_df_val": 399,
    "d2mae_mean_val": 0.018317423103458453,
    "d2mae_std_val": 0.03362607724513262,
    "d2mae_ci_lower_val": 0.015012101947910939,
    "d2mae_ci_upper_val": 0.021622744259005965,
    "d2mae_samperror_val": 0.0033053211555475136,
    "d2mae_t_critical_val": 1.965927295920882,
    "d2mae_df_val": 399,
    "rmse_mean_val": 1.3122597937757519,
    "rmse_std_val": 0.07553172406198214,
    "rmse_ci_lower_val": 1.3048352998736812,
    "rmse_ci_upper_val": 1.3196842876778225,
    "rmse_samperror_val": 0.0074244939020707374,
    "rmse_t_critical_val": 1.965927295920882,
    "rmse_df_val": 399,
    "mape_mean_val": 292406514309568.56,
    "mape_std_val": 219882208673164.03,
    "mape_ci_lower_val": 270792892513671.34,
    "mape_ci_upper_val": 314020136105465.8,
    "mape_samperror_val": 21613621795897.223,
    "mape_t_critical_val": 1.965927295920882,
    "mape_df_val": 399,
    "r2_mean_val": 0.04678293977417086,
    "r2_std_val": 0.05121900559837638,
    "r2_ci_lower_val": 0.04174829771538223,
    "r2_ci_upper_val": 0.051817581832959494,
    "r2_samperror_val": 0.00503464205878863,
    "r2_t_critical_val": 1.965927295920882,
    "r2_df_val": 399,
    "median_ae_mean_val": 0.9967414234703091,
    "median_ae_std_val": 0.013619755493157306,
    "median_ae_ci_lower_val": 0.9954026510159208,
    "median_ae_ci_upper_val": 0.9980801959246974,
    "median_ae_samperror_val": 0.001338772454388316,
    "median_ae_t_critical_val": 1.965927295920882,
    "median_ae_df_val": 399,
    "max_error_mean_val": 3.162700115542806,
    "max_error_std_val": 0.34292766539813574,
    "max_error_ci_lower_val": 3.128991572646175,
    "max_error_ci_upper_val": 3.196408658439437,
    "max_error_samperror_val": 0.033708542896630896,
    "max_error_t_critical_val": 1.965927295920882,
    "max_error_df_val": 399,
    "rho_mean_val": 0.20457954881372437,
    "rho_std_val": 0.12329459419414929,
    "rho_ci_lower_val": 0.19246013840543605,
    "rho_ci_upper_val": 0.21669895922201268,
    "rho_samperror_val": 0.01211941040828832,
    "rho_t_critical_val": 1.965927295920882,
    "rho_df_val": 399,
    "r2_below_zero_val": 0.1575
  },
  "test_summary": {
    "n_splits_test": 400,
    "mae_mean_test": 1.0239705098942724,
    "mae_std_test": 0.08871680225052293,
    "mae_ci_lower_test": 1.0152499707367164,
    "mae_ci_upper_test": 1.0326910490518284,
    "mae_samperror_test": 0.008720539157555907,
    "mae_t_critical_test": 1.965927295920882,
    "mae_df_test": 399,
    "d2mae_mean_test": 0.01479947036570751,
    "d2mae_std_test": 0.04847483752650748,
    "d2mae_ci_lower_test": 0.010034570052772963,
    "d2mae_ci_upper_test": 0.019564370678642057,
    "d2mae_samperror_test": 0.004764900312934548,
    "d2mae_t_critical_test": 1.965927295920882,
    "d2mae_df_test": 399,
    "rmse_mean_test": 1.3224848102647555,
    "rmse_std_test": 0.1107553259683269,
    "rmse_ci_lower_test": 1.311597964340268,
    "rmse_ci_upper_test": 1.333371656189243,
    "rmse_samperror_test": 0.010886845924487437,
    "rmse_t_critical_test": 1.965927295920882,
    "rmse_df_test": 399,
    "mape_mean_test": 279516753124598.25,
    "mape_std_test": 336982394692178.94,
    "mape_ci_lower_test": 246392608726091.3,
    "mape_ci_upper_test": 312640897523105.2,
    "mape_samperror_test": 33124144398506.938,
    "mape_t_critical_test": 1.965927295920882,
    "mape_df_test": 399,
    "r2_mean_test": 0.04372876387283105,
    "r2_std_test": 0.07375755943595941,
    "r2_ci_lower_test": 0.03647866390404808,
    "r2_ci_upper_test": 0.050978863841614014,
    "r2_samperror_test": 0.00725009996878297,
    "r2_t_critical_test": 1.965927295920882,
    "r2_df_test": 399,
    "median_ae_mean_test": 0.9954954693639156,
    "median_ae_std_test": 0.020049967987613253,
    "median_ae_ci_lower_test": 0.9935246303964562,
    "median_ae_ci_upper_test": 0.9974663083313751,
    "median_ae_samperror_test": 0.001970838967459439,
    "median_ae_t_critical_test": 1.965927295920882,
    "median_ae_df_test": 399,
    "max_error_mean_test": 2.9666868491446867,
    "max_error_std_test": 0.3751533043882178,
    "max_error_ci_lower_test": 2.929810643082101,
    "max_error_ci_upper_test": 3.0035630552072723,
    "max_error_samperror_test": 0.03687620606258563,
    "max_error_t_critical_test": 1.965927295920882,
    "max_error_df_test": 399,
    "rho_mean_test": 0.19997916403997273,
    "rho_std_test": 0.20075789104760883,
    "rho_ci_lower_test": 0.1802453931458725,
    "rho_ci_upper_test": 0.21971293493407296,
    "rho_samperror_test": 0.019733770894100236,
    "rho_t_critical_test": 1.965927295920882,
    "rho_df_test": 399,
    "r2_below_zero_test": 0.2375
  },
  "selected_features": [
    "nodes_T2W10",
    "edges_T2W10",
    "lcc_T2W10"
  ]
}