set,r2_mean,r2_std,r2_ci_lower,r2_ci_upper,rmse_mean,rmse_std,rmse_ci_lower,rmse_ci_upper,mae_mean,mae_std,mae_ci_lower,mae_ci_upper,rho_mean,rho_std,rho_ci_lower,rho_ci_upper,r2_below_zero
TEST,-0.013607383892070581,0.022976464517725056,-0.015865886830028247,-0.011348880954112916,3.481633378493194,0.25998354754294933,3.4560779408629427,3.5071888161234455,2.9060458326995002,0.16790672165439466,2.889541212336052,2.9225504530629483,0.00554000629136751,0.17706435250977443,-0.011864775895308623,0.022944788478043644,0.72
