set,r2_mean,r2_std,r2_ci_lower,r2_ci_upper,rmse_mean,rmse_std,rmse_ci_lower,rmse_ci_upper,mae_mean,mae_std,mae_ci_lower,mae_ci_upper,rho_mean,rho_std,rho_ci_lower,rho_ci_upper,r2_below_zero
VALIDATION,-0.01022928494808662,0.022077311748797516,-0.01239940443746241,-0.00805916545871083,3.4661380423414703,0.17122208848329984,3.4493075334707752,3.4829685512121653,2.8775916588715664,0.11484373767665121,2.8663029369383612,2.8888803808047716,0.0018284815265751887,0.1228202573870977,-0.010244303297890996,0.013901266351041372,0.6875
