{
  "best_trial_number": 21,
  "best_value_internal_minimized": 2.824865126434106,
  "best_params": {
    "regressor": "ElasticNet",
    "use_scaler": true,
    "elastic_alpha": 0.003934396739328545,
    "elastic_l1_ratio": 0.8448753109694546,
    "rfe_n_features": 2
  },
  "best_metadata": {
    "regressor": "ElasticNet",
    "use_scaler": true,
    "rfe_estimator": {
      "mode": "original",
      "type": "ElasticNet"
    },
    "n_candidate_features": 22,
    "rfe_n_features": 2,
    "rfe_selected_features": [
      "lcc_T6W40",
      "z_l1_T6W40"
    ]
  },
  "validation_summary": {
    "n_splits_val": 400,
    "mae_mean_val": 2.8108288023307977,
    "mae_std_val": 0.12974185282867387,
    "mae_ci_lower_val": 2.7980756498358357,
    "mae_ci_upper_val": 2.8235819548257597,
    "mae_samperror_val": 0.012753152494961992,
    "mae_t_critical_val": 1.965927295920882,
    "mae_df_val": 399,
    "d2mae_mean_val": 0.0027710584817365576,
    "d2mae_std_val": 0.027819407029886566,
    "d2mae_ci_lower_val": 3.651189991719407e-05,
    "d2mae_ci_upper_val": 0.005505605063555921,
    "d2mae_samperror_val": 0.0027345465818193635,
    "d2mae_t_critical_val": 1.965927295920882,
    "d2mae_df_val": 399,
    "rmse_mean_val": 3.4269787097424715,
    "rmse_std_val": 0.1805883124079164,
    "rmse_ci_lower_val": 3.409227535108121,
    "rmse_ci_upper_val": 3.444729884376822,
    "rmse_samperror_val": 0.01775117463435053,
    "rmse_t_critical_val": 1.965927295920882,
    "rmse_df_val": 399,
    "mape_mean_val": 974396505974580.5,
    "mape_std_val": 556877112275560.5,
    "mape_ci_lower_val": 919657510199774.4,
    "mape_ci_upper_val": 1029135501749386.6,
    "mape_samperror_val": 54738995774806.1,
    "mape_t_critical_val": 1.965927295920882,
    "mape_df_val": 399,
    "r2_mean_val": 0.011798342457495486,
    "r2_std_val": 0.050008877290607,
    "r2_ci_lower_val": 0.006882651612297375,
    "r2_ci_upper_val": 0.016714033302693596,
    "r2_samperror_val": 0.004915690845198111,
    "r2_t_critical_val": 1.965927295920882,
    "r2_df_val": 399,
    "median_ae_mean_val": 2.5443802507232647,
    "median_ae_std_val": 0.17181205171223876,
    "median_ae_ci_lower_val": 2.5274917506118015,
    "median_ae_ci_upper_val": 2.561268750834728,
    "median_ae_samperror_val": 0.016888500111463017,
    "median_ae_t_critical_val": 1.965927295920882,
    "median_ae_df_val": 399,
    "max_error_mean_val": 8.24605734969455,
    "max_error_std_val": 0.951528272706464,
    "max_error_ci_lower_val": 8.152525579486845,
    "max_error_ci_upper_val": 8.339589119902254,
    "max_error_samperror_val": 0.09353177020770433,
    "max_error_t_critical_val": 1.965927295920882,
    "max_error_df_val": 399,
    "rho_mean_val": 0.14962517568571934,
    "rho_std_val": 0.12235713306249818,
    "rho_ci_lower_val": 0.1375979142988099,
    "rho_ci_upper_val": 0.16165243707262877,
    "rho_samperror_val": 0.012027261386909429,
    "rho_t_critical_val": 1.965927295920882,
    "rho_df_val": 399,
    "r2_below_zero_val": 0.3125
  },
  "test_summary": {
    "n_splits_test": 400,
    "mae_mean_test": 2.8429067347655796,
    "mae_std_test": 0.1984217932639025,
    "mae_ci_lower_test": 2.823402593791426,
    "mae_ci_upper_test": 2.8624108757397333,
    "mae_samperror_test": 0.019504140974153806,
    "mae_t_critical_test": 1.965927295920882,
    "mae_df_test": 399,
    "d2mae_mean_test": -0.008015366607462642,
    "d2mae_std_test": 0.04055894053264401,
    "d2mae_ci_lower_test": -0.012002163021800478,
    "d2mae_ci_upper_test": -0.004028570193124807,
    "d2mae_samperror_test": 0.003986796414337835,
    "d2mae_t_critical_test": 1.965927295920882,
    "d2mae_df_test": 399,
    "rmse_mean_test": 3.4461457635089494,
    "rmse_std_test": 0.28209484075651114,
    "rmse_ci_lower_test": 3.4184168661348653,
    "rmse_ci_upper_test": 3.4738746608830335,
    "rmse_samperror_test": 0.02772889737408399,
    "rmse_t_critical_test": 1.965927295920882,
    "rmse_df_test": 399,
    "mape_mean_test": 1034595838071287.6,
    "mape_std_test": 861777096451688.1,
    "mape_ci_lower_test": 949886282225596.8,
    "mape_ci_upper_test": 1119305393916978.5,
    "mape_samperror_test": 84709555845690.81,
    "mape_t_critical_test": 1.965927295920882,
    "mape_df_test": 399,
    "r2_mean_test": 0.005768265449119783,
    "r2_std_test": 0.07204357137185827,
    "r2_ci_lower_test": -0.001313355723658237,
    "r2_ci_upper_test": 0.012849886621897802,
    "r2_samperror_test": 0.00708162117277802,
    "r2_t_critical_test": 1.965927295920882,
    "r2_df_test": 399,
    "median_ae_mean_test": 2.5702239471900326,
    "median_ae_std_test": 0.23046442376836992,
    "median_ae_ci_lower_test": 2.547570132118787,
    "median_ae_ci_upper_test": 2.592877762261278,
    "median_ae_samperror_test": 0.022653815071245788,
    "median_ae_t_critical_test": 1.965927295920882,
    "median_ae_df_test": 399,
    "max_error_mean_test": 7.556377135546196,
    "max_error_std_test": 1.205516623286563,
    "max_error_ci_lower_test": 7.4378792337759245,
    "max_error_ci_upper_test": 7.674875037316467,
    "max_error_samperror_test": 0.11849790177027127,
    "max_error_t_critical_test": 1.965927295920882,
    "max_error_df_test": 399,
    "rho_mean_test": 0.14592319261015202,
    "rho_std_test": 0.18816328971674504,
    "rho_ci_lower_test": 0.1274274252429311,
    "rho_ci_upper_test": 0.16441895997737294,
    "rho_samperror_test": 0.018495767367220906,
    "rho_t_critical_test": 1.965927295920882,
    "rho_df_test": 399,
    "r2_below_zero_test": 0.385
  },
  "selected_features": [
    "lcc_T6W40",
    "z_l1_T6W40"
  ]
}