{
  "best_trial_number": 179,
  "best_value_internal_minimized": 2.8079977369199116,
  "best_params": {
    "regressor": "QuantileRegressor",
    "use_scaler": true,
    "quantile_alpha": 0.011182252823473468,
    "rfe_n_features": 2
  },
  "best_metadata": {
    "regressor": "QuantileRegressor",
    "use_scaler": true,
    "rfe_estimator": {
      "mode": "original",
      "type": "QuantileRegressor"
    },
    "n_candidate_features": 22,
    "rfe_n_features": 2,
    "rfe_selected_features": [
      "density_T6W40",
      "z_l1_T6W40"
    ]
  },
  "validation_summary": {
    "n_splits_val": 400,
    "mae_mean_val": 2.79609185424271,
    "mae_std_val": 0.13588494148256997,
    "mae_ci_lower_val": 2.7827348584644502,
    "mae_ci_upper_val": 2.80944885002097,
    "mae_samperror_val": 0.013356995778259802,
    "mae_t_critical_val": 1.965927295920882,
    "mae_df_val": 399,
    "d2mae_mean_val": 0.008084174124233507,
    "d2mae_std_val": 0.02874349705115477,
    "d2mae_ci_lower_val": 0.005258792852579179,
    "d2mae_ci_upper_val": 0.010909555395887834,
    "d2mae_samperror_val": 0.0028253812716543276,
    "d2mae_t_critical_val": 1.965927295920882,
    "d2mae_df_val": 399,
    "rmse_mean_val": 3.443850969340358,
    "rmse_std_val": 0.19096859284764464,
    "rmse_ci_lower_val": 3.425079450873219,
    "rmse_ci_upper_val": 3.462622487807497,
    "rmse_samperror_val": 0.018771518467139293,
    "rmse_t_critical_val": 1.965927295920882,
    "rmse_df_val": 399,
    "mape_mean_val": 898807315836289.0,
    "mape_std_val": 514487123644774.7,
    "mape_ci_lower_val": 848235101847634.8,
    "mape_ci_upper_val": 949379529824943.2,
    "mape_samperror_val": 50572213988654.22,
    "mape_t_critical_val": 1.965927295920882,
    "mape_df_val": 399,
    "r2_mean_val": 0.0021499292095056525,
    "r2_std_val": 0.05406052888711595,
    "r2_ci_lower_val": -0.0031640242590493762,
    "r2_ci_upper_val": 0.007463882678060681,
    "r2_samperror_val": 0.005313953468555029,
    "r2_t_critical_val": 1.965927295920882,
    "r2_df_val": 399,
    "median_ae_mean_val": 2.5300856486297647,
    "median_ae_std_val": 0.18083351618237506,
    "median_ae_ci_lower_val": 2.5123103713557504,
    "median_ae_ci_upper_val": 2.547860925903779,
    "median_ae_samperror_val": 0.017775277274014085,
    "median_ae_t_critical_val": 1.965927295920882,
    "median_ae_df_val": 399,
    "max_error_mean_val": 8.616518552896753,
    "max_error_std_val": 0.9990038908484757,
    "max_error_ci_lower_val": 8.518320102009245,
    "max_error_ci_upper_val": 8.714717003784262,
    "max_error_samperror_val": 0.0981984508875092,
    "max_error_t_critical_val": 1.965927295920882,
    "max_error_df_val": 399,
    "rho_mean_val": 0.14385764486452335,
    "rho_std_val": 0.1259045632888541,
    "rho_ci_lower_val": 0.1312248770947682,
    "rho_ci_upper_val": 0.1564904126342785,
    "rho_samperror_val": 0.012632767769755138,
    "rho_t_critical_val": 1.9661771911465886,
    "rho_df_val": 383,
    "r2_below_zero_val": 0.43
  },
  "test_summary": {
    "n_splits_test": 400,
    "mae_mean_test": 2.80700466058659,
    "mae_std_test": 0.20789332576585975,
    "mae_ci_lower_test": 2.786569502398446,
    "mae_ci_upper_test": 2.827439818774734,
    "mae_samperror_test": 0.020435158188143784,
    "mae_t_critical_test": 1.965927295920882,
    "mae_df_test": 399,
    "d2mae_mean_test": 0.004941111774991663,
    "d2mae_std_test": 0.04195443842757665,
    "d2mae_ci_lower_test": 0.0008171429905014177,
    "d2mae_ci_upper_test": 0.009065080559481908,
    "d2mae_samperror_test": 0.004123968784490245,
    "d2mae_t_critical_test": 1.965927295920882,
    "d2mae_df_test": 399,
    "rmse_mean_test": 3.44403973963427,
    "rmse_std_test": 0.29951029648473504,
    "rmse_ci_lower_test": 3.414598966270835,
    "rmse_ci_upper_test": 3.4734805129977047,
    "rmse_samperror_test": 0.02944077336343484,
    "rmse_t_critical_test": 1.965927295920882,
    "rmse_df_test": 399,
    "mape_mean_test": 950230857003414.9,
    "mape_std_test": 791301994708298.4,
    "mape_ci_lower_test": 872448747467730.6,
    "mape_ci_upper_test": 1028012966539099.1,
    "mape_samperror_test": 77782109535684.27,
    "mape_t_critical_test": 1.965927295920882,
    "mape_df_test": 399,
    "r2_mean_test": 0.007382179617620912,
    "r2_std_test": 0.0778307262953285,
    "r2_ci_lower_test": -0.00026829784664576025,
    "r2_ci_upper_test": 0.015032657081887585,
    "r2_samperror_test": 0.007650477464266672,
    "r2_t_critical_test": 1.965927295920882,
    "r2_df_test": 399,
    "median_ae_mean_test": 2.538785708414805,
    "median_ae_std_test": 0.2436867497058044,
    "median_ae_ci_lower_test": 2.5148321867697607,
    "median_ae_ci_upper_test": 2.562739230059849,
    "median_ae_samperror_test": 0.02395352164504404,
    "median_ae_t_critical_test": 1.965927295920882,
    "median_ae_df_test": 399,
    "max_error_mean_test": 7.88214989271818,
    "max_error_std_test": 1.3034374543031662,
    "max_error_ci_lower_test": 7.754026729221169,
    "max_error_ci_upper_test": 8.010273056215192,
    "max_error_samperror_test": 0.12812316349701108,
    "max_error_t_critical_test": 1.965927295920882,
    "max_error_df_test": 399,
    "rho_mean_test": 0.14712542059987568,
    "rho_std_test": 0.19360409606086362,
    "rho_ci_lower_test": 0.12769994847303046,
    "rho_ci_upper_test": 0.1665508927267209,
    "rho_samperror_test": 0.01942547212684522,
    "rho_t_critical_test": 1.9661771911465886,
    "rho_df_test": 383,
    "r2_below_zero_test": 0.435
  },
  "selected_features": [
    "density_T6W40",
    "z_l1_T6W40"
  ]
}