{
  "mean_abs_shap": {
    "lcc_T6W40": 0.4045041051573079,
    "z_l1_T6W40": 0.28189793087270987
  },
  "mean_shap": {
    "lcc_T6W40": -0.013976281216339344,
    "z_l1_T6W40": -0.020927976296874522
  },
  "regressor": "ElasticNet",
  "n_subjects": 252,
  "n_features": 2
}