{
  "best_trial_number": 132,
  "best_value_internal_minimized": 1.7299131699800205,
  "best_params": {
    "regressor": "ExtraTreesRegressor",
    "use_scaler": true,
    "et_n_estimators": 268,
    "et_max_depth": 8,
    "et_min_samples_split": 10,
    "et_min_samples_leaf": 3,
    "et_max_features": "log2",
    "rfe_n_features": 5
  },
  "best_metadata": {
    "regressor": "ExtraTreesRegressor",
    "use_scaler": true,
    "rfe_estimator": {
      "mode": "original",
      "type": "ExtraTreesRegressor"
    },
    "n_candidate_features": 22,
    "rfe_n_features": 5,
    "rfe_selected_features": [
      "edges_T2W40",
      "re_T2W40",
      "lsc_T2W40",
      "z_re_T2W40",
      "z_pe_T2W40"
    ]
  },
  "validation_summary": {
    "n_splits_val": 400,
    "mae_mean_val": 1.7374866025123175,
    "mae_std_val": 0.13016315128281902,
    "mae_ci_lower_val": 1.7246920379108188,
    "mae_ci_upper_val": 1.750281167113816,
    "mae_samperror_val": 0.012794564601498654,
    "mae_t_critical_val": 1.965927295920882,
    "mae_df_val": 399,
    "d2mae_mean_val": 0.00734710394997583,
    "d2mae_std_val": 0.025656075536558052,
    "d2mae_ci_lower_val": 0.004825204989799457,
    "d2mae_ci_upper_val": 0.009869002910152204,
    "d2mae_samperror_val": 0.002521898960176373,
    "d2mae_t_critical_val": 1.965927295920882,
    "d2mae_df_val": 399,
    "rmse_mean_val": 2.2161690720830034,
    "rmse_std_val": 0.18902203979267324,
    "rmse_ci_lower_val": 2.1975888927050504,
    "rmse_ci_upper_val": 2.2347492514609564,
    "rmse_samperror_val": 0.018580179377952973,
    "rmse_t_critical_val": 1.965927295920882,
    "rmse_df_val": 399,
    "mape_mean_val": 0.26449354145464204,
    "mape_std_val": 0.0475297753550705,
    "mape_ci_lower_val": 0.259821537317666,
    "mape_ci_upper_val": 0.2691655455916181,
    "mape_samperror_val": 0.004672004136976036,
    "mape_t_critical_val": 1.965927295920882,
    "mape_df_val": 399,
    "r2_mean_val": 0.019651899958088897,
    "r2_std_val": 0.03978985738904602,
    "r2_ci_lower_val": 0.015740701620992656,
    "r2_ci_upper_val": 0.023563098295185138,
    "r2_samperror_val": 0.003911198337096239,
    "r2_t_critical_val": 1.965927295920882,
    "r2_df_val": 399,
    "median_ae_mean_val": 1.416058377081419,
    "median_ae_std_val": 0.19555524065462446,
    "median_ae_ci_lower_val": 1.3968360078082538,
    "median_ae_ci_upper_val": 1.4352807463545842,
    "median_ae_samperror_val": 0.01922236927316516,
    "median_ae_t_critical_val": 1.965927295920882,
    "median_ae_df_val": 399,
    "max_error_mean_val": 5.724620619891218,
    "max_error_std_val": 0.591182942897766,
    "max_error_ci_lower_val": 5.666509485674941,
    "max_error_ci_upper_val": 5.782731754107496,
    "max_error_samperror_val": 0.058111134216277706,
    "max_error_t_critical_val": 1.965927295920882,
    "max_error_df_val": 399,
    "rho_mean_val": 0.1715684855990238,
    "rho_std_val": 0.1333135021051237,
    "rho_ci_lower_val": 0.15846425296386035,
    "rho_ci_upper_val": 0.18467271823418724,
    "rho_samperror_val": 0.013104232635163431,
    "rho_t_critical_val": 1.965927295920882,
    "rho_df_val": 399,
    "r2_below_zero_val": 0.3
  },
  "test_summary": {
    "n_splits_test": 400,
    "mae_mean_test": 1.6511044212240042,
    "mae_std_test": 0.18611000112272807,
    "mae_ci_lower_test": 1.6328104846614524,
    "mae_ci_upper_test": 1.669398357786556,
    "mae_samperror_test": 0.018293936562551856,
    "mae_t_critical_test": 1.965927295920882,
    "mae_df_test": 399,
    "d2mae_mean_test": -0.008764778757108668,
    "d2mae_std_test": 0.04054481232119448,
    "d2mae_ci_lower_test": -0.012750186419619945,
    "d2mae_ci_upper_test": -0.004779371094597392,
    "d2mae_samperror_test": 0.003985407662511277,
    "d2mae_t_critical_test": 1.965927295920882,
    "d2mae_df_test": 399,
    "rmse_mean_test": 2.1377788164860836,
    "rmse_std_test": 0.2892800611208663,
    "rmse_ci_lower_test": 2.109343638069925,
    "rmse_ci_upper_test": 2.1662139949022423,
    "rmse_samperror_test": 0.02843517841615861,
    "rmse_t_critical_test": 1.965927295920882,
    "rmse_df_test": 399,
    "mape_mean_test": 0.25847271216822565,
    "mape_std_test": 0.0697964179465812,
    "mape_ci_lower_test": 0.2516119780082913,
    "mape_ci_upper_test": 0.26533344632815997,
    "mape_samperror_test": 0.006860734159934306,
    "mape_t_critical_test": 1.965927295920882,
    "mape_df_test": 399,
    "r2_mean_test": 0.012879298225871205,
    "r2_std_test": 0.06505451390617019,
    "r2_ci_lower_test": 0.006484675995320976,
    "r2_ci_upper_test": 0.019273920456421432,
    "r2_samperror_test": 0.006394622230550228,
    "r2_t_critical_test": 1.965927295920882,
    "r2_df_test": 399,
    "median_ae_mean_test": 1.3172996683110298,
    "median_ae_std_test": 0.23489103190010077,
    "median_ae_ci_lower_test": 1.2942107337520583,
    "median_ae_ci_upper_test": 1.3403886028700014,
    "median_ae_samperror_test": 0.023088934558971538,
    "median_ae_t_critical_test": 1.965927295920882,
    "median_ae_df_test": 399,
    "max_error_mean_test": 5.168071165207234,
    "max_error_std_test": 0.980671550005315,
    "max_error_ci_lower_test": 5.07167471678281,
    "max_error_ci_upper_test": 5.264467613631658,
    "max_error_samperror_test": 0.09639644842442445,
    "max_error_t_critical_test": 1.965927295920882,
    "max_error_df_test": 399,
    "rho_mean_test": 0.15309078567661197,
    "rho_std_test": 0.21206838638542821,
    "rho_ci_lower_test": 0.13224523420676149,
    "rho_ci_upper_test": 0.17393633714646245,
    "rho_samperror_test": 0.020845551469850485,
    "rho_t_critical_test": 1.965927295920882,
    "rho_df_test": 399,
    "r2_below_zero_test": 0.3925
  },
  "selected_features": [
    "edges_T2W40",
    "re_T2W40",
    "lsc_T2W40",
    "z_re_T2W40",
    "z_pe_T2W40"
  ]
}