{
  "mean_abs_shap": {
    "edges_T2W40": 0.16221508991431025,
    "re_T2W40": 0.07835372081462667,
    "lsc_T2W40": 0.07292799348663101,
    "z_re_T2W40": 0.10079229443283022,
    "z_pe_T2W40": 0.09351109125538064
  },
  "mean_shap": {
    "edges_T2W40": -0.0010126896434942505,
    "re_T2W40": -0.0002825083403472215,
    "lsc_T2W40": -0.0005585177601076751,
    "z_re_T2W40": 0.002232459519396644,
    "z_pe_T2W40": -0.00037874377544761326
  },
  "regressor": "ExtraTreesRegressor",
  "n_subjects": 222,
  "n_features": 5
}