set,r2_mean,r2_std,r2_ci_lower,r2_ci_upper,rmse_mean,rmse_std,rmse_ci_lower,rmse_ci_upper,mae_mean,mae_std,mae_ci_lower,mae_ci_upper,rho_mean,rho_std,rho_ci_lower,rho_ci_upper,r2_below_zero
TEST,-0.012520091209703703,0.07673336476773411,-0.02006270202494081,-0.004977480394466594,2.1750520862376805,0.2650713902958493,2.148996532160165,2.201107640315196,1.7017741952395944,0.1933253715871754,1.6827710139897307,1.720777376489458,0.10021985751087317,0.1780379158271647,0.0827193775891988,0.11772033743254755,0.4975
