set,r2_mean,r2_std,r2_ci_lower,r2_ci_upper,rmse_mean,rmse_std,rmse_ci_lower,rmse_ci_upper,mae_mean,mae_std,mae_ci_lower,mae_ci_upper,rho_mean,rho_std,rho_ci_lower,rho_ci_upper,r2_below_zero
VALIDATION,-0.007179741942748226,0.05808988664525271,-0.012889766631390836,-0.0014697172541056156,2.2484326447113805,0.1861477091368508,2.2301350015881165,2.2667302878346445,1.7664316016025667,0.12878368683029934,1.7537726333421162,1.7790905698630173,0.11159957523796432,0.1244945179080516,0.09936221669056683,0.12383693378536181,0.4375
