set,r2_mean,r2_std,r2_ci_lower,r2_ci_upper,rmse_mean,rmse_std,rmse_ci_lower,rmse_ci_upper,mae_mean,mae_std,mae_ci_lower,mae_ci_upper,rho_mean,rho_std,rho_ci_lower,rho_ci_upper,r2_below_zero
TEST,0.02507379594957249,0.07669072670203834,0.01753537630119521,0.03261221559794977,1.3080663907242294,0.11419452897516262,1.2968414836463744,1.3192912978020843,1.0095224132936784,0.08492255551101241,1.0011748347977556,1.0178699917896012,0.17010635703280205,0.20296042152079577,0.15015608539983502,0.19005662866576908,0.32
