set,r2_mean,r2_std,r2_ci_lower,r2_ci_upper,rmse_mean,rmse_std,rmse_ci_lower,rmse_ci_upper,mae_mean,mae_std,mae_ci_lower,mae_ci_upper,rho_mean,rho_std,rho_ci_lower,rho_ci_upper,r2_below_zero
VALIDATION,0.016849413009867184,0.05888504972326744,0.011061226681235693,0.022637599338498675,1.318277152391413,0.0850693472904566,1.3099151447971888,1.326639159985637,1.0254733158563725,0.06454747677659468,1.0191285335324762,1.0318180981802687,0.16229655953485594,0.12924331233138284,0.1495924117584813,0.1750007073112306,0.2875
