set,r2_mean,r2_std,r2_ci_lower,r2_ci_upper,rmse_mean,rmse_std,rmse_ci_lower,rmse_ci_upper,mae_mean,mae_std,mae_ci_lower,mae_ci_upper,rho_mean,rho_std,rho_ci_lower,rho_ci_upper,r2_below_zero
VALIDATION,-0.011276085668940535,0.01564378970251407,-0.012813813328331456,-0.009738358009549614,2.251446708749662,0.1897021984735586,2.2327996722458936,2.2700937452534307,1.7713411595931168,0.12812780831122603,1.7587466618068388,1.7839356573793947,-0.010903843228904893,0.1334083655043254,-0.024017400591362044,0.0022097141335522593,0.8025
