set,r2_mean,r2_std,r2_ci_lower,r2_ci_upper,rmse_mean,rmse_std,rmse_ci_lower,rmse_ci_upper,mae_mean,mae_std,mae_ci_lower,mae_ci_upper,rho_mean,rho_std,rho_ci_lower,rho_ci_upper,r2_below_zero
TEST,-0.015155699557504492,0.025699763821666624,-0.01768189291729121,-0.012629506197717773,2.16928013579755,0.289603453741897,2.1408131690623424,2.197747102532758,1.67222836984087,0.18133283626382896,1.6544040112179794,1.6900527284637605,-0.02685001052099543,0.19868740343028093,-0.046380260008957105,-0.007319761033033754,0.76
