{
  "best_trial_number": 8,
  "best_value_internal_minimized": 6.333913318344348,
  "best_params": {
    "regressor": "QuantileRegressor",
    "use_scaler": false,
    "quantile_alpha": 0.03261332783906558,
    "rfe_n_features": 2
  },
  "best_metadata": {
    "regressor": "QuantileRegressor",
    "use_scaler": false,
    "rfe_estimator": {
      "mode": "original",
      "type": "QuantileRegressor"
    },
    "n_candidate_features": 13,
    "rfe_n_features": 2,
    "rfe_selected_features": [
      "lcc_T6W40",
      "lsc_T6W40"
    ]
  },
  "validation_summary": {
    "n_splits_val": 400,
    "mae_mean_val": 6.362157329318976,
    "mae_std_val": 0.2676583615299391,
    "mae_ci_lower_val": 6.335847485373318,
    "mae_ci_upper_val": 6.388467173264635,
    "mae_samperror_val": 0.02630984394565835,
    "mae_t_critical_val": 1.965927295920882,
    "mae_df_val": 399,
    "d2mae_mean_val": 0.009126247730157171,
    "d2mae_std_val": 0.02175725602611814,
    "d2mae_ci_lower_val": 0.006987588554852934,
    "d2mae_ci_upper_val": 0.011264906905461409,
    "d2mae_samperror_val": 0.0021386591753042375,
    "d2mae_t_critical_val": 1.965927295920882,
    "d2mae_df_val": 399,
    "rmse_mean_val": 7.662777804595778,
    "rmse_std_val": 0.33625571169002577,
    "rmse_ci_lower_val": 7.629725090494741,
    "rmse_ci_upper_val": 7.695830518696814,
    "rmse_samperror_val": 0.033052714101036204,
    "rmse_t_critical_val": 1.965927295920882,
    "rmse_df_val": 399,
    "mape_mean_val": 225937035797357.12,
    "mape_std_val": 452492393759178.8,
    "mape_ci_lower_val": 181458678392969.66,
    "mape_ci_upper_val": 270415393201744.6,
    "mape_samperror_val": 44478357404387.47,
    "mape_t_critical_val": 1.965927295920882,
    "mape_df_val": 399,
    "r2_mean_val": -0.017567151402528756,
    "r2_std_val": 0.039857915271893404,
    "r2_ci_lower_val": -0.02148503958210461,
    "r2_ci_upper_val": -0.013649263222952904,
    "r2_samperror_val": 0.003917888179575851,
    "r2_t_critical_val": 1.965927295920882,
    "r2_df_val": 399,
    "median_ae_mean_val": 5.946737124587226,
    "median_ae_std_val": 0.47819653832552833,
    "median_ae_ci_lower_val": 5.899732143211774,
    "median_ae_ci_upper_val": 5.993742105962677,
    "median_ae_samperror_val": 0.04700498137545162,
    "median_ae_t_critical_val": 1.965927295920882,
    "median_ae_df_val": 399,
    "max_error_mean_val": 17.40239838032573,
    "max_error_std_val": 1.4662261517117312,
    "max_error_ci_lower_val": 17.258273679643576,
    "max_error_ci_upper_val": 17.546523081007887,
    "max_error_samperror_val": 0.14412470068215621,
    "max_error_t_critical_val": 1.965927295920882,
    "max_error_df_val": 399,
    "rho_mean_val": 0.08012677346334374,
    "rho_std_val": 0.12051372882639644,
    "rho_ci_lower_val": 0.06826578594494755,
    "rho_ci_upper_val": 0.09198776098173993,
    "rho_samperror_val": 0.011860987518396187,
    "rho_t_critical_val": 1.9659423239762661,
    "rho_df_val": 398,
    "r2_below_zero_val": 0.63
  },
  "test_summary": {
    "n_splits_test": 400,
    "mae_mean_test": 6.519558943061843,
    "mae_std_test": 0.44058778571862667,
    "mae_ci_lower_test": 6.476250765352163,
    "mae_ci_upper_test": 6.562867120771522,
    "mae_samperror_test": 0.043308177709679437,
    "mae_t_critical_test": 1.965927295920882,
    "mae_df_test": 399,
    "d2mae_mean_test": 0.009140185340705535,
    "d2mae_std_test": 0.03483029630586575,
    "d2mae_ci_lower_test": 0.005716493829069848,
    "d2mae_ci_upper_test": 0.012563876852341224,
    "d2mae_samperror_test": 0.0034236915116356873,
    "d2mae_t_critical_test": 1.965927295920882,
    "d2mae_df_test": 399,
    "rmse_mean_test": 7.8107160293230695,
    "rmse_std_test": 0.5386079182561022,
    "rmse_ci_lower_test": 7.75777282890813,
    "rmse_ci_upper_test": 7.863659229738009,
    "rmse_samperror_test": 0.052943200414939724,
    "rmse_t_critical_test": 1.965927295920882,
    "rmse_df_test": 399,
    "mape_mean_test": 238614873346049.03,
    "mape_std_test": 688476045324590.6,
    "mape_ci_lower_test": 170940180841485.28,
    "mape_ci_upper_test": 306289565850612.75,
    "mape_samperror_test": 67674692504563.75,
    "mape_t_critical_test": 1.965927295920882,
    "mape_df_test": 399,
    "r2_mean_test": -0.008267780303111805,
    "r2_std_test": 0.05776284439156143,
    "r2_ci_lower_test": -0.013945657927081858,
    "r2_ci_upper_test": -0.002589902679141753,
    "r2_samperror_test": 0.005677877623970052,
    "r2_t_critical_test": 1.965927295920882,
    "r2_df_test": 399,
    "median_ae_mean_test": 6.199118510471226,
    "median_ae_std_test": 0.6907784150580062,
    "median_ae_ci_lower_test": 6.131217503391451,
    "median_ae_ci_upper_test": 6.267019517551001,
    "median_ae_samperror_test": 0.06790100707977495,
    "median_ae_t_critical_test": 1.965927295920882,
    "median_ae_df_test": 399,
    "max_error_mean_test": 16.289206870388977,
    "max_error_std_test": 2.0735844409642157,
    "max_error_ci_lower_test": 16.085381057744556,
    "max_error_ci_upper_test": 16.493032683033398,
    "max_error_samperror_test": 0.2038258126444197,
    "max_error_t_critical_test": 1.965927295920882,
    "max_error_df_test": 399,
    "rho_mean_test": 0.11021202596461917,
    "rho_std_test": 0.18963118320615807,
    "rho_ci_lower_test": 0.09154848348684057,
    "rho_ci_upper_test": 0.12887556844239778,
    "rho_samperror_test": 0.018663542477778603,
    "rho_t_critical_test": 1.9659423239762661,
    "rho_df_test": 398,
    "r2_below_zero_test": 0.535
  },
  "selected_features": [
    "lcc_T6W40",
    "lsc_T6W40"
  ]
}