{
  "best_trial_number": 55,
  "best_value_internal_minimized": 6.330812088923329,
  "best_params": {
    "regressor": "QuantileRegressor",
    "use_scaler": false,
    "quantile_alpha": 0.02474252248969159,
    "rfe_n_features": 2
  },
  "best_metadata": {
    "regressor": "QuantileRegressor",
    "use_scaler": false,
    "rfe_estimator": {
      "mode": "original",
      "type": "QuantileRegressor"
    },
    "n_candidate_features": 13,
    "rfe_n_features": 2,
    "rfe_selected_features": [
      "lcc_T6W40",
      "lsc_T6W40"
    ]
  },
  "validation_summary": {
    "n_splits_val": 400,
    "mae_mean_val": 6.360705334964816,
    "mae_std_val": 0.2732243487677179,
    "mae_ci_lower_val": 6.333848374707183,
    "mae_ci_upper_val": 6.387562295222449,
    "mae_samperror_val": 0.02685696025763318,
    "mae_t_critical_val": 1.965927295920882,
    "mae_df_val": 399,
    "d2mae_mean_val": 0.009359401503477112,
    "d2mae_std_val": 0.023066402850805908,
    "d2mae_ci_lower_val": 0.007092057954321784,
    "d2mae_ci_upper_val": 0.011626745052632441,
    "d2mae_samperror_val": 0.002267343549155329,
    "d2mae_t_critical_val": 1.965927295920882,
    "d2mae_df_val": 399,
    "rmse_mean_val": 7.664540225587489,
    "rmse_std_val": 0.3408147875488723,
    "rmse_ci_lower_val": 7.631039370902698,
    "rmse_ci_upper_val": 7.698041080272279,
    "rmse_samperror_val": 0.03350085468479022,
    "rmse_t_critical_val": 1.965927295920882,
    "rmse_df_val": 399,
    "mape_mean_val": 225942706482276.9,
    "mape_std_val": 452518581490973.44,
    "mape_ci_lower_val": 181461774919051.78,
    "mape_ci_upper_val": 270423638045502.03,
    "mape_samperror_val": 44480931563225.13,
    "mape_t_critical_val": 1.965927295920882,
    "mape_df_val": 399,
    "r2_mean_val": -0.01806476985299633,
    "r2_std_val": 0.04195579529487773,
    "r2_ci_lower_val": -0.022188872012609783,
    "r2_ci_upper_val": -0.01394066769338288,
    "r2_samperror_val": 0.004124102159613452,
    "r2_t_critical_val": 1.965927295920882,
    "r2_df_val": 399,
    "median_ae_mean_val": 5.946542802393662,
    "median_ae_std_val": 0.48651790386898724,
    "median_ae_ci_lower_val": 5.898719861035149,
    "median_ae_ci_upper_val": 5.994365743752175,
    "median_ae_samperror_val": 0.047822941358512686,
    "median_ae_t_critical_val": 1.965927295920882,
    "median_ae_df_val": 399,
    "max_error_mean_val": 17.41024392403209,
    "max_error_std_val": 1.4809044459943126,
    "max_error_ci_lower_val": 17.26467640038055,
    "max_error_ci_upper_val": 17.55581144768363,
    "max_error_samperror_val": 0.14556752365154055,
    "max_error_t_critical_val": 1.965927295920882,
    "max_error_df_val": 399,
    "rho_mean_val": 0.0809609170283084,
    "rho_std_val": 0.12068693551212127,
    "rho_ci_lower_val": 0.06908288247006462,
    "rho_ci_upper_val": 0.09283895158655218,
    "rho_samperror_val": 0.011878034558243777,
    "rho_t_critical_val": 1.9659423239762661,
    "rho_df_val": 398,
    "r2_below_zero_val": 0.6175
  },
  "test_summary": {
    "n_splits_test": 400,
    "mae_mean_test": 6.5172672154858216,
    "mae_std_test": 0.44432408074888746,
    "mae_ci_lower_test": 6.473591773556862,
    "mae_ci_upper_test": 6.560942657414781,
    "mae_samperror_test": 0.0436754419289596,
    "mae_t_critical_test": 1.965927295920882,
    "mae_df_test": 399,
    "d2mae_mean_test": 0.009470879137759902,
    "d2mae_std_test": 0.03644630354056278,
    "d2mae_ci_lower_test": 0.0058883399894693895,
    "d2mae_ci_upper_test": 0.013053418286050415,
    "d2mae_samperror_test": 0.0035825391482905127,
    "d2mae_t_critical_test": 1.965927295920882,
    "d2mae_df_test": 399,
    "rmse_mean_test": 7.811225080957574,
    "rmse_std_test": 0.5400756611175906,
    "rmse_ci_lower_test": 7.758137606754895,
    "rmse_ci_upper_test": 7.864312555160254,
    "rmse_samperror_test": 0.05308747420267938,
    "rmse_t_critical_test": 1.965927295920882,
    "rmse_df_test": 399,
    "mape_mean_test": 238260361285652.9,
    "mape_std_test": 687476345921261.9,
    "mape_ci_lower_test": 170683935598325.16,
    "mape_ci_upper_test": 305836786972980.7,
    "mape_samperror_test": 67576425687327.76,
    "mape_t_critical_test": 1.965927295920882,
    "mape_df_test": 399,
    "r2_mean_test": -0.008514824588691468,
    "r2_std_test": 0.06030916022290263,
    "r2_ci_lower_test": -0.014442995802504976,
    "r2_ci_upper_test": -0.002586653374877959,
    "r2_samperror_test": 0.005928171213813509,
    "r2_t_critical_test": 1.965927295920882,
    "r2_df_test": 399,
    "median_ae_mean_test": 6.194748069455909,
    "median_ae_std_test": 0.694911891193596,
    "median_ae_ci_lower_test": 6.126440756698035,
    "median_ae_ci_upper_test": 6.263055382213784,
    "median_ae_samperror_test": 0.06830731275787462,
    "median_ae_t_critical_test": 1.965927295920882,
    "median_ae_df_test": 399,
    "max_error_mean_test": 16.291133486303416,
    "max_error_std_test": 2.0727193914065456,
    "max_error_ci_lower_test": 16.087392704885882,
    "max_error_ci_upper_test": 16.49487426772095,
    "max_error_samperror_test": 0.20374078141753232,
    "max_error_t_critical_test": 1.965927295920882,
    "max_error_df_test": 399,
    "rho_mean_test": 0.11075242122919304,
    "rho_std_test": 0.1895300832345364,
    "rho_ci_lower_test": 0.09209882903270764,
    "rho_ci_upper_test": 0.12940601342567845,
    "rho_samperror_test": 0.018653592196485404,
    "rho_t_critical_test": 1.9659423239762661,
    "rho_df_test": 398,
    "r2_below_zero_test": 0.525
  },
  "selected_features": [
    "lcc_T6W40",
    "lsc_T6W40"
  ]
}