{
  "best_trial_number": 13,
  "best_value_internal_minimized": 6.344200313327728,
  "best_params": {
    "regressor": "Ridge",
    "use_scaler": true,
    "ridge_alpha": 0.10852805851834825,
    "ridge_solver": "sparse_cg",
    "rfe_n_features": 2
  },
  "best_metadata": {
    "regressor": "Ridge",
    "use_scaler": true,
    "rfe_estimator": {
      "mode": "original",
      "type": "Ridge"
    },
    "n_candidate_features": 13,
    "rfe_n_features": 2,
    "rfe_selected_features": [
      "nodes_T6W40",
      "lcc_T6W40"
    ]
  },
  "validation_summary": {
    "n_splits_val": 400,
    "mae_mean_val": 6.344818735465513,
    "mae_std_val": 0.2862230472010046,
    "mae_ci_lower_val": 6.316684050404807,
    "mae_ci_upper_val": 6.372953420526218,
    "mae_samperror_val": 0.028134685060705298,
    "mae_t_critical_val": 1.965927295920882,
    "mae_df_val": 399,
    "d2mae_mean_val": 0.00842453491343793,
    "d2mae_std_val": 0.02598172249475595,
    "d2mae_ci_lower_val": 0.005870626041063814,
    "d2mae_ci_upper_val": 0.010978443785812047,
    "d2mae_samperror_val": 0.002553908872374116,
    "d2mae_t_critical_val": 1.965927295920882,
    "d2mae_df_val": 399,
    "rmse_mean_val": 7.541799786954614,
    "rmse_std_val": 0.3572769480999731,
    "rmse_ci_lower_val": 7.506680761730961,
    "rmse_ci_upper_val": 7.576918812178266,
    "rmse_samperror_val": 0.03511902522365227,
    "rmse_t_critical_val": 1.965927295920882,
    "rmse_df_val": 399,
    "mape_mean_val": 205034023890959.72,
    "mape_std_val": 445898531847786.3,
    "mape_ci_lower_val": 161203819142429.22,
    "mape_ci_upper_val": 248864228639490.22,
    "mape_samperror_val": 43830204748530.49,
    "mape_t_critical_val": 1.965927295920882,
    "mape_df_val": 399,
    "r2_mean_val": 0.005227436277136049,
    "r2_std_val": 0.044885114692042004,
    "r2_ci_lower_val": 0.0008153926694548091,
    "r2_ci_upper_val": 0.009639479884817288,
    "r2_samperror_val": 0.00441204360768124,
    "r2_t_critical_val": 1.965927295920882,
    "r2_df_val": 399,
    "median_ae_mean_val": 5.930321279123896,
    "median_ae_std_val": 0.39563652562161744,
    "median_ae_ci_lower_val": 5.891431646874754,
    "median_ae_ci_upper_val": 5.969210911373038,
    "median_ae_samperror_val": 0.03888963224914196,
    "median_ae_t_critical_val": 1.965927295920882,
    "median_ae_df_val": 399,
    "max_error_mean_val": 16.454780784843432,
    "max_error_std_val": 1.0254030519018777,
    "max_error_ci_lower_val": 16.35398739239071,
    "max_error_ci_upper_val": 16.555574177296155,
    "max_error_samperror_val": 0.10079339245272392,
    "max_error_t_critical_val": 1.965927295920882,
    "max_error_df_val": 399,
    "rho_mean_val": 0.09731905335987712,
    "rho_std_val": 0.12771504495173838,
    "rho_ci_lower_val": 0.08476512871135787,
    "rho_ci_upper_val": 0.10987297800839636,
    "rho_samperror_val": 0.012553924648519248,
    "rho_t_critical_val": 1.965927295920882,
    "rho_df_val": 399,
    "r2_below_zero_val": 0.3725
  },
  "test_summary": {
    "n_splits_test": 400,
    "mae_mean_test": 6.588536526215248,
    "mae_std_test": 0.42415445203734053,
    "mae_ci_lower_test": 6.546843685467919,
    "mae_ci_upper_test": 6.630229366962577,
    "mae_samperror_test": 0.04169284074732862,
    "mae_t_critical_test": 1.965927295920882,
    "mae_df_test": 399,
    "d2mae_mean_test": -0.000220443175572351,
    "d2mae_std_test": 0.037104279257144504,
    "d2mae_ci_lower_test": -0.003867658944926919,
    "d2mae_ci_upper_test": 0.0034267725937822176,
    "d2mae_samperror_test": 0.0036472157693545684,
    "d2mae_t_critical_test": 1.965927295920882,
    "d2mae_df_test": 399,
    "rmse_mean_test": 7.794063317301252,
    "rmse_std_test": 0.5014823519668636,
    "rmse_ci_lower_test": 7.74476942509354,
    "rmse_ci_upper_test": 7.843357209508965,
    "rmse_samperror_test": 0.04929389220771301,
    "rmse_t_critical_test": 1.965927295920882,
    "rmse_df_test": 399,
    "mape_mean_test": 237085329237004.7,
    "mape_std_test": 702694463536477.1,
    "mape_ci_lower_test": 168013017909062.62,
    "mape_ci_upper_test": 306157640564946.75,
    "mape_samperror_test": 69072311327942.06,
    "mape_t_critical_test": 1.965927295920882,
    "mape_df_test": 399,
    "r2_mean_test": 0.004293205618639718,
    "r2_std_test": 0.05721278927092959,
    "r2_ci_lower_test": -0.0013306035865347753,
    "r2_ci_upper_test": 0.009917014823814211,
    "r2_samperror_test": 0.005623809205174493,
    "r2_t_critical_test": 1.965927295920882,
    "r2_df_test": 399,
    "median_ae_mean_test": 6.1748229330649425,
    "median_ae_std_test": 0.5827259060907498,
    "median_ae_ci_lower_test": 6.11754309482374,
    "median_ae_ci_upper_test": 6.2321027713061445,
    "median_ae_samperror_test": 0.05727983824120168,
    "median_ae_t_critical_test": 1.965927295920882,
    "median_ae_df_test": 399,
    "max_error_mean_test": 15.776461157245558,
    "max_error_std_test": 1.6090892653199702,
    "max_error_ci_lower_test": 15.618293531832268,
    "max_error_ci_upper_test": 15.934628782658848,
    "max_error_samperror_test": 0.15816762541329038,
    "max_error_t_critical_test": 1.965927295920882,
    "max_error_df_test": 399,
    "rho_mean_test": 0.09504823480317427,
    "rho_std_test": 0.1866746505725739,
    "rho_ci_lower_test": 0.07669879525231849,
    "rho_ci_upper_test": 0.11339767435403006,
    "rho_samperror_test": 0.018349439550855787,
    "rho_t_critical_test": 1.965927295920882,
    "rho_df_test": 399,
    "r2_below_zero_test": 0.4375
  },
  "selected_features": [
    "nodes_T6W40",
    "lcc_T6W40"
  ]
}