{
  "mean_abs_shap": {
    "lcc_T6W40": 0.8425700602016305,
    "lsc_T6W40": 0.08060781028075072
  },
  "mean_shap": {
    "lcc_T6W40": -0.06196735990390692,
    "lsc_T6W40": 0.002890208909316424
  },
  "regressor": "QuantileRegressor",
  "n_subjects": 252,
  "n_features": 2
}