{
  "best_trial_number": 8,
  "best_value_internal_minimized": 1.7349970291146763,
  "best_params": {
    "regressor": "QuantileRegressor",
    "use_scaler": false,
    "quantile_alpha": 0.03261332783906558,
    "rfe_n_features": 2
  },
  "best_metadata": {
    "regressor": "QuantileRegressor",
    "use_scaler": false,
    "rfe_estimator": {
      "mode": "original",
      "type": "QuantileRegressor"
    },
    "n_candidate_features": 9,
    "rfe_n_features": 2,
    "rfe_selected_features": [
      "z_diameter_T6W40",
      "z_asp_T6W40"
    ]
  },
  "validation_summary": {
    "n_splits_val": 400,
    "mae_mean_val": 1.7307352941176473,
    "mae_std_val": 0.12131797035340883,
    "mae_ci_lower_val": 1.718810178647473,
    "mae_ci_upper_val": 1.7426604095878215,
    "mae_samperror_val": 0.011925115470174337,
    "mae_t_critical_val": 1.965927295920882,
    "mae_df_val": 399,
    "d2mae_mean_val": 0.0,
    "d2mae_std_val": 0.0,
    "d2mae_ci_lower_val": 0.0,
    "d2mae_ci_upper_val": 0.0,
    "d2mae_samperror_val": 0.0,
    "d2mae_t_critical_val": 1.965927295920882,
    "d2mae_df_val": 399,
    "rmse_mean_val": 2.252098310299888,
    "rmse_std_val": 0.18564182549896596,
    "rmse_ci_lower_val": 2.2338503936992384,
    "rmse_ci_upper_val": 2.270346226900538,
    "rmse_samperror_val": 0.018247916600649918,
    "rmse_t_critical_val": 1.965927295920882,
    "rmse_df_val": 399,
    "mape_mean_val": 0.26832955062366826,
    "mape_std_val": 0.04795008793114969,
    "mape_ci_lower_val": 0.26361623128838557,
    "mape_ci_upper_val": 0.27304286995895094,
    "mape_samperror_val": 0.004713319335282681,
    "mape_t_critical_val": 1.965927295920882,
    "mape_df_val": 399,
    "r2_mean_val": -0.0090293845390855,
    "r2_std_val": 0.00991374030950792,
    "r2_ci_lower_val": -0.010003869173042138,
    "r2_ci_upper_val": -0.008054899905128862,
    "r2_samperror_val": 0.0009744846339566377,
    "r2_t_critical_val": 1.965927295920882,
    "r2_df_val": 399,
    "median_ae_mean_val": 1.08,
    "median_ae_std_val": 0.271632952995181,
    "median_ae_ci_lower_val": 1.0532994681617591,
    "median_ae_ci_upper_val": 1.106700531838241,
    "median_ae_samperror_val": 0.02670053183824101,
    "median_ae_t_critical_val": 1.965927295920882,
    "median_ae_df_val": 399,
    "max_error_mean_val": 5.9175,
    "max_error_std_val": 0.8045570396654224,
    "max_error_ci_lower_val": 5.838414967729823,
    "max_error_ci_upper_val": 5.996585032270178,
    "max_error_samperror_val": 0.07908503227017769,
    "max_error_t_critical_val": 1.965927295920882,
    "max_error_df_val": 399,
    "rho_mean_val": NaN,
    "rho_std_val": NaN,
    "rho_ci_lower_val": NaN,
    "rho_ci_upper_val": NaN,
    "rho_samperror_val": NaN,
    "rho_t_critical_val": NaN,
    "rho_df_val": NaN,
    "r2_below_zero_val": 0.98
  },
  "test_summary": {
    "n_splits_test": 400,
    "mae_mean_test": 1.6588461538461539,
    "mae_std_test": 0.18117210192421515,
    "mae_ci_lower_test": 1.641037594824545,
    "mae_ci_upper_test": 1.6766547128677627,
    "mae_samperror_test": 0.017808559021608734,
    "mae_t_critical_test": 1.965927295920882,
    "mae_df_test": 399,
    "d2mae_mean_test": 0.0,
    "d2mae_std_test": 0.0,
    "d2mae_ci_lower_test": 0.0,
    "d2mae_ci_upper_test": 0.0,
    "d2mae_samperror_test": 0.0,
    "d2mae_t_critical_test": 1.965927295920882,
    "d2mae_df_test": 399,
    "rmse_mean_test": 2.172615935604381,
    "rmse_std_test": 0.26586827938301694,
    "rmse_ci_lower_test": 2.146482050226451,
    "rmse_ci_upper_test": 2.198749820982311,
    "rmse_samperror_test": 0.026133885377929603,
    "rmse_t_critical_test": 1.965927295920882,
    "rmse_df_test": 399,
    "mape_mean_test": 0.26404980062672373,
    "mape_std_test": 0.06809810409210715,
    "mape_ci_lower_test": 0.257356004544967,
    "mape_ci_upper_test": 0.27074359670848047,
    "mape_samperror_test": 0.006693796081756748,
    "mape_t_critical_test": 1.965927295920882,
    "mape_df_test": 399,
    "r2_mean_test": -0.007470241646181684,
    "r2_std_test": 0.010474049890222983,
    "r2_ci_lower_test": -0.008499802675083008,
    "r2_ci_upper_test": -0.00644068061728036,
    "r2_samperror_test": 0.001029561028901324,
    "r2_t_critical_test": 1.965927295920882,
    "r2_df_test": 399,
    "median_ae_mean_test": 1.1325,
    "median_ae_std_test": 0.28530202086169915,
    "median_ae_ci_lower_test": 1.10445584848033,
    "median_ae_ci_upper_test": 1.1605441515196702,
    "median_ae_samperror_test": 0.028044151519670164,
    "median_ae_t_critical_test": 1.965927295920882,
    "median_ae_df_test": 399,
    "max_error_mean_test": 5.3075,
    "max_error_std_test": 0.9670997647022866,
    "max_error_ci_lower_test": 5.212437608734656,
    "max_error_ci_upper_test": 5.402562391265344,
    "max_error_samperror_test": 0.09506239126534438,
    "max_error_t_critical_test": 1.965927295920882,
    "max_error_df_test": 399,
    "rho_mean_test": NaN,
    "rho_std_test": NaN,
    "rho_ci_lower_test": NaN,
    "rho_ci_upper_test": NaN,
    "rho_samperror_test": NaN,
    "rho_t_critical_test": NaN,
    "rho_df_test": NaN,
    "r2_below_zero_test": 0.91
  },
  "selected_features": [
    "z_diameter_T6W40",
    "z_asp_T6W40"
  ]
}