set,r2_mean,r2_std,r2_ci_lower,r2_ci_upper,rmse_mean,rmse_std,rmse_ci_lower,rmse_ci_upper,mae_mean,mae_std,mae_ci_lower,mae_ci_upper,rho_mean,rho_std,rho_ci_lower,rho_ci_upper,r2_below_zero
TEST,-0.01686605717931016,0.060939449937089205,-0.022856183580796545,-0.010875930777823775,2.1818015452317803,0.2746169263790186,2.15480769965726,2.2087953908063005,1.7003843756925638,0.1940109034776319,1.6813138091499165,1.7194549422352112,0.04965953391161262,0.18816724323932463,0.031163377927494,0.06815568989573123,0.56
