set,r2_mean,r2_std,r2_ci_lower,r2_ci_upper,rmse_mean,rmse_std,rmse_ci_lower,rmse_ci_upper,mae_mean,mae_std,mae_ci_lower,mae_ci_upper,rho_mean,rho_std,rho_ci_lower,rho_ci_upper,r2_below_zero
VALIDATION,-0.011604199203091558,0.04290930918240019,-0.01582202831163101,-0.007386370094552105,2.254189430654881,0.18695397362050628,2.2358125346638094,2.2725663266459524,1.763790936811002,0.12505770451441486,1.7514982190674973,1.776083654554507,0.05858712779686538,0.12381443555512928,0.0464166188725221,0.07075763672120866,0.5425
