set,r2_mean,r2_std,r2_ci_lower,r2_ci_upper,rmse_mean,rmse_std,rmse_ci_lower,rmse_ci_upper,mae_mean,mae_std,mae_ci_lower,mae_ci_upper,rho_mean,rho_std,rho_ci_lower,rho_ci_upper,r2_below_zero
TEST,0.019462486292346707,0.08673463748358204,0.010936786725807886,0.027988185858885527,1.3002500134351362,0.11576344197741566,1.2888708879124786,1.3116291389577939,1.0240303399318342,0.09008624446683672,1.0151751895826164,1.032885490281052,0.16143858747910983,0.1939817769554245,0.14237088396771455,0.1805062909905051,0.31
