set,r2_mean,r2_std,r2_ci_lower,r2_ci_upper,rmse_mean,rmse_std,rmse_ci_lower,rmse_ci_upper,mae_mean,mae_std,mae_ci_lower,mae_ci_upper,rho_mean,rho_std,rho_ci_lower,rho_ci_upper,r2_below_zero
VALIDATION,0.03183815706466385,0.06226187275130542,0.025718041307816655,0.03795827282151104,1.3139087325341121,0.0767867757288926,1.3063608716155528,1.3214565934526714,1.0273832303729835,0.05991749897052229,1.0214935580365105,1.0332729027094565,0.18301033885227963,0.13448963255128626,0.16979049686973247,0.1962301808348268,0.2575
