set,r2_mean,r2_std,r2_ci_lower,r2_ci_upper,rmse_mean,rmse_std,rmse_ci_lower,rmse_ci_upper,mae_mean,mae_std,mae_ci_lower,mae_ci_upper,rho_mean,rho_std,rho_ci_lower,rho_ci_upper,r2_below_zero
TEST,-0.01781804378236202,0.03538217962036043,-0.021295983417604126,-0.014340104147119916,3.4883818507852093,0.2616156334731884,3.4626659850409807,3.514097716529438,2.907850183205552,0.1717580109878896,2.890966995100843,2.9247333713102606,0.015311399370545481,0.1832684671373261,-0.002703224730796946,0.03332602347188791,0.7
