set,r2_mean,r2_std,r2_ci_lower,r2_ci_upper,rmse_mean,rmse_std,rmse_ci_lower,rmse_ci_upper,mae_mean,mae_std,mae_ci_lower,mae_ci_upper,rho_mean,rho_std,rho_ci_lower,rho_ci_upper,r2_below_zero
VALIDATION,-0.013130608967359845,0.027683589865005465,-0.01585180521559449,-0.0104094127191252,3.471077543153461,0.17533997214272654,3.4538422612883912,3.488312825018531,2.8784288685982973,0.12068278284658299,2.866566189751008,2.8902915474455866,0.011721659490109358,0.12957800270983832,-0.0010153871337997,0.024458706114018416,0.6525
