set,r2_mean,r2_std,r2_ci_lower,r2_ci_upper,rmse_mean,rmse_std,rmse_ci_lower,rmse_ci_upper,mae_mean,mae_std,mae_ci_lower,mae_ci_upper,rho_mean,rho_std,rho_ci_lower,rho_ci_upper,r2_below_zero
TEST,-0.012175915309295406,0.023270457732654428,-0.01446331671155533,-0.009888513907035481,7.76074502834464,0.4936840643117146,7.712217679465063,7.809272377224218,6.5846579852097635,0.3774757810149882,6.547553488137442,6.621762482282085,-0.005089145372218544,0.19678738048060002,-0.02443262951119753,0.014254338766760442,0.7325
