set,r2_mean,r2_std,r2_ci_lower,r2_ci_upper,rmse_mean,rmse_std,rmse_ci_lower,rmse_ci_upper,mae_mean,mae_std,mae_ci_lower,mae_ci_upper,rho_mean,rho_std,rho_ci_lower,rho_ci_upper,r2_below_zero
VALIDATION,-0.01082122374633298,0.018192991954672385,-0.012609528720240952,-0.009032918772425007,7.635895536793633,0.3158227349006211,7.604851310032958,7.666939763554309,6.501828087515228,0.23130082571464325,6.479092057173155,6.524564117857301,-0.02715896249455371,0.11697405545234904,-0.0386570869209705,-0.015660838068136916,0.7675
