set,r2_mean,r2_std,r2_ci_lower,r2_ci_upper,rmse_mean,rmse_std,rmse_ci_lower,rmse_ci_upper,mae_mean,mae_std,mae_ci_lower,mae_ci_upper,rho_mean,rho_std,rho_ci_lower,rho_ci_upper,r2_below_zero
TEST,-0.018890226170092318,0.05049898546580363,-0.02385409286726908,-0.013926359472915557,7.7612409631308035,0.5150406186740607,7.710614342592838,7.811867583668769,6.624401768958145,0.42365476967421645,6.582758045170664,6.666045492745626,0.021796102981669837,0.19432158863542684,0.0026949972174151043,0.04089720874592457,0.6125
