set,r2_mean,r2_std,r2_ci_lower,r2_ci_upper,rmse_mean,rmse_std,rmse_ci_lower,rmse_ci_upper,mae_mean,mae_std,mae_ci_lower,mae_ci_upper,rho_mean,rho_std,rho_ci_lower,rho_ci_upper,r2_below_zero
VALIDATION,-0.014321093399955074,0.03722815074098716,-0.017980485285873267,-0.010661701514036882,7.778937555668156,0.328428841741488,7.746654194430793,7.811220916905519,6.636263295979904,0.257283977203515,6.610973216300531,6.6615533756592775,0.03951014525008831,0.13115195723452416,0.026618384618048347,0.05240190588212827,0.5975
