set,r2_mean,r2_std,r2_ci_lower,r2_ci_upper,rmse_mean,rmse_std,rmse_ci_lower,rmse_ci_upper,mae_mean,mae_std,mae_ci_lower,mae_ci_upper,rho_mean,rho_std,rho_ci_lower,rho_ci_upper,r2_below_zero
TEST,-0.008639032120444222,0.025455257577125887,-0.011141191405222654,-0.00613687283566579,7.741470346754642,0.5065113043820004,7.691682126805789,7.791258566703496,6.558598435590741,0.38460333805920965,6.520793325571097,6.596403545610386,0.04115212901585709,0.19372472960629236,0.02210969232446197,0.06019456570725221,0.605
