set,r2_mean,r2_std,r2_ci_lower,r2_ci_upper,rmse_mean,rmse_std,rmse_ci_lower,rmse_ci_upper,mae_mean,mae_std,mae_ci_lower,mae_ci_upper,rho_mean,rho_std,rho_ci_lower,rho_ci_upper,r2_below_zero
VALIDATION,-0.006457329947087713,0.019152016263225356,-0.008339903524277482,-0.004574756369897945,7.642097947742351,0.32186032533598113,7.610460247789752,7.67373564769495,6.492631098267246,0.23716102649483178,6.469319031491506,6.515943165042986,0.0224014872981519,0.11620162813285421,0.010979289669310603,0.0338236849269932,0.585
