feature,mean_coef,std_coef,frac_nonzero
edges_T2W10,1.2712098127163491,0.32557691532200683,1.0
l3_T6W30,-0.6543314787449356,0.09868856867213922,1.0
