set,r2_mean,r2_std,r2_ci_lower,r2_ci_upper,rmse_mean,rmse_std,rmse_ci_lower,rmse_ci_upper,mae_mean,mae_std,mae_ci_lower,mae_ci_upper,rho_mean,rho_std,rho_ci_lower,rho_ci_upper,r2_below_zero
TEST,-0.014809879466058596,0.017514443513962315,-0.016531485594906744,-0.013088273337210448,1.3423409831668016,0.11547313660767353,1.3309903936066703,1.353691572726933,1.0292506460154207,0.08196908327778409,1.0211933831035502,1.0373079089272912,-0.10101655099963178,0.18235048085776628,-0.11894094038676083,-0.08309216161250273,0.8375
