set,r2_mean,r2_std,r2_ci_lower,r2_ci_upper,rmse_mean,rmse_std,rmse_ci_lower,rmse_ci_upper,mae_mean,mae_std,mae_ci_lower,mae_ci_upper,rho_mean,rho_std,rho_ci_lower,rho_ci_upper,r2_below_zero
VALIDATION,-0.012568855684441646,0.012739688672861117,-0.013821120769617234,-0.011316590599266058,1.3527855273616725,0.07581364391383408,1.3453333217630008,1.3602377329603441,1.0490989234449586,0.051745445570435505,1.0440125342506332,1.054185312639284,-0.10015994247643314,0.12240196878690798,-0.11219161105206506,-0.08812827390080123,0.915
