set,r2_mean,r2_std,r2_ci_lower,r2_ci_upper,rmse_mean,rmse_std,rmse_ci_lower,rmse_ci_upper,mae_mean,mae_std,mae_ci_lower,mae_ci_upper,rho_mean,rho_std,rho_ci_lower,rho_ci_upper,r2_below_zero
TEST,-0.008649893697063262,0.05381614461128509,-0.013939825079690802,-0.0033599623144357207,7.604986355262408,0.5134065766905793,7.554520355111343,7.655452355413473,6.4787256285198875,0.41067699034356936,6.438357573263734,6.519093683776041,0.06671131196320786,0.21462361987847015,0.04561459032978625,0.08780803359662946,0.5025
