set,r2_mean,r2_std,r2_ci_lower,r2_ci_upper,rmse_mean,rmse_std,rmse_ci_lower,rmse_ci_upper,mae_mean,mae_std,mae_ci_lower,mae_ci_upper,rho_mean,rho_std,rho_ci_lower,rho_ci_upper,r2_below_zero
VALIDATION,-0.0044086730979828945,0.030732752398753258,-0.007429590938957243,-0.0013877552570085452,7.543411021457944,0.31904515730879873,7.512050042288707,7.57477200062718,6.405094094745452,0.24563977652490795,6.380948597663742,6.429239591827163,0.05917920528934334,0.13425012976835682,0.04598290555971668,0.07237550501897,0.445
