set,r2_mean,r2_std,r2_ci_lower,r2_ci_upper,rmse_mean,rmse_std,rmse_ci_lower,rmse_ci_upper,mae_mean,mae_std,mae_ci_lower,mae_ci_upper,rho_mean,rho_std,rho_ci_lower,rho_ci_upper,r2_below_zero
VALIDATION,-0.013840404357436773,0.03933060164846257,-0.017706459524721944,-0.009974349190151603,3.471004799478136,0.19015267353875276,3.4523134829130275,3.4896961160432443,2.8467960077930288,0.12416030427626439,2.8345915012307015,2.859000514355356,0.0385771295212222,0.13766303113471523,0.025045353993875058,0.05210890504856934,0.5325
