set,r2_mean,r2_std,r2_ci_lower,r2_ci_upper,rmse_mean,rmse_std,rmse_ci_lower,rmse_ci_upper,mae_mean,mae_std,mae_ci_lower,mae_ci_upper,rho_mean,rho_std,rho_ci_lower,rho_ci_upper,r2_below_zero
TEST,-0.014873676346986837,0.05136711192020802,-0.01992287671881483,-0.009824475975158845,3.3797505860234383,0.2843239361800789,3.351802576672434,3.4076985953744425,2.7676654672475176,0.18613760972556867,2.7493688168596693,2.785962117635366,0.05013222106999078,0.20613061569598431,0.029870330873905136,0.07039411126607642,0.5875
