set,r2_mean,r2_std,r2_ci_lower,r2_ci_upper,rmse_mean,rmse_std,rmse_ci_lower,rmse_ci_upper,mae_mean,mae_std,mae_ci_lower,mae_ci_upper,rho_mean,rho_std,rho_ci_lower,rho_ci_upper,r2_below_zero
VALIDATION,-0.007759826865328497,0.014323296303015437,-0.009167754823811533,-0.006351898906845462,7.673574050232965,0.3159646719954532,7.642515871571837,7.704632228894092,6.523710943194714,0.23402716971981516,6.5007069231477494,6.546714963241678,0.0016895533673325833,0.1211768548993613,-0.010221690966692338,0.013600797701357503,0.7025
