set,r2_mean,r2_std,r2_ci_lower,r2_ci_upper,rmse_mean,rmse_std,rmse_ci_lower,rmse_ci_upper,mae_mean,mae_std,mae_ci_lower,mae_ci_upper,rho_mean,rho_std,rho_ci_lower,rho_ci_upper,r2_below_zero
TEST,-0.00854913049883157,0.020734858725146126,-0.010587291736072972,-0.006510969261590169,7.744878591271936,0.4944006909830459,7.696280800595651,7.793476381948222,6.5797890822711,0.38106319946185185,6.54233195500645,6.61724620953575,0.013549085907282953,0.18048912627288813,-0.004192339090556121,0.031290510905122026,0.6425
