set,r2_mean,r2_std,r2_ci_lower,r2_ci_upper,rmse_mean,rmse_std,rmse_ci_lower,rmse_ci_upper,mae_mean,mae_std,mae_ci_lower,mae_ci_upper,rho_mean,rho_std,rho_ci_lower,rho_ci_upper,r2_below_zero
TEST,-0.011521075448257834,0.011329425138819718,-0.012634716754632729,-0.01040743414188294,7.825664796127075,0.4818436199700539,7.778301319883853,7.873028272370298,6.708517059227569,0.3654063168272804,6.672598946609936,6.744435171845202,-0.1521729307619023,0.1753522051884257,-0.16940941509089458,-0.13493644643291003,0.865
