set,r2_mean,r2_std,r2_ci_lower,r2_ci_upper,rmse_mean,rmse_std,rmse_ci_lower,rmse_ci_upper,mae_mean,mae_std,mae_ci_lower,mae_ci_upper,rho_mean,rho_std,rho_ci_lower,rho_ci_upper,r2_below_zero
VALIDATION,-0.012532491347661828,0.008545931939382087,-0.013372525391097494,-0.011692457304226161,7.6453719874481685,0.3071900538442451,7.615176321853778,7.675567653042559,6.518067858398979,0.23247559814807028,6.495216352197238,6.54091936460072,-0.18189365301892343,0.11273701616178744,-0.19297529188558002,-0.17081201415226685,0.9775
