target,window,set,metric,mean,std,ci_lower,ci_upper,t_critical,df,significant
COG,T7W50,VALIDATION,R2,-0.015712,0.025434,-0.018212,-0.013212,1.9659,399,True
COG,T7W50,VALIDATION,RMSE,2.189245,0.188381,2.170728,2.207763,1.9659,399,True
COG,T7W50,VALIDATION,MAE,1.694301,0.125123,1.682002,1.706601,1.9659,399,True
COG,T7W50,VALIDATION,rho,-0.064359,0.125739,-0.076718,-0.051999,1.9659,399,True
COG,T7W50,TEST,R2,-0.016818,0.029641,-0.019732,-0.013905,1.9659,399,True
COG,T7W50,TEST,RMSE,2.160523,0.253589,2.135596,2.18545,1.9659,399,True
COG,T7W50,TEST,MAE,1.665133,0.166106,1.648806,1.681461,1.9659,399,True
COG,T7W50,TEST,rho,-0.052575,0.199491,-0.072184,-0.032966,1.9659,399,True
