set,r2_mean,r2_std,r2_ci_lower,r2_ci_upper,rmse_mean,rmse_std,rmse_ci_lower,rmse_ci_upper,mae_mean,mae_std,mae_ci_lower,mae_ci_upper,rho_mean,rho_std,rho_ci_lower,rho_ci_upper,r2_below_zero
VALIDATION,-0.015712088669661534,0.025434024552353385,-0.018212160825291205,-0.013212016514031864,2.1892453684719713,0.18838149217925604,2.170728152595896,2.2077625843480466,1.694301481200217,0.12512294748082045,1.682002350310286,1.706600612090148,-0.06435871725130206,0.12573853580701824,-0.07671835823590918,-0.05199907626669494,0.8825
