set,r2_mean,r2_std,r2_ci_lower,r2_ci_upper,rmse_mean,rmse_std,rmse_ci_lower,rmse_ci_upper,mae_mean,mae_std,mae_ci_lower,mae_ci_upper,rho_mean,rho_std,rho_ci_lower,rho_ci_upper,r2_below_zero
TEST,-0.016818359959757157,0.02964109419055572,-0.019731971767265925,-0.013904748152248389,2.1605227901012714,0.25358942023093445,2.135595871941834,2.1854497082607085,1.6651333214188202,0.16610599698742418,1.6488057057441337,1.6814609370935067,-0.052574837645745054,0.19949111918351428,-0.07218408947057889,-0.032965585820911227,0.7575
