set,r2_mean,r2_std,r2_ci_lower,r2_ci_upper,rmse_mean,rmse_std,rmse_ci_lower,rmse_ci_upper,mae_mean,mae_std,mae_ci_lower,mae_ci_upper,rho_mean,rho_std,rho_ci_lower,rho_ci_upper,r2_below_zero
TEST,-0.011407063273925554,0.024218660183285546,-0.013787669530173218,-0.00902645701767789,7.758224622876112,0.5012276786531135,7.708955764129351,7.807493481622872,6.588517250665748,0.3799016038417575,6.551174304027916,6.62586019730358,-0.0017063118433308722,0.19010645568761317,-0.020393085361683487,0.016980461675021742,0.6775
