set,r2_mean,r2_std,r2_ci_lower,r2_ci_upper,rmse_mean,rmse_std,rmse_ci_lower,rmse_ci_upper,mae_mean,mae_std,mae_ci_lower,mae_ci_upper,rho_mean,rho_std,rho_ci_lower,rho_ci_upper,r2_below_zero
VALIDATION,-0.008811709972699124,0.01994993438296003,-0.010772716000463705,-0.006850703944934542,7.62799261030671,0.31096364745874033,7.597426014177797,7.658559206435623,6.4986024943753735,0.22496855549557127,6.476488903176742,6.520716085574005,-0.004122506189857942,0.1279728212670289,-0.016701769313100766,0.00845675693338488,0.6475
