target,window,set,metric,mean,std,ci_lower,ci_upper,t_critical,df,significant
MOT_V4,T2W10,VALIDATION,R2,-0.012304,0.039937,-0.016229,-0.008378,1.9659,399,True
MOT_V4,T2W10,VALIDATION,RMSE,3.499555,0.163815,3.483453,3.515658,1.9659,399,True
MOT_V4,T2W10,VALIDATION,MAE,2.89418,0.123316,2.882059,2.906302,1.9659,399,True
MOT_V4,T2W10,VALIDATION,rho,0.009445,0.134245,-0.003751,0.022641,1.9659,399,False
MOT_V4,T2W10,TEST,R2,-0.016283,0.071572,-0.023318,-0.009247,1.9659,399,True
MOT_V4,T2W10,TEST,RMSE,3.466824,0.261778,3.441092,3.492556,1.9659,399,True
MOT_V4,T2W10,TEST,MAE,2.867971,0.192331,2.849066,2.886877,1.9659,399,True
MOT_V4,T2W10,TEST,rho,0.017794,0.196329,-0.001504,0.037092,1.9659,399,False
