set,r2_mean,r2_std,r2_ci_lower,r2_ci_upper,rmse_mean,rmse_std,rmse_ci_lower,rmse_ci_upper,mae_mean,mae_std,mae_ci_lower,mae_ci_upper,rho_mean,rho_std,rho_ci_lower,rho_ci_upper,r2_below_zero
VALIDATION,-0.012303651897023048,0.039936612811106165,-0.01622927575862191,-0.008378028035424189,3.49955536609276,0.16381523212604385,3.4834529242765497,3.5156578079089704,2.8941802549942834,0.12331614844717864,2.8820587258812767,2.9063017841072902,0.009445253464012078,0.13424502388440057,-0.003750544375782613,0.022641051303806767,0.665
