set,r2_mean,r2_std,r2_ci_lower,r2_ci_upper,rmse_mean,rmse_std,rmse_ci_lower,rmse_ci_upper,mae_mean,mae_std,mae_ci_lower,mae_ci_upper,rho_mean,rho_std,rho_ci_lower,rho_ci_upper,r2_below_zero
TEST,-0.016282765003527763,0.07157246164608143,-0.023318077802841855,-0.009247452204213668,3.466824008650725,0.26177834724104937,3.4410921487346133,3.4925558685668365,2.8679711943230903,0.1923305445916807,2.8490658009504846,2.886876587695696,0.017793981424069773,0.19632945061407436,-0.0015044898736982053,0.037092452721837754,0.6425
