set,r2_mean,r2_std,r2_ci_lower,r2_ci_upper,rmse_mean,rmse_std,rmse_ci_lower,rmse_ci_upper,mae_mean,mae_std,mae_ci_lower,mae_ci_upper,rho_mean,rho_std,rho_ci_lower,rho_ci_upper,r2_below_zero
VALIDATION,-0.005494666384274014,0.031109786931475432,-0.008552645349217528,-0.0024366874193305,3.4882915075019025,0.16364588758732657,3.4722057116382463,3.5043773033655587,2.8829457744669797,0.11908575080735728,2.871240078063609,2.8946514708703504,0.057481058651847994,0.13424838000699973,0.044284930917401995,0.07067718638629399,0.4275
