set,r2_mean,r2_std,r2_ci_lower,r2_ci_upper,rmse_mean,rmse_std,rmse_ci_lower,rmse_ci_upper,mae_mean,mae_std,mae_ci_lower,mae_ci_upper,rho_mean,rho_std,rho_ci_lower,rho_ci_upper,r2_below_zero
TEST,-0.008791054346436719,0.050796581109525236,-0.013784173613570455,-0.003797935079302984,3.4554519569728246,0.25391485373920497,3.4304930498825414,3.4804108640631077,2.857738911184605,0.18119867543871407,2.8399277400831213,2.8755500822860887,0.05967662271904293,0.1993156757833884,0.04008461634266893,0.07926862909541693,0.46
