set,r2_mean,r2_std,r2_ci_lower,r2_ci_upper,rmse_mean,rmse_std,rmse_ci_lower,rmse_ci_upper,mae_mean,mae_std,mae_ci_lower,mae_ci_upper,rho_mean,rho_std,rho_ci_lower,rho_ci_upper,r2_below_zero
VALIDATION,-0.019524664195670866,0.04155760245913351,-0.023609625447042832,-0.015439702944298899,2.2577001063112174,0.18329549831462771,2.23968282514341,2.2757173874790246,1.7600827163810344,0.12634458715922717,1.7476635027516254,1.7725019300104434,0.02060931418567442,0.13162431748668424,0.0076711222579729805,0.03354750611337586,0.705
