set,r2_mean,r2_std,r2_ci_lower,r2_ci_upper,rmse_mean,rmse_std,rmse_ci_lower,rmse_ci_upper,mae_mean,mae_std,mae_ci_lower,mae_ci_upper,rho_mean,rho_std,rho_ci_lower,rho_ci_upper,r2_below_zero
TEST,-0.017640690287539208,0.03990645495372027,-0.021563349741386996,-0.01371803083369142,2.1964314557296456,0.2668973717980684,2.1701964143082773,2.222666497151014,1.7302023102608624,0.1771060317785494,1.7127934311535782,1.7476111893681465,0.03369205337323611,0.18351815246364928,0.0156528861119732,0.05173122063449902,0.6675
