{
  "best_trial_number": 187,
  "best_value_internal_minimized": 2.792392805295586,
  "best_params": {
    "regressor": "KNeighborsRegressor",
    "knn_n_neighbors": 20,
    "knn_weights": "distance",
    "knn_metric": "manhattan",
    "rfe_proxy_type": "ExtraTrees",
    "rfe_proxy_et_n_estimators": 50,
    "rfe_proxy_et_max_depth": 7,
    "rfe_proxy_et_min_samples_split": 8,
    "rfe_proxy_et_min_samples_leaf": 3,
    "rfe_n_features": 8
  },
  "best_metadata": {
    "regressor": "KNeighborsRegressor",
    "use_scaler": true,
    "rfe_estimator": {
      "mode": "proxy",
      "type": "ExtraTrees"
    },
    "n_candidate_features": 13,
    "rfe_n_features": 8,
    "rfe_selected_features": [
      "nodes_T2W20",
      "re_T2W20",
      "pe_T2W20",
      "l1_T2W20",
      "l2_T2W20",
      "l3_T2W20",
      "lsc_T2W20",
      "asp_T2W20"
    ]
  },
  "validation_summary": {
    "n_splits_val": 400,
    "mae_mean_val": 2.805002508369532,
    "mae_std_val": 0.13702071297061236,
    "mae_ci_lower_val": 2.7915338703827586,
    "mae_ci_upper_val": 2.818471146356305,
    "mae_samperror_val": 0.013468637986773365,
    "mae_t_critical_val": 1.965927295920882,
    "mae_df_val": 399,
    "d2mae_mean_val": -0.0017558081153313662,
    "d2mae_std_val": 0.03508061436080723,
    "d2mae_ci_lower_val": -0.0052041049818106165,
    "d2mae_ci_upper_val": 0.0016924887511478841,
    "d2mae_samperror_val": 0.0034482968664792503,
    "d2mae_t_critical_val": 1.965927295920882,
    "d2mae_df_val": 399,
    "rmse_mean_val": 3.4510447500207304,
    "rmse_std_val": 0.19223802550980318,
    "rmse_ci_lower_val": 3.4321484509375475,
    "rmse_ci_upper_val": 3.4699410491039133,
    "rmse_samperror_val": 0.018896299083182844,
    "rmse_t_critical_val": 1.965927295920882,
    "rmse_df_val": 399,
    "mape_mean_val": 891692643258889.9,
    "mape_std_val": 546135127104864.5,
    "mape_ci_lower_val": 838009545577056.2,
    "mape_ci_upper_val": 945375740940723.5,
    "mape_samperror_val": 53683097681833.68,
    "mape_t_critical_val": 1.965927295920882,
    "mape_df_val": 399,
    "r2_mean_val": -0.0034274691149594073,
    "r2_std_val": 0.06120178042868642,
    "r2_ci_lower_val": -0.00944338165014496,
    "r2_ci_upper_val": 0.002588443420226145,
    "r2_samperror_val": 0.006015912535185552,
    "r2_t_critical_val": 1.965927295920882,
    "r2_df_val": 399,
    "median_ae_mean_val": 2.4643829533037156,
    "median_ae_std_val": 0.22570854689285055,
    "median_ae_ci_lower_val": 2.442196623640751,
    "median_ae_ci_upper_val": 2.48656928296668,
    "median_ae_samperror_val": 0.022186329662964663,
    "median_ae_t_critical_val": 1.965927295920882,
    "median_ae_df_val": 399,
    "max_error_mean_val": 8.691809881469087,
    "max_error_std_val": 1.3082172994997632,
    "max_error_ci_lower_val": 8.563216876564963,
    "max_error_ci_upper_val": 8.820402886373211,
    "max_error_samperror_val": 0.1285930049041244,
    "max_error_t_critical_val": 1.965927295920882,
    "max_error_df_val": 399,
    "rho_mean_val": 0.1399537102564209,
    "rho_std_val": 0.11982065695823355,
    "rho_ci_lower_val": 0.12817577524995272,
    "rho_ci_upper_val": 0.15173164526288907,
    "rho_samperror_val": 0.011777935006468183,
    "rho_t_critical_val": 1.965927295920882,
    "rho_df_val": 399,
    "r2_below_zero_val": 0.485
  },
  "test_summary": {
    "n_splits_test": 400,
    "mae_mean_test": 2.8758899588227984,
    "mae_std_test": 0.23694254903889725,
    "mae_ci_lower_test": 2.8525993675867665,
    "mae_ci_upper_test": 2.8991805500588304,
    "mae_samperror_test": 0.023290591236032013,
    "mae_t_critical_test": 1.965927295920882,
    "mae_df_test": 399,
    "d2mae_mean_test": -0.004350852113734166,
    "d2mae_std_test": 0.056603133897306694,
    "d2mae_ci_lower_test": -0.009914734411903155,
    "d2mae_ci_upper_test": 0.0012130301844348228,
    "d2mae_samperror_test": 0.005563882298168989,
    "d2mae_t_critical_test": 1.965927295920882,
    "d2mae_df_test": 399,
    "rmse_mean_test": 3.524511932120508,
    "rmse_std_test": 0.3059283977240442,
    "rmse_ci_lower_test": 3.494440282736356,
    "rmse_ci_upper_test": 3.5545835815046596,
    "rmse_samperror_test": 0.030071649384151914,
    "rmse_t_critical_test": 1.965927295920882,
    "rmse_df_test": 399,
    "mape_mean_test": 800500020861215.2,
    "mape_std_test": 798622745660983.0,
    "mape_ci_lower_test": 721998308119304.9,
    "mape_ci_upper_test": 879001733603125.6,
    "mape_samperror_test": 78501712741910.33,
    "mape_t_critical_test": 1.965927295920882,
    "mape_df_test": 399,
    "r2_mean_test": -0.0033785803398620694,
    "r2_std_test": 0.09386034140846178,
    "r2_ci_lower_test": -0.012604710698829473,
    "r2_ci_upper_test": 0.005847550019105334,
    "r2_samperror_test": 0.009226130358967403,
    "r2_t_critical_test": 1.965927295920882,
    "r2_df_test": 399,
    "median_ae_mean_test": 2.5280909892889367,
    "median_ae_std_test": 0.3356433707945863,
    "median_ae_ci_lower_test": 2.495098466071938,
    "median_ae_ci_upper_test": 2.5610835125059355,
    "median_ae_samperror_test": 0.03299252321699855,
    "median_ae_t_critical_test": 1.965927295920882,
    "median_ae_df_test": 399,
    "max_error_mean_test": 7.8759342224945295,
    "max_error_std_test": 1.4463011338032876,
    "max_error_ci_lower_test": 7.733768078641269,
    "max_error_ci_upper_test": 8.01810036634779,
    "max_error_samperror_test": 0.14216614385326015,
    "max_error_t_critical_test": 1.965927295920882,
    "max_error_df_test": 399,
    "rho_mean_test": 0.1402054918698037,
    "rho_std_test": 0.19810079393953725,
    "rho_ci_lower_test": 0.12073290396233698,
    "rho_ci_upper_test": 0.15967807977727042,
    "rho_samperror_test": 0.019472587907466716,
    "rho_t_critical_test": 1.965927295920882,
    "rho_df_test": 399,
    "r2_below_zero_test": 0.4875
  },
  "selected_features": [
    "nodes_T2W20",
    "re_T2W20",
    "pe_T2W20",
    "l1_T2W20",
    "l2_T2W20",
    "l3_T2W20",
    "lsc_T2W20",
    "asp_T2W20"
  ]
}