{
  "best_trial_number": 188,
  "best_value_internal_minimized": 2.771985736573964,
  "best_params": {
    "regressor": "QuantileRegressor",
    "use_scaler": true,
    "quantile_alpha": 0.009610996297600935,
    "rfe_n_features": 3
  },
  "best_metadata": {
    "regressor": "QuantileRegressor",
    "use_scaler": true,
    "rfe_estimator": {
      "mode": "original",
      "type": "QuantileRegressor"
    },
    "n_candidate_features": 13,
    "rfe_n_features": 3,
    "rfe_selected_features": [
      "pe_T2W20",
      "l2_T2W20",
      "atd_T2W20"
    ]
  },
  "validation_summary": {
    "n_splits_val": 400,
    "mae_mean_val": 2.7814579762787757,
    "mae_std_val": 0.11590241733001652,
    "mae_ci_lower_val": 2.770065189984161,
    "mae_ci_upper_val": 2.7928507625733903,
    "mae_samperror_val": 0.011392786294614647,
    "mae_t_critical_val": 1.965927295920882,
    "mae_df_val": 399,
    "d2mae_mean_val": 0.006654939967324057,
    "d2mae_std_val": 0.024113459396416796,
    "d2mae_ci_lower_val": 0.004284674565999274,
    "d2mae_ci_upper_val": 0.00902520536864884,
    "d2mae_samperror_val": 0.0023702654013247827,
    "d2mae_t_critical_val": 1.965927295920882,
    "d2mae_df_val": 399,
    "rmse_mean_val": 3.448660399991544,
    "rmse_std_val": 0.16407672169031334,
    "rmse_ci_lower_val": 3.432532254701734,
    "rmse_ci_upper_val": 3.4647885452813543,
    "rmse_samperror_val": 0.016128145289810044,
    "rmse_t_critical_val": 1.965927295920882,
    "rmse_df_val": 399,
    "mape_mean_val": 892125704871084.0,
    "mape_std_val": 535353362563979.56,
    "mape_ci_lower_val": 839502415449706.2,
    "mape_ci_upper_val": 944748994292461.8,
    "mape_samperror_val": 52623289421377.79,
    "mape_t_critical_val": 1.965927295920882,
    "mape_df_val": 399,
    "r2_mean_val": -0.0021660942194549767,
    "r2_std_val": 0.05193037584420965,
    "r2_ci_lower_val": -0.007270661387433085,
    "r2_ci_upper_val": 0.0029384729485231313,
    "r2_samperror_val": 0.005104567167978108,
    "r2_t_critical_val": 1.965927295920882,
    "r2_df_val": 399,
    "median_ae_mean_val": 2.496001111046513,
    "median_ae_std_val": 0.23997183675889222,
    "median_ae_ci_lower_val": 2.472412751839684,
    "median_ae_ci_upper_val": 2.519589470253342,
    "median_ae_samperror_val": 0.023588359206828814,
    "median_ae_t_critical_val": 1.965927295920882,
    "median_ae_df_val": 399,
    "max_error_mean_val": 8.562444013538505,
    "max_error_std_val": 0.9766262797939389,
    "max_error_ci_lower_val": 8.466445200470476,
    "max_error_ci_upper_val": 8.658442826606533,
    "max_error_samperror_val": 0.09599881306802845,
    "max_error_t_critical_val": 1.965927295920882,
    "max_error_df_val": 399,
    "rho_mean_val": 0.1045495555729216,
    "rho_std_val": 0.12471498093747617,
    "rho_ci_lower_val": 0.09219696237286991,
    "rho_ci_upper_val": 0.1169021487729733,
    "rho_samperror_val": 0.012352593200051689,
    "rho_t_critical_val": 1.9660186149090502,
    "rho_df_val": 393,
    "r2_below_zero_val": 0.49
  },
  "test_summary": {
    "n_splits_test": 400,
    "mae_mean_test": 2.8491283880170095,
    "mae_std_test": 0.18373031631126246,
    "mae_ci_lower_test": 2.831068365820785,
    "mae_ci_upper_test": 2.867188410213234,
    "mae_samperror_test": 0.018060022196224428,
    "mae_t_critical_test": 1.965927295920882,
    "mae_df_test": 399,
    "d2mae_mean_test": 0.004732107578302426,
    "d2mae_std_test": 0.0325661055873319,
    "d2mae_ci_lower_test": 0.0015309777835035591,
    "d2mae_ci_upper_test": 0.007933237373101292,
    "d2mae_samperror_test": 0.003201129794798867,
    "d2mae_t_critical_test": 1.965927295920882,
    "d2mae_df_test": 399,
    "rmse_mean_test": 3.5316376362320794,
    "rmse_std_test": 0.26221387218887354,
    "rmse_ci_lower_test": 3.5058629657968186,
    "rmse_ci_upper_test": 3.55741230666734,
    "rmse_samperror_test": 0.025774670435260796,
    "rmse_t_critical_test": 1.965927295920882,
    "rmse_df_test": 399,
    "mape_mean_test": 804624684227693.0,
    "mape_std_test": 789888660327788.4,
    "mape_ci_lower_test": 726981500323854.1,
    "mape_ci_upper_test": 882267868131531.9,
    "mape_samperror_test": 77643183903838.86,
    "mape_t_critical_test": 1.965927295920882,
    "mape_df_test": 399,
    "r2_mean_test": -0.006729110447703846,
    "r2_std_test": 0.058045892309098866,
    "r2_ci_lower_test": -0.012434810653030919,
    "r2_ci_upper_test": -0.0010234102423767738,
    "r2_samperror_test": 0.005705700205327072,
    "r2_t_critical_test": 1.965927295920882,
    "r2_df_test": 399,
    "median_ae_mean_test": 2.546541754206526,
    "median_ae_std_test": 0.33436462528551747,
    "median_ae_ci_lower_test": 2.513674927024568,
    "median_ae_ci_upper_test": 2.579408581388484,
    "median_ae_samperror_test": 0.03286682718195781,
    "median_ae_t_critical_test": 1.965927295920882,
    "median_ae_df_test": 399,
    "max_error_mean_test": 7.955086134479149,
    "max_error_std_test": 1.1205022171651142,
    "max_error_ci_lower_test": 7.844944839785911,
    "max_error_ci_upper_test": 8.065227429172388,
    "max_error_samperror_test": 0.1101412946932383,
    "max_error_t_critical_test": 1.965927295920882,
    "max_error_df_test": 399,
    "rho_mean_test": 0.09862948580884164,
    "rho_std_test": 0.20194756777873898,
    "rho_ci_lower_test": 0.07862726848291153,
    "rho_ci_upper_test": 0.11863170313477174,
    "rho_samperror_test": 0.020002217325930105,
    "rho_t_critical_test": 1.9660186149090502,
    "rho_df_test": 393,
    "r2_below_zero_test": 0.545
  },
  "selected_features": [
    "pe_T2W20",
    "l2_T2W20",
    "atd_T2W20"
  ]
}