{
  "best_trial_number": 551,
  "best_value_internal_minimized": 2.7631083646765524,
  "best_params": {
    "regressor": "QuantileRegressor",
    "use_scaler": true,
    "quantile_alpha": 0.013654808495086095,
    "rfe_n_features": 2
  },
  "best_metadata": {
    "regressor": "QuantileRegressor",
    "use_scaler": true,
    "rfe_estimator": {
      "mode": "original",
      "type": "QuantileRegressor"
    },
    "n_candidate_features": 13,
    "rfe_n_features": 2,
    "rfe_selected_features": [
      "pe_T2W20",
      "l2_T2W20"
    ]
  },
  "validation_summary": {
    "n_splits_val": 400,
    "mae_mean_val": 2.7720133506453073,
    "mae_std_val": 0.10974555573724791,
    "mae_ci_lower_val": 2.7612257614638143,
    "mae_ci_upper_val": 2.7828009398268003,
    "mae_samperror_val": 0.01078758918149311,
    "mae_t_critical_val": 1.965927295920882,
    "mae_df_val": 399,
    "d2mae_mean_val": 0.01005065248513005,
    "d2mae_std_val": 0.018881460324870994,
    "d2mae_ci_lower_val": 0.008194673573154496,
    "d2mae_ci_upper_val": 0.011906631397105603,
    "d2mae_samperror_val": 0.0018559789119755527,
    "d2mae_t_critical_val": 1.965927295920882,
    "d2mae_df_val": 399,
    "rmse_mean_val": 3.4405266177082474,
    "rmse_std_val": 0.1574364709893735,
    "rmse_ci_lower_val": 3.425051184923674,
    "rmse_ci_upper_val": 3.456002050492821,
    "rmse_samperror_val": 0.015475432784573272,
    "rmse_t_critical_val": 1.965927295920882,
    "rmse_df_val": 399,
    "mape_mean_val": 891621933278434.2,
    "mape_std_val": 535297259534932.6,
    "mape_ci_lower_val": 839004158580865.8,
    "mape_ci_upper_val": 944239707976002.8,
    "mape_samperror_val": 52617774697568.44,
    "mape_t_critical_val": 1.965927295920882,
    "mape_df_val": 399,
    "r2_mean_val": 0.002944158729084918,
    "r2_std_val": 0.03438027542243651,
    "r2_ci_lower_val": -0.0004352973656273707,
    "r2_ci_upper_val": 0.006323614823797207,
    "r2_samperror_val": 0.0033794560947122887,
    "r2_t_critical_val": 1.965927295920882,
    "r2_df_val": 399,
    "median_ae_mean_val": 2.4873751076051254,
    "median_ae_std_val": 0.2495462668384234,
    "median_ae_ci_lower_val": 2.4628456167264847,
    "median_ae_ci_upper_val": 2.511904598483766,
    "median_ae_samperror_val": 0.02452949087864063,
    "median_ae_t_critical_val": 1.965927295920882,
    "median_ae_df_val": 399,
    "max_error_mean_val": 8.535830848989017,
    "max_error_std_val": 0.9107414154636386,
    "max_error_ci_lower_val": 8.446308278579737,
    "max_error_ci_upper_val": 8.625353419398296,
    "max_error_samperror_val": 0.08952257040927938,
    "max_error_t_critical_val": 1.965927295920882,
    "max_error_df_val": 399,
    "rho_mean_val": 0.11249281963405358,
    "rho_std_val": 0.12220346733642781,
    "rho_ci_lower_val": 0.10031095858515351,
    "rho_ci_upper_val": 0.12467468068295365,
    "rho_samperror_val": 0.012181861048900063,
    "rho_t_critical_val": 1.9660968781378336,
    "rho_df_val": 388,
    "r2_below_zero_val": 0.465
  },
  "test_summary": {
    "n_splits_test": 400,
    "mae_mean_test": 2.83943690028157,
    "mae_std_test": 0.18172681361976362,
    "mae_ci_lower_test": 2.821573815116779,
    "mae_ci_upper_test": 2.8572999854463608,
    "mae_samperror_test": 0.017863085164791,
    "mae_t_critical_test": 1.965927295920882,
    "mae_df_test": 399,
    "d2mae_mean_test": 0.00819362604511126,
    "d2mae_std_test": 0.02898037213892778,
    "d2mae_ci_lower_test": 0.005344960813418101,
    "d2mae_ci_upper_test": 0.011042291276804417,
    "d2mae_samperror_test": 0.002848665231693158,
    "d2mae_t_critical_test": 1.965927295920882,
    "d2mae_df_test": 399,
    "rmse_mean_test": 3.5249773960933117,
    "rmse_std_test": 0.2627569350760652,
    "rmse_ci_lower_test": 3.4991493445503843,
    "rmse_ci_upper_test": 3.550805447636239,
    "rmse_samperror_test": 0.025828051542927378,
    "rmse_t_critical_test": 1.965927295920882,
    "rmse_df_test": 399,
    "mape_mean_test": 804095855467573.0,
    "mape_std_test": 789388122009394.2,
    "mape_ci_lower_test": 726501872660873.4,
    "mape_ci_upper_test": 881689838274272.6,
    "mape_samperror_test": 77593982806699.58,
    "mape_t_critical_test": 1.965927295920882,
    "mape_df_test": 399,
    "r2_mean_test": -0.00257077994877983,
    "r2_std_test": 0.05135375760113038,
    "r2_ci_lower_test": -0.0076186676395881645,
    "r2_ci_upper_test": 0.0024771077420285043,
    "r2_samperror_test": 0.005047887690808334,
    "r2_t_critical_test": 1.965927295920882,
    "r2_df_test": 399,
    "median_ae_mean_test": 2.5317709356606595,
    "median_ae_std_test": 0.32566214085351247,
    "median_ae_ci_lower_test": 2.499759531063062,
    "median_ae_ci_upper_test": 2.563782340258257,
    "median_ae_samperror_test": 0.03201140459759756,
    "median_ae_t_critical_test": 1.965927295920882,
    "median_ae_df_test": 399,
    "max_error_mean_test": 7.9555250353053495,
    "max_error_std_test": 1.1236757832191446,
    "max_error_ci_lower_test": 7.84507179060556,
    "max_error_ci_upper_test": 8.065978280005139,
    "max_error_samperror_test": 0.11045324469978961,
    "max_error_t_critical_test": 1.965927295920882,
    "max_error_df_test": 399,
    "rho_mean_test": 0.10642379371961536,
    "rho_std_test": 0.19764253387321182,
    "rho_ci_lower_test": 0.08672178413286863,
    "rho_ci_upper_test": 0.12612580330636208,
    "rho_samperror_test": 0.019702009586746724,
    "rho_t_critical_test": 1.9660968781378336,
    "rho_df_test": 388,
    "r2_below_zero_test": 0.5275
  },
  "selected_features": [
    "pe_T2W20",
    "l2_T2W20"
  ]
}