{
  "mean_abs_shap": {
    "nodes_T2W20": 0.4569034503179756,
    "re_T2W20": 0.34471867608250767,
    "pe_T2W20": 0.37224317754640196,
    "l1_T2W20": 0.319469275329573,
    "l2_T2W20": 0.341043155447618,
    "l3_T2W20": 0.366836154813664,
    "lsc_T2W20": 0.5512844477254626,
    "asp_T2W20": 0.35090966164676796
  },
  "mean_shap": {
    "nodes_T2W20": -0.044906053201241934,
    "re_T2W20": -0.07373387891377058,
    "pe_T2W20": -0.10106179320688798,
    "l1_T2W20": -0.06342753489610399,
    "l2_T2W20": -0.0964503481039666,
    "l3_T2W20": -0.0684118495074246,
    "lsc_T2W20": -0.05015827047244328,
    "asp_T2W20": -0.0447194700103979
  },
  "regressor": "KNeighborsRegressor",
  "n_subjects": 237,
  "n_features": 8
}