{
  "mean_abs_shap": {
    "pe_T2W20": 0.10522809113180719,
    "l2_T2W20": 0.25582963664717473,
    "atd_T2W20": 0.0
  },
  "mean_shap": {
    "pe_T2W20": -0.036993582983723,
    "l2_T2W20": -0.05231474284503208,
    "atd_T2W20": 0.0
  },
  "regressor": "QuantileRegressor",
  "n_subjects": 237,
  "n_features": 3
}