set,r2_mean,r2_std,r2_ci_lower,r2_ci_upper,rmse_mean,rmse_std,rmse_ci_lower,rmse_ci_upper,mae_mean,mae_std,mae_ci_lower,mae_ci_upper,rho_mean,rho_std,rho_ci_lower,rho_ci_upper,r2_below_zero
VALIDATION,-0.03099811945194041,0.10010833305200781,-0.04083840467674445,-0.021157834227136373,1.3491280271816073,0.1001748345353995,1.3392812051027323,1.3589748492604823,1.0526833568131224,0.07546045870548565,1.0452658680365312,1.0601008455897136,0.11993975624971846,0.136677703847562,0.10650483481283284,0.1333746776866041,0.485
