set,r2_mean,r2_std,r2_ci_lower,r2_ci_upper,rmse_mean,rmse_std,rmse_ci_lower,rmse_ci_upper,mae_mean,mae_std,mae_ci_lower,mae_ci_upper,rho_mean,rho_std,rho_ci_lower,rho_ci_upper,r2_below_zero
TEST,-0.013936493845035574,0.12293787309463865,-0.026020839865995946,-0.0018521478240752006,1.3321763211257325,0.12129535607309432,1.3202534285571055,1.3440992136943595,1.03435279052257,0.08981687512769207,1.0255241182001777,1.0431814628449623,0.12662502618813357,0.2051007779367364,0.10646436530011169,0.14678568707615544,0.4275
