set,r2_mean,r2_std,r2_ci_lower,r2_ci_upper,rmse_mean,rmse_std,rmse_ci_lower,rmse_ci_upper,mae_mean,mae_std,mae_ci_lower,mae_ci_upper,rho_mean,rho_std,rho_ci_lower,rho_ci_upper,r2_below_zero
TEST,-0.007704944517867021,0.04717653498288586,-0.012342226410358106,-0.0030676626253759364,3.346469921175773,0.26971044904548963,3.3199583644870927,3.372981477864453,2.762775989920119,0.18000274321513102,2.745082374608756,2.7804696052314823,0.07187046032041328,0.20416070611519196,0.05180220507509642,0.09193871556573013,0.49
