set,r2_mean,r2_std,r2_ci_lower,r2_ci_upper,rmse_mean,rmse_std,rmse_ci_lower,rmse_ci_upper,mae_mean,mae_std,mae_ci_lower,mae_ci_upper,rho_mean,rho_std,rho_ci_lower,rho_ci_upper,r2_below_zero
VALIDATION,-0.004715161216243835,0.03779462749747799,-0.00843023570806653,-0.0010000867244211401,3.4585945871661505,0.20093548538338576,3.438843359394435,3.478345814937866,2.842384216791849,0.13322166554840353,2.8292890113563667,2.855479422227331,0.05901671435905767,0.12947056779669663,0.046290228196562616,0.07174320052155272,0.385
