set,r2_mean,r2_std,r2_ci_lower,r2_ci_upper,rmse_mean,rmse_std,rmse_ci_lower,rmse_ci_upper,mae_mean,mae_std,mae_ci_lower,mae_ci_upper,rho_mean,rho_std,rho_ci_lower,rho_ci_upper,r2_below_zero
VALIDATION,5.376073024744299e-06,0.04090121187699743,-0.004015064370236887,0.0040258165162863745,7.723418127803889,0.3325524728931035,7.690729428614562,7.756106826993216,6.583062673427903,0.2680022273097075,6.556719028726115,6.6094063181296905,0.11566435921117835,0.13161811701731888,0.10272677676707555,0.12860194165528113,0.375
