set,r2_mean,r2_std,r2_ci_lower,r2_ci_upper,rmse_mean,rmse_std,rmse_ci_lower,rmse_ci_upper,mae_mean,mae_std,mae_ci_lower,mae_ci_upper,rho_mean,rho_std,rho_ci_lower,rho_ci_upper,r2_below_zero
TEST,-0.0011500739378539823,0.062256461387963244,-0.007269657777356052,0.0049695099016480865,7.692654330323641,0.5364064085026451,7.639927530314529,7.7453811303327535,6.567494702195172,0.44624561921579725,6.5236303800201,6.611359024370245,0.11699139692948797,0.19556515086566872,0.0977680535186028,0.13621474034037315,0.425
