set,r2_mean,r2_std,r2_ci_lower,r2_ci_upper,rmse_mean,rmse_std,rmse_ci_lower,rmse_ci_upper,mae_mean,mae_std,mae_ci_lower,mae_ci_upper,rho_mean,rho_std,rho_ci_lower,rho_ci_upper,r2_below_zero
VALIDATION,-8.544774704651055e+17,1.2648600209089694e+19,-2.097788890777106e+18,3.888339498468947e+17,225917158.71561992,1182270417.4162683,109704274.4776991,342130042.95354074,31634730.688174713,165550971.98082197,15361671.954008162,47907789.422341265,-0.010230812238580694,0.12659961094401462,-0.022675093778970812,0.002213469301809422,0.75
