set,r2_mean,r2_std,r2_ci_lower,r2_ci_upper,rmse_mean,rmse_std,rmse_ci_lower,rmse_ci_upper,mae_mean,mae_std,mae_ci_lower,mae_ci_upper,rho_mean,rho_std,rho_ci_lower,rho_ci_upper,r2_below_zero
TEST,-1.1982419604215488e+17,1.5161937781394294e+18,-2.6886053275964058e+17,2.9212140675330816e+16,76637165.95314698,440621118.11475736,33325711.79009796,119948620.116196,15327433.98557148,88124223.66637553,6665143.148693247,23989724.822449714,-0.04262980472730051,0.1845315374294982,-0.060768584046845334,-0.024491025407755693,0.7725
