set,r2_mean,r2_std,r2_ci_lower,r2_ci_upper,rmse_mean,rmse_std,rmse_ci_lower,rmse_ci_upper,mae_mean,mae_std,mae_ci_lower,mae_ci_upper,rho_mean,rho_std,rho_ci_lower,rho_ci_upper,r2_below_zero
VALIDATION,-0.0075926924785169984,0.0228190985589537,-0.009835726914784796,-0.005349658042249202,7.646311443533047,0.3262417956866459,7.614243060972515,7.678379826093578,6.498688587677716,0.2412548610791248,6.474974111844263,6.5224030635111685,0.02315743645501942,0.11909327848351982,0.011451000108446489,0.03486387280159235,0.575
