set,r2_mean,r2_std,r2_ci_lower,r2_ci_upper,rmse_mean,rmse_std,rmse_ci_lower,rmse_ci_upper,mae_mean,mae_std,mae_ci_lower,mae_ci_upper,rho_mean,rho_std,rho_ci_lower,rho_ci_upper,r2_below_zero
TEST,-0.010829850664375543,0.028065868096646497,-0.013588623473121161,-0.008071077855629924,7.750127668735654,0.5147881296553086,7.699525866950383,7.800729470520926,6.567705016425081,0.39144649054794467,6.529227249392049,6.606182783458113,0.03983652788940467,0.19147225044512584,0.021015501711331066,0.058657554067478274,0.62
