set,r2_mean,r2_std,r2_ci_lower,r2_ci_upper,rmse_mean,rmse_std,rmse_ci_lower,rmse_ci_upper,mae_mean,mae_std,mae_ci_lower,mae_ci_upper,rho_mean,rho_std,rho_ci_lower,rho_ci_upper,r2_below_zero
VALIDATION,-0.014013875382992126,0.030011488457337577,-0.016963895600466846,-0.011063855165517406,3.520792376207753,0.17936188965138974,3.5031617544720723,3.538422997943434,2.936767199038469,0.11694277701291407,2.9252721491689453,2.9482622489079926,0.03904785714916672,0.11824021115831564,0.027425274219587643,0.0506704400787458,0.635
