set,r2_mean,r2_std,r2_ci_lower,r2_ci_upper,rmse_mean,rmse_std,rmse_ci_lower,rmse_ci_upper,mae_mean,mae_std,mae_ci_lower,mae_ci_upper,rho_mean,rho_std,rho_ci_lower,rho_ci_upper,r2_below_zero
TEST,-0.013880397021270054,0.037503808936084106,-0.017566885105692515,-0.010193908936847592,3.510256857921913,0.27569293052042637,3.4831572450517867,3.5373564707920395,2.917822143284769,0.18199503842809037,2.8999326925963715,2.9357115939731666,0.05501951407839882,0.1924496587148496,0.03610241222048978,0.07393661593630786,0.58
