{
  "best_trial_number": 1,
  "best_value_internal_minimized": 6.432301047622041,
  "best_params": {
    "regressor": "LinearRegression",
    "use_scaler": false,
    "rfe_n_features": 3
  },
  "best_metadata": {
    "regressor": "LinearRegression",
    "use_scaler": false,
    "rfe_estimator": {
      "mode": "original",
      "type": "LinearRegression"
    },
    "n_candidate_features": 9,
    "rfe_n_features": 3,
    "rfe_selected_features": [
      "z_pe_T2W20",
      "z_density_T2W20",
      "z_asp_T2W20"
    ]
  },
  "validation_summary": {
    "n_splits_val": 400,
    "mae_mean_val": 6.409423893483645,
    "mae_std_val": 0.315317400126922,
    "mae_ci_lower_val": 6.378429339294229,
    "mae_ci_upper_val": 6.440418447673061,
    "mae_samperror_val": 0.030994554189416126,
    "mae_t_critical_val": 1.965927295920882,
    "mae_df_val": 399,
    "d2mae_mean_val": 0.022296405585404945,
    "d2mae_std_val": 0.038189049714799674,
    "d2mae_ci_lower_val": 0.01854256082342473,
    "d2mae_ci_upper_val": 0.02605025034738516,
    "d2mae_samperror_val": 0.0037538447619802125,
    "d2mae_t_critical_val": 1.965927295920882,
    "d2mae_df_val": 399,
    "rmse_mean_val": 7.584775554532904,
    "rmse_std_val": 0.3674191379252319,
    "rmse_ci_lower_val": 7.548659588918357,
    "rmse_ci_upper_val": 7.62089152014745,
    "rmse_samperror_val": 0.036115965614546636,
    "rmse_t_critical_val": 1.965927295920882,
    "rmse_df_val": 399,
    "mape_mean_val": 258158372673478.1,
    "mape_std_val": 542736208278941.8,
    "mape_ci_lower_val": 204809376356469.47,
    "mape_ci_upper_val": 311507368990486.75,
    "mape_samperror_val": 53348996317008.63,
    "mape_t_critical_val": 1.965927295920882,
    "mape_df_val": 399,
    "r2_mean_val": 0.03501175468986143,
    "r2_std_val": 0.059945996348347914,
    "r2_ci_lower_val": 0.029119281164741898,
    "r2_ci_upper_val": 0.040904228214980964,
    "r2_samperror_val": 0.005892473525119534,
    "r2_t_critical_val": 1.965927295920882,
    "r2_df_val": 399,
    "median_ae_mean_val": 6.204601472187703,
    "median_ae_std_val": 0.40582801732894014,
    "median_ae_ci_lower_val": 6.164710053351882,
    "median_ae_ci_upper_val": 6.2444928910235245,
    "median_ae_samperror_val": 0.039891418835820806,
    "median_ae_t_critical_val": 1.965927295920882,
    "median_ae_df_val": 399,
    "max_error_mean_val": 16.70364139032859,
    "max_error_std_val": 1.562792776812441,
    "max_error_ci_lower_val": 16.55002454143841,
    "max_error_ci_upper_val": 16.857258239218766,
    "max_error_samperror_val": 0.15361684889017843,
    "max_error_t_critical_val": 1.965927295920882,
    "max_error_df_val": 399,
    "rho_mean_val": 0.17265589427375932,
    "rho_std_val": 0.1290537627184215,
    "rho_ci_lower_val": 0.15997037853528726,
    "rho_ci_upper_val": 0.1853414100122314,
    "rho_samperror_val": 0.012685515738472077,
    "rho_t_critical_val": 1.965927295920882,
    "rho_df_val": 399,
    "r2_below_zero_val": 0.2425
  },
  "test_summary": {
    "n_splits_test": 400,
    "mae_mean_test": 6.400147822195565,
    "mae_std_test": 0.5168054991564618,
    "mae_ci_lower_test": 6.34934772032188,
    "mae_ci_upper_test": 6.450947924069251,
    "mae_samperror_test": 0.05080010187368523,
    "mae_t_critical_test": 1.965927295920882,
    "mae_df_test": 399,
    "d2mae_mean_test": 0.018013396856111596,
    "d2mae_std_test": 0.05483076182560246,
    "d2mae_ci_lower_test": 0.012623732289657167,
    "d2mae_ci_upper_test": 0.023403061422566027,
    "d2mae_samperror_test": 0.005389664566454429,
    "d2mae_t_critical_test": 1.965927295920882,
    "d2mae_df_test": 399,
    "rmse_mean_test": 7.565526774922746,
    "rmse_std_test": 0.5799028806666794,
    "rmse_ci_lower_test": 7.508524429818457,
    "rmse_ci_upper_test": 7.622529120027035,
    "rmse_samperror_test": 0.05700234510428875,
    "rmse_t_critical_test": 1.965927295920882,
    "rmse_df_test": 399,
    "mape_mean_test": 341453272729825.5,
    "mape_std_test": 915338241960986.6,
    "mape_ci_lower_test": 251478850986258.7,
    "mape_ci_upper_test": 431427694473392.3,
    "mape_samperror_test": 89974421743566.81,
    "mape_t_critical_test": 1.965927295920882,
    "mape_df_test": 399,
    "r2_mean_test": 0.030896558306905613,
    "r2_std_test": 0.08342995819505869,
    "r2_ci_lower_test": 0.022695696701245417,
    "r2_ci_upper_test": 0.03909741991256581,
    "r2_samperror_test": 0.008200861605660198,
    "r2_t_critical_test": 1.965927295920882,
    "r2_df_test": 399,
    "median_ae_mean_test": 6.187246649083152,
    "median_ae_std_test": 0.6136510266570357,
    "median_ae_ci_lower_test": 6.126926983909405,
    "median_ae_ci_upper_test": 6.247566314256899,
    "median_ae_samperror_test": 0.06031966517374697,
    "median_ae_t_critical_test": 1.965927295920882,
    "median_ae_df_test": 399,
    "max_error_mean_test": 15.384943014674043,
    "max_error_std_test": 2.090019827830683,
    "max_error_ci_lower_test": 15.179501663246633,
    "max_error_ci_upper_test": 15.590384366101453,
    "max_error_samperror_test": 0.2054413514274101,
    "max_error_t_critical_test": 1.965927295920882,
    "max_error_df_test": 399,
    "rho_mean_test": 0.17024053919306842,
    "rho_std_test": 0.18013562673823796,
    "rho_ci_lower_test": 0.15253386191444254,
    "rho_ci_upper_test": 0.1879472164716943,
    "rho_samperror_test": 0.017706677278625873,
    "rho_t_critical_test": 1.965927295920882,
    "rho_df_test": 399,
    "r2_below_zero_test": 0.35
  },
  "selected_features": [
    "z_pe_T2W20",
    "z_density_T2W20",
    "z_asp_T2W20"
  ]
}