{
  "best_trial_number": 9,
  "best_value_internal_minimized": 6.36910078891428,
  "best_params": {
    "regressor": "KNeighborsRegressor",
    "knn_n_neighbors": 16,
    "knn_weights": "distance",
    "knn_metric": "minkowski",
    "rfe_proxy_type": "ExtraTrees",
    "rfe_proxy_et_n_estimators": 70,
    "rfe_proxy_et_max_depth": 5,
    "rfe_proxy_et_min_samples_split": 4,
    "rfe_proxy_et_min_samples_leaf": 1,
    "rfe_n_features": 6
  },
  "best_metadata": {
    "regressor": "KNeighborsRegressor",
    "use_scaler": true,
    "rfe_estimator": {
      "mode": "proxy",
      "type": "ExtraTrees"
    },
    "n_candidate_features": 9,
    "rfe_n_features": 6,
    "rfe_selected_features": [
      "z_re_T2W20",
      "z_pe_T2W20",
      "z_l1_T2W20",
      "z_l2_T2W20",
      "z_density_T2W20",
      "z_diameter_T2W20"
    ]
  },
  "validation_summary": {
    "n_splits_val": 400,
    "mae_mean_val": 6.377137582585249,
    "mae_std_val": 0.3581591072588206,
    "mae_ci_lower_val": 6.34193184432311,
    "mae_ci_upper_val": 6.412343320847388,
    "mae_samperror_val": 0.03520573826213852,
    "mae_t_critical_val": 1.965927295920882,
    "mae_df_val": 399,
    "d2mae_mean_val": 0.027349311705862796,
    "d2mae_std_val": 0.04336894981749193,
    "d2mae_ci_lower_val": 0.023086301593781278,
    "d2mae_ci_upper_val": 0.031612321817944315,
    "d2mae_samperror_val": 0.004263010112081517,
    "d2mae_t_critical_val": 1.965927295920882,
    "d2mae_df_val": 399,
    "rmse_mean_val": 7.659738411395388,
    "rmse_std_val": 0.41840880690742455,
    "rmse_ci_lower_val": 7.618610346677738,
    "rmse_ci_upper_val": 7.700866476113037,
    "rmse_samperror_val": 0.04112806471764978,
    "rmse_t_critical_val": 1.965927295920882,
    "rmse_df_val": 399,
    "mape_mean_val": 295080523677779.25,
    "mape_std_val": 621051208338208.5,
    "mape_ci_lower_val": 234033447545942.72,
    "mape_ci_upper_val": 356127599809615.75,
    "mape_samperror_val": 61047076131836.53,
    "mape_t_critical_val": 1.965927295920882,
    "mape_df_val": 399,
    "r2_mean_val": 0.01525092289748018,
    "r2_std_val": 0.078392003654043,
    "r2_ci_lower_val": 0.007545273909209548,
    "r2_ci_upper_val": 0.022956571885750815,
    "r2_samperror_val": 0.007705648988270633,
    "r2_t_critical_val": 1.965927295920882,
    "r2_df_val": 399,
    "median_ae_mean_val": 5.833140092757547,
    "median_ae_std_val": 0.5342680511748521,
    "median_ae_ci_lower_val": 5.780623485500392,
    "median_ae_ci_upper_val": 5.885656700014701,
    "median_ae_samperror_val": 0.05251660725715482,
    "median_ae_t_critical_val": 1.965927295920882,
    "median_ae_df_val": 399,
    "max_error_mean_val": 17.785469952913264,
    "max_error_std_val": 1.7362664248164903,
    "max_error_ci_lower_val": 17.614801275036378,
    "max_error_ci_upper_val": 17.95613863079015,
    "max_error_samperror_val": 0.170668677876885,
    "max_error_t_critical_val": 1.965927295920882,
    "max_error_df_val": 399,
    "rho_mean_val": 0.18637131302968682,
    "rho_std_val": 0.1297873673981816,
    "rho_ci_lower_val": 0.17361368661799695,
    "rho_ci_upper_val": 0.1991289394413767,
    "rho_samperror_val": 0.01275762641168986,
    "rho_t_critical_val": 1.965927295920882,
    "rho_df_val": 399,
    "r2_below_zero_val": 0.39
  },
  "test_summary": {
    "n_splits_test": 400,
    "mae_mean_test": 6.409117428454647,
    "mae_std_test": 0.562438966570857,
    "mae_ci_lower_test": 6.353831722621088,
    "mae_ci_upper_test": 6.464403134288206,
    "mae_samperror_test": 0.05528570583355901,
    "mae_t_critical_test": 1.965927295920882,
    "mae_df_test": 399,
    "d2mae_mean_test": 0.01684052731769589,
    "d2mae_std_test": 0.06094835134458799,
    "d2mae_ci_lower_test": 0.010849525940210806,
    "d2mae_ci_upper_test": 0.02283152869518098,
    "d2mae_samperror_test": 0.005991001377485086,
    "d2mae_t_critical_test": 1.965927295920882,
    "d2mae_df_test": 399,
    "rmse_mean_test": 7.654156378851792,
    "rmse_std_test": 0.6572249551736182,
    "rmse_ci_lower_test": 7.589553554904983,
    "rmse_ci_upper_test": 7.718759202798601,
    "rmse_samperror_test": 0.06460282394680972,
    "rmse_t_critical_test": 1.965927295920882,
    "rmse_df_test": 399,
    "mape_mean_test": 391375628449048.0,
    "mape_std_test": 1051618944559228.0,
    "mape_ci_lower_test": 288005309048223.25,
    "mape_ci_upper_test": 494745947849872.75,
    "mape_samperror_test": 103370319400824.75,
    "mape_t_critical_test": 1.965927295920882,
    "mape_df_test": 399,
    "r2_mean_test": 0.00738661856507831,
    "r2_std_test": 0.10705728798750863,
    "r2_ci_lower_test": -0.0031367236690169886,
    "r2_ci_upper_test": 0.01790996079917361,
    "r2_samperror_test": 0.010523342234095298,
    "r2_t_critical_test": 1.965927295920882,
    "r2_df_test": 399,
    "median_ae_mean_test": 5.939650854551005,
    "median_ae_std_test": 0.777927811241851,
    "median_ae_ci_lower_test": 5.863183378632188,
    "median_ae_ci_upper_test": 6.016118330469823,
    "median_ae_samperror_test": 0.07646747591881713,
    "median_ae_t_critical_test": 1.965927295920882,
    "median_ae_df_test": 399,
    "max_error_mean_test": 16.26125746531859,
    "max_error_std_test": 2.5359174498237387,
    "max_error_ci_lower_test": 16.011985998578062,
    "max_error_ci_upper_test": 16.510528932059117,
    "max_error_samperror_test": 0.24927146674052805,
    "max_error_t_critical_test": 1.965927295920882,
    "max_error_df_test": 399,
    "rho_mean_test": 0.17568002659240278,
    "rho_std_test": 0.18371787597582603,
    "rho_ci_lower_test": 0.1576212272359286,
    "rho_ci_upper_test": 0.19373882594887695,
    "rho_samperror_test": 0.01805879935647418,
    "rho_t_critical_test": 1.965927295920882,
    "rho_df_test": 399,
    "r2_below_zero_test": 0.4675
  },
  "selected_features": [
    "z_re_T2W20",
    "z_pe_T2W20",
    "z_l1_T2W20",
    "z_l2_T2W20",
    "z_density_T2W20",
    "z_diameter_T2W20"
  ]
}