{
  "mean_abs_shap": {
    "z_re_T2W20": 1.3627287122645892,
    "z_pe_T2W20": 1.2288119427947466,
    "z_l1_T2W20": 1.101080073448365,
    "z_l2_T2W20": 1.1047670458953682,
    "z_density_T2W20": 1.0830474396331244,
    "z_diameter_T2W20": 1.1931123150002303
  },
  "mean_shap": {
    "z_re_T2W20": -0.152021499537754,
    "z_pe_T2W20": -0.21706122693727997,
    "z_l1_T2W20": -0.056492641986280165,
    "z_l2_T2W20": -0.14079196906026964,
    "z_density_T2W20": -0.023346123229678693,
    "z_diameter_T2W20": -0.1994004632993731
  },
  "regressor": "KNeighborsRegressor",
  "n_subjects": 237,
  "n_features": 6
}