set,r2_mean,r2_std,r2_ci_lower,r2_ci_upper,rmse_mean,rmse_std,rmse_ci_lower,rmse_ci_upper,mae_mean,mae_std,mae_ci_lower,mae_ci_upper,rho_mean,rho_std,rho_ci_lower,rho_ci_upper,r2_below_zero
VALIDATION,-0.011289647894950398,0.04833870108778461,-0.016041166490842206,-0.00653812929905859,1.388529171820549,0.07768397442733717,1.380893119531433,1.3961652241096651,1.0802059723694144,0.05825534353445946,1.0744796838700323,1.0859322608687965,0.11202687976871449,0.12752750553379635,0.09949138956323492,0.12456236997419406,0.4175
