set,r2_mean,r2_std,r2_ci_lower,r2_ci_upper,rmse_mean,rmse_std,rmse_ci_lower,rmse_ci_upper,mae_mean,mae_std,mae_ci_lower,mae_ci_upper,rho_mean,rho_std,rho_ci_lower,rho_ci_upper,r2_below_zero
TEST,-0.02072188626936246,0.07490106157704113,-0.02808438834175026,-0.013359384196974664,1.3478282110552693,0.11752918895686447,1.3362755190233822,1.3593809030871564,1.04059362911909,0.08306676206567046,1.0324284683726568,1.0487587898655233,0.10451489040899788,0.198349675073342,0.08501783839081184,0.12401194242718391,0.47
