set,r2_mean,r2_std,r2_ci_lower,r2_ci_upper,rmse_mean,rmse_std,rmse_ci_lower,rmse_ci_upper,mae_mean,mae_std,mae_ci_lower,mae_ci_upper,rho_mean,rho_std,rho_ci_lower,rho_ci_upper,r2_below_zero
VALIDATION,-0.015492681047215111,0.09619453900835502,-0.02494825454496767,-0.0060371075494625535,1.3392310446675046,0.1015344742998863,1.3292505749423484,1.3492115143926608,1.042843151025887,0.07735871041612774,1.035239071006672,1.0504472310451023,0.1433178894837053,0.13309897554809613,0.1302347440292499,0.1564010349381607,0.395
