set,r2_mean,r2_std,r2_ci_lower,r2_ci_upper,rmse_mean,rmse_std,rmse_ci_lower,rmse_ci_upper,mae_mean,mae_std,mae_ci_lower,mae_ci_upper,rho_mean,rho_std,rho_ci_lower,rho_ci_upper,r2_below_zero
TEST,0.004166548529313859,0.10646667292421615,-0.006298738391066002,0.01463183544969372,1.320907949295925,0.1193622343892101,1.3091750755615323,1.3326408230303177,1.0236539442794963,0.08809368024912537,1.0149946557495022,1.0323132328094904,0.16134329690984323,0.20403477111294316,0.141287420617448,0.18139917320223845,0.37
