{
  "best_trial_number": 277,
  "best_value_internal_minimized": 0.9954515742545508,
  "best_params": {
    "regressor": "QuantileRegressor",
    "use_scaler": false,
    "quantile_alpha": 0.012174899678860193,
    "rfe_n_features": 3
  },
  "best_metadata": {
    "regressor": "QuantileRegressor",
    "use_scaler": false,
    "rfe_estimator": {
      "mode": "original",
      "type": "QuantileRegressor"
    },
    "n_candidate_features": 22,
    "rfe_n_features": 3,
    "rfe_selected_features": [
      "edges_T2W30",
      "pe_T2W30",
      "z_l2_T2W30"
    ]
  },
  "validation_summary": {
    "n_splits_val": 400,
    "mae_mean_val": 1.0046158396895801,
    "mae_std_val": 0.058620867792932095,
    "mae_ci_lower_val": 0.9988536214843454,
    "mae_ci_upper_val": 1.010378057894815,
    "mae_samperror_val": 0.005762218205234726,
    "mae_t_critical_val": 1.965927295920882,
    "mae_df_val": 399,
    "d2mae_mean_val": 0.02043345950764059,
    "d2mae_std_val": 0.02249410374927134,
    "d2mae_ci_lower_val": 0.018222370879742152,
    "d2mae_ci_upper_val": 0.02264454813553903,
    "d2mae_samperror_val": 0.002211088627898439,
    "d2mae_t_critical_val": 1.965927295920882,
    "d2mae_df_val": 399,
    "rmse_mean_val": 1.3167562944248754,
    "rmse_std_val": 0.07752593099664451,
    "rmse_ci_lower_val": 1.3091357772304764,
    "rmse_ci_upper_val": 1.3243768116192745,
    "rmse_samperror_val": 0.007620517194399111,
    "rmse_t_critical_val": 1.965927295920882,
    "rmse_df_val": 399,
    "mape_mean_val": 283291260513063.25,
    "mape_std_val": 238587479155698.44,
    "mape_ci_lower_val": 259838978626206.16,
    "mape_ci_upper_val": 306743542399920.4,
    "mape_samperror_val": 23452281886857.1,
    "mape_t_critical_val": 1.965927295920882,
    "mape_df_val": 399,
    "r2_mean_val": 0.04021768596891011,
    "r2_std_val": 0.03218151000559644,
    "r2_ci_lower_val": 0.03705436052171246,
    "r2_ci_upper_val": 0.043381011416107756,
    "r2_samperror_val": 0.003163325447197651,
    "r2_t_critical_val": 1.965927295920882,
    "r2_df_val": 399,
    "median_ae_mean_val": 0.9971656302138043,
    "median_ae_std_val": 0.009217456968316792,
    "median_ae_ci_lower_val": 0.9962595877011549,
    "median_ae_ci_upper_val": 0.9980716727264538,
    "median_ae_samperror_val": 0.0009060425126495061,
    "median_ae_t_critical_val": 1.965927295920882,
    "median_ae_df_val": 399,
    "max_error_mean_val": 3.139192853500977,
    "max_error_std_val": 0.2241384972863788,
    "max_error_ci_lower_val": 3.117160854006878,
    "max_error_ci_upper_val": 3.161224852995076,
    "max_error_samperror_val": 0.02203199949409903,
    "max_error_t_critical_val": 1.965927295920882,
    "max_error_df_val": 399,
    "rho_mean_val": 0.2514284020429587,
    "rho_std_val": 0.14316076661049584,
    "rho_ci_lower_val": 0.2373206899399723,
    "rho_ci_upper_val": 0.2655361141459451,
    "rho_samperror_val": 0.014107712102986381,
    "rho_t_critical_val": 1.9659574279668237,
    "rho_df_val": 397,
    "r2_below_zero_val": 0.11
  },
  "test_summary": {
    "n_splits_test": 400,
    "mae_mean_test": 1.0039537463660664,
    "mae_std_test": 0.0870264919898881,
    "mae_ci_lower_test": 0.9953993585625083,
    "mae_ci_upper_test": 1.0125081341696245,
    "mae_samperror_test": 0.00855438780355805,
    "mae_t_critical_test": 1.965927295920882,
    "mae_df_test": 399,
    "d2mae_mean_test": 0.01996511936445189,
    "d2mae_std_test": 0.03151966745421424,
    "d2mae_ci_lower_test": 0.016866850634122448,
    "d2mae_ci_upper_test": 0.02306338809478133,
    "d2mae_samperror_test": 0.0030982687303294414,
    "d2mae_t_critical_test": 1.965927295920882,
    "d2mae_df_test": 399,
    "rmse_mean_test": 1.3184323989503073,
    "rmse_std_test": 0.11574647752418397,
    "rmse_ci_lower_test": 1.307054940971733,
    "rmse_ci_upper_test": 1.3298098569288817,
    "rmse_samperror_test": 0.011377457978574307,
    "rmse_t_critical_test": 1.965927295920882,
    "rmse_df_test": 399,
    "mape_mean_test": 265455319746754.25,
    "mape_std_test": 360221702095420.56,
    "mape_ci_lower_test": 230046835910130.88,
    "mape_ci_upper_test": 300863803583377.6,
    "mape_samperror_test": 35408483836623.38,
    "mape_t_critical_test": 1.965927295920882,
    "mape_df_test": 399,
    "r2_mean_test": 0.03683420983274816,
    "r2_std_test": 0.04274012915448557,
    "r2_ci_lower_test": 0.03263301050594881,
    "r2_ci_upper_test": 0.041035409159547516,
    "r2_samperror_test": 0.004201199326799353,
    "r2_t_critical_test": 1.965927295920882,
    "r2_df_test": 399,
    "median_ae_mean_test": 0.9892907731688549,
    "median_ae_std_test": 0.030935422742332033,
    "median_ae_ci_lower_test": 0.9862499335698548,
    "median_ae_ci_upper_test": 0.9923316127678551,
    "median_ae_samperror_test": 0.0030408395990001087,
    "median_ae_t_critical_test": 1.965927295920882,
    "median_ae_df_test": 399,
    "max_error_mean_test": 2.9588912780943133,
    "max_error_std_test": 0.36963706838193977,
    "max_error_ci_lower_test": 2.9225572979785017,
    "max_error_ci_upper_test": 2.995225258210125,
    "max_error_samperror_test": 0.03633398011581145,
    "max_error_t_critical_test": 1.965927295920882,
    "max_error_df_test": 399,
    "rho_mean_test": 0.2587550374099793,
    "rho_std_test": 0.19648680485168543,
    "rho_ci_lower_test": 0.23939233531978235,
    "rho_ci_upper_test": 0.27811773950017626,
    "rho_samperror_test": 0.019362702090196953,
    "rho_t_critical_test": 1.9659574279668237,
    "rho_df_test": 397,
    "r2_below_zero_test": 0.165
  },
  "selected_features": [
    "edges_T2W30",
    "pe_T2W30",
    "z_l2_T2W30"
  ]
}