{
  "best_trial_number": 176,
  "best_value_internal_minimized": 0.9944294066631757,
  "best_params": {
    "regressor": "QuantileRegressor",
    "use_scaler": true,
    "quantile_alpha": 0.04222140994676028,
    "rfe_n_features": 3
  },
  "best_metadata": {
    "regressor": "QuantileRegressor",
    "use_scaler": true,
    "rfe_estimator": {
      "mode": "original",
      "type": "QuantileRegressor"
    },
    "n_candidate_features": 23,
    "rfe_n_features": 3,
    "rfe_selected_features": [
      "edges_T2W30",
      "z_diameter_T2W30",
      "z_asp_T2W30"
    ]
  },
  "validation_summary": {
    "n_splits_val": 400,
    "mae_mean_val": 1.0032410921996893,
    "mae_std_val": 0.05798630769887673,
    "mae_ci_lower_val": 0.9975412489449448,
    "mae_ci_upper_val": 1.0089409354544336,
    "mae_samperror_val": 0.005699843254744447,
    "mae_t_critical_val": 1.965927295920882,
    "mae_df_val": 399,
    "d2mae_mean_val": 0.021787039271669046,
    "d2mae_std_val": 0.020258885614507487,
    "d2mae_ci_lower_val": 0.01979566446094409,
    "d2mae_ci_upper_val": 0.023778414082394003,
    "d2mae_samperror_val": 0.001991374810724958,
    "d2mae_t_critical_val": 1.965927295920882,
    "d2mae_df_val": 399,
    "rmse_mean_val": 1.3167972308790101,
    "rmse_std_val": 0.07702763403263296,
    "rmse_ci_lower_val": 1.3092256944647622,
    "rmse_ci_upper_val": 1.324368767293258,
    "rmse_samperror_val": 0.0075715364142478715,
    "rmse_t_critical_val": 1.965927295920882,
    "rmse_df_val": 399,
    "mape_mean_val": 284300694932184.75,
    "mape_std_val": 239264403146723.75,
    "mape_ci_lower_val": 260781873877766.62,
    "mape_ci_upper_val": 307819515986602.9,
    "mape_samperror_val": 23518821054418.12,
    "mape_t_critical_val": 1.965927295920882,
    "mape_df_val": 399,
    "r2_mean_val": 0.04018165948440014,
    "r2_std_val": 0.029964258364141516,
    "r2_ci_lower_val": 0.03723628181339557,
    "r2_ci_upper_val": 0.04312703715540471,
    "r2_samperror_val": 0.00294537767100457,
    "r2_t_critical_val": 1.965927295920882,
    "r2_df_val": 399,
    "median_ae_mean_val": 0.9990906288853805,
    "median_ae_std_val": 0.007128610888762693,
    "median_ae_ci_lower_val": 0.9983899123489696,
    "median_ae_ci_upper_val": 0.9997913454217914,
    "median_ae_samperror_val": 0.0007007165364108699,
    "median_ae_t_critical_val": 1.965927295920882,
    "median_ae_df_val": 399,
    "max_error_mean_val": 3.1344255447821876,
    "max_error_std_val": 0.2178567737593264,
    "max_error_ci_lower_val": 3.113011015875452,
    "max_error_ci_upper_val": 3.1558400736889234,
    "max_error_samperror_val": 0.021414528906735997,
    "max_error_t_critical_val": 1.965927295920882,
    "max_error_df_val": 399,
    "rho_mean_val": 0.2758584167397764,
    "rho_std_val": 0.12596678583583115,
    "rho_ci_lower_val": 0.2632359349744331,
    "rho_ci_upper_val": 0.2884808985051197,
    "rho_samperror_val": 0.012622481765343327,
    "rho_t_critical_val": 1.9661609607071924,
    "rho_df_val": 384,
    "r2_below_zero_val": 0.12
  },
  "test_summary": {
    "n_splits_test": 400,
    "mae_mean_test": 1.0036795674544499,
    "mae_std_test": 0.08676952677280479,
    "mae_ci_lower_test": 0.9951504383976101,
    "mae_ci_upper_test": 1.0122086965112895,
    "mae_samperror_test": 0.008529129056839736,
    "mae_t_critical_test": 1.965927295920882,
    "mae_df_test": 399,
    "d2mae_mean_test": 0.02027286849822447,
    "d2mae_std_test": 0.02982037069829483,
    "d2mae_ci_lower_test": 0.01734163446171162,
    "d2mae_ci_upper_test": 0.023204102534737325,
    "d2mae_samperror_test": 0.002931234036512853,
    "d2mae_t_critical_test": 1.965927295920882,
    "d2mae_df_test": 399,
    "rmse_mean_test": 1.3193295111554937,
    "rmse_std_test": 0.11560016606710291,
    "rmse_ci_lower_test": 1.3079664350612785,
    "rmse_ci_upper_test": 1.3306925872497088,
    "rmse_samperror_test": 0.011363076094215226,
    "rmse_t_critical_test": 1.965927295920882,
    "rmse_df_test": 399,
    "mape_mean_test": 266397795817927.84,
    "mape_std_test": 361272689681469.3,
    "mape_ci_lower_test": 230886003722150.1,
    "mape_ci_upper_test": 301909587913705.56,
    "mape_samperror_test": 35511792095777.74,
    "mape_t_critical_test": 1.965927295920882,
    "mape_df_test": 399,
    "r2_mean_test": 0.0355867833547632,
    "r2_std_test": 0.04083772639224051,
    "r2_ci_lower_test": 0.03157258330387049,
    "r2_ci_upper_test": 0.03960098340565591,
    "r2_samperror_test": 0.004014200050892711,
    "r2_t_critical_test": 1.965927295920882,
    "r2_df_test": 399,
    "median_ae_mean_test": 0.9912351103539487,
    "median_ae_std_test": 0.03011783319413609,
    "median_ae_ci_lower_test": 0.9882746368354315,
    "median_ae_ci_upper_test": 0.994195583872466,
    "median_ae_samperror_test": 0.002960473518517207,
    "median_ae_t_critical_test": 1.965927295920882,
    "median_ae_df_test": 399,
    "max_error_mean_test": 2.9560565408973565,
    "max_error_std_test": 0.3667130433131034,
    "max_error_ci_lower_test": 2.920009981816384,
    "max_error_ci_upper_test": 2.992103099978329,
    "max_error_samperror_test": 0.03604655908097233,
    "max_error_t_critical_test": 1.965927295920882,
    "max_error_df_test": 399,
    "rho_mean_test": 0.2746107591962405,
    "rho_std_test": 0.1819859683140772,
    "rho_ci_lower_test": 0.25637488414909476,
    "rho_ci_upper_test": 0.29284663424338625,
    "rho_samperror_test": 0.01823587504714577,
    "rho_t_critical_test": 1.9661609607071924,
    "rho_df_test": 384,
    "r2_below_zero_test": 0.18
  },
  "selected_features": [
    "edges_T2W30",
    "z_diameter_T2W30",
    "z_asp_T2W30"
  ]
}