{
  "best_trial_number": 124,
  "best_value_internal_minimized": 0.995434428222717,
  "best_params": {
    "regressor": "QuantileRegressor",
    "use_scaler": true,
    "quantile_alpha": 0.025992279021942115,
    "rfe_n_features": 4
  },
  "best_metadata": {
    "regressor": "QuantileRegressor",
    "use_scaler": true,
    "rfe_estimator": {
      "mode": "original",
      "type": "QuantileRegressor"
    },
    "n_candidate_features": 22,
    "rfe_n_features": 4,
    "rfe_selected_features": [
      "edges_T2W30",
      "z_density_T2W30",
      "z_diameter_T2W30",
      "z_asp_T2W30"
    ]
  },
  "validation_summary": {
    "n_splits_val": 400,
    "mae_mean_val": 1.0034146895573663,
    "mae_std_val": 0.05878589945113459,
    "mae_ci_lower_val": 0.997636249340054,
    "mae_ci_upper_val": 1.0091931297746786,
    "mae_samperror_val": 0.005778440217312294,
    "mae_t_critical_val": 1.965927295920882,
    "mae_df_val": 399,
    "d2mae_mean_val": 0.02159802665891919,
    "d2mae_std_val": 0.023278481382010333,
    "d2mae_ci_lower_val": 0.01930983656109518,
    "d2mae_ci_upper_val": 0.023886216756743198,
    "d2mae_samperror_val": 0.0022881900978240087,
    "d2mae_t_critical_val": 1.965927295920882,
    "d2mae_df_val": 399,
    "rmse_mean_val": 1.3154640263983737,
    "rmse_std_val": 0.07728835809387455,
    "rmse_ci_lower_val": 1.3078668617566909,
    "rmse_ci_upper_val": 1.3230611910400565,
    "rmse_samperror_val": 0.00759716464168278,
    "rmse_t_critical_val": 1.965927295920882,
    "rmse_df_val": 399,
    "mape_mean_val": 281926047430890.75,
    "mape_std_val": 237708098942106.66,
    "mape_ci_lower_val": 258560205422303.28,
    "mape_ci_upper_val": 305291889439478.2,
    "mape_samperror_val": 23365842008587.457,
    "mape_t_critical_val": 1.965927295920882,
    "mape_df_val": 399,
    "r2_mean_val": 0.04204586134226357,
    "r2_std_val": 0.03324470431215236,
    "r2_ci_lower_val": 0.03877802775965962,
    "r2_ci_upper_val": 0.04531369492486752,
    "r2_samperror_val": 0.0032678335826039485,
    "r2_t_critical_val": 1.965927295920882,
    "r2_df_val": 399,
    "median_ae_mean_val": 0.9989641528997953,
    "median_ae_std_val": 0.00772344340906793,
    "median_ae_ci_lower_val": 0.998204966488976,
    "median_ae_ci_upper_val": 0.9997233393106146,
    "median_ae_samperror_val": 0.0007591864108193436,
    "median_ae_t_critical_val": 1.965927295920882,
    "median_ae_df_val": 399,
    "max_error_mean_val": 3.1475811718745446,
    "max_error_std_val": 0.23490513082624956,
    "max_error_ci_lower_val": 3.1244908514423853,
    "max_error_ci_upper_val": 3.170671492306704,
    "max_error_samperror_val": 0.023090320432159493,
    "max_error_t_critical_val": 1.965927295920882,
    "max_error_df_val": 399,
    "rho_mean_val": 0.27656151654840244,
    "rho_std_val": 0.12891972378255892,
    "rho_ci_lower_val": 0.26385718148103543,
    "rho_ci_upper_val": 0.28926585161576945,
    "rho_samperror_val": 0.012704335067367019,
    "rho_t_critical_val": 1.9659574279668237,
    "rho_df_val": 397,
    "r2_below_zero_val": 0.0975
  },
  "test_summary": {
    "n_splits_test": 400,
    "mae_mean_test": 1.0030837218675301,
    "mae_std_test": 0.08706970967969396,
    "mae_ci_lower_test": 0.9945250859221693,
    "mae_ci_upper_test": 1.011642357812891,
    "mae_samperror_test": 0.00855863594536085,
    "mae_t_critical_test": 1.965927295920882,
    "mae_df_test": 399,
    "d2mae_mean_test": 0.02080958533862005,
    "d2mae_std_test": 0.032012132468585225,
    "d2mae_ci_lower_test": 0.01766290908758871,
    "d2mae_ci_upper_test": 0.02395626158965139,
    "d2mae_samperror_test": 0.003146676251031341,
    "d2mae_t_critical_test": 1.965927295920882,
    "d2mae_df_test": 399,
    "rmse_mean_test": 1.317818427922555,
    "rmse_std_test": 0.11605176950205105,
    "rmse_ci_lower_test": 1.306410960852355,
    "rmse_ci_upper_test": 1.3292258949927551,
    "rmse_samperror_test": 0.011407467070200036,
    "rmse_t_critical_test": 1.965927295920882,
    "rmse_df_test": 399,
    "mape_mean_test": 264926214182371.62,
    "mape_std_test": 359683794710853.25,
    "mape_ci_lower_test": 229570604686248.16,
    "mape_ci_upper_test": 300281823678495.1,
    "mape_samperror_test": 35355609496123.47,
    "mape_t_critical_test": 1.965927295920882,
    "mape_df_test": 399,
    "r2_mean_test": 0.03765584093880006,
    "r2_std_test": 0.04567800829929796,
    "r2_ci_lower_test": 0.03316585877185554,
    "r2_ci_upper_test": 0.042145823105744586,
    "r2_samperror_test": 0.0044899821669445224,
    "r2_t_critical_test": 1.965927295920882,
    "r2_df_test": 399,
    "median_ae_mean_test": 0.9886147017304654,
    "median_ae_std_test": 0.035549031882651815,
    "median_ae_ci_lower_test": 0.9851203611243821,
    "median_ae_ci_upper_test": 0.9921090423365487,
    "median_ae_samperror_test": 0.0034943406060833453,
    "median_ae_t_critical_test": 1.965927295920882,
    "median_ae_df_test": 399,
    "max_error_mean_test": 2.9647174421015143,
    "max_error_std_test": 0.3773429510258287,
    "max_error_ci_lower_test": 2.9276260017342635,
    "max_error_ci_upper_test": 3.001808882468765,
    "max_error_samperror_test": 0.037091440367250664,
    "max_error_t_critical_test": 1.965927295920882,
    "max_error_df_test": 399,
    "rho_mean_test": 0.27885270120573385,
    "rho_std_test": 0.18253127299835045,
    "rho_ci_lower_test": 0.26086524060307775,
    "rho_ci_upper_test": 0.29684016180838996,
    "rho_samperror_test": 0.01798746060265611,
    "rho_t_critical_test": 1.9659574279668237,
    "rho_df_test": 397,
    "r2_below_zero_test": 0.1575
  },
  "selected_features": [
    "edges_T2W30",
    "z_density_T2W30",
    "z_diameter_T2W30",
    "z_asp_T2W30"
  ]
}