{
  "mean_abs_shap": {
    "edges_T2W30": 0.10048212222587721,
    "z_density_T2W30": 0.0,
    "z_diameter_T2W30": 0.0,
    "z_asp_T2W30": 0.0
  },
  "mean_shap": {
    "edges_T2W30": -0.022808750919157867,
    "z_density_T2W30": 0.0,
    "z_diameter_T2W30": 0.0,
    "z_asp_T2W30": 0.0
  },
  "regressor": "QuantileRegressor",
  "n_subjects": 230,
  "n_features": 4
}