{
  "best_trial_number": 288,
  "best_value_internal_minimized": 0.9944750609744474,
  "best_params": {
    "regressor": "QuantileRegressor",
    "use_scaler": true,
    "quantile_alpha": 0.0350885758875204,
    "rfe_n_features": 2
  },
  "best_metadata": {
    "regressor": "QuantileRegressor",
    "use_scaler": true,
    "rfe_estimator": {
      "mode": "original",
      "type": "QuantileRegressor"
    },
    "n_candidate_features": 13,
    "rfe_n_features": 2,
    "rfe_selected_features": [
      "edges_T2W30",
      "asp_T2W30"
    ]
  },
  "validation_summary": {
    "n_splits_val": 400,
    "mae_mean_val": 1.003498266376803,
    "mae_std_val": 0.05870033009218661,
    "mae_ci_lower_val": 0.9977282373164132,
    "mae_ci_upper_val": 1.0092682954371928,
    "mae_samperror_val": 0.005770029060389779,
    "mae_t_critical_val": 1.965927295920882,
    "mae_df_val": 399,
    "d2mae_mean_val": 0.021532977773357068,
    "d2mae_std_val": 0.022376597764412393,
    "d2mae_ci_lower_val": 0.019333439556612042,
    "d2mae_ci_upper_val": 0.023732515990102093,
    "d2mae_samperror_val": 0.0021995382167450256,
    "d2mae_t_critical_val": 1.965927295920882,
    "d2mae_df_val": 399,
    "rmse_mean_val": 1.3163589546635037,
    "rmse_std_val": 0.07753982226040022,
    "rmse_ci_lower_val": 1.308737072008375,
    "rmse_ci_upper_val": 1.3239808373186324,
    "rmse_samperror_val": 0.007621882655128721,
    "rmse_t_critical_val": 1.965927295920882,
    "rmse_df_val": 399,
    "mape_mean_val": 283409011963118.75,
    "mape_std_val": 238665008071145.28,
    "mape_ci_lower_val": 259949109265706.66,
    "mape_ci_upper_val": 306868914660530.9,
    "mape_samperror_val": 23459902697412.105,
    "mape_t_critical_val": 1.965927295920882,
    "mape_df_val": 399,
    "r2_mean_val": 0.040806758953655826,
    "r2_std_val": 0.03194257568556904,
    "r2_ci_lower_val": 0.03766691988154188,
    "r2_ci_upper_val": 0.04394659802576977,
    "r2_samperror_val": 0.003139839072113943,
    "r2_t_critical_val": 1.965927295920882,
    "r2_df_val": 399,
    "median_ae_mean_val": 0.9989770807487346,
    "median_ae_std_val": 0.007467752845775976,
    "median_ae_ci_lower_val": 0.9982430277907995,
    "median_ae_ci_upper_val": 0.9997111337066696,
    "median_ae_samperror_val": 0.0007340529579350918,
    "median_ae_t_critical_val": 1.965927295920882,
    "median_ae_df_val": 399,
    "max_error_mean_val": 3.139621880544384,
    "max_error_std_val": 0.22447555929885563,
    "max_error_ci_lower_val": 3.1175567490797476,
    "max_error_ci_upper_val": 3.1616870120090206,
    "max_error_samperror_val": 0.02206513146463634,
    "max_error_t_critical_val": 1.965927295920882,
    "max_error_df_val": 399,
    "rho_mean_val": 0.27647396277791864,
    "rho_std_val": 0.1259298892283091,
    "rho_ci_lower_val": 0.2639690612696204,
    "rho_ci_upper_val": 0.2889788642862169,
    "rho_samperror_val": 0.012504901508298251,
    "rho_t_critical_val": 1.9660496792749909,
    "rho_df_val": 391,
    "r2_below_zero_val": 0.1075
  },
  "test_summary": {
    "n_splits_test": 400,
    "mae_mean_test": 1.0029093553220765,
    "mae_std_test": 0.08689428633261656,
    "mae_ci_lower_test": 0.9943679628540337,
    "mae_ci_upper_test": 1.0114507477901193,
    "mae_samperror_test": 0.008541392468042787,
    "mae_t_critical_test": 1.965927295920882,
    "mae_df_test": 399,
    "d2mae_mean_test": 0.02099231596212801,
    "d2mae_std_test": 0.031104533249926215,
    "d2mae_ci_lower_test": 0.01793485341498258,
    "d2mae_ci_upper_test": 0.02404977850927344,
    "d2mae_samperror_test": 0.00305746254714543,
    "d2mae_t_critical_test": 1.965927295920882,
    "d2mae_df_test": 399,
    "rmse_mean_test": 1.3182764421963258,
    "rmse_std_test": 0.11570806541816439,
    "rmse_ci_lower_test": 1.3069027599881373,
    "rmse_ci_upper_test": 1.3296501244045142,
    "rmse_samperror_test": 0.011373682208188421,
    "rmse_t_critical_test": 1.965927295920882,
    "rmse_df_test": 399,
    "mape_mean_test": 265645022421056.0,
    "mape_std_test": 360332101004951.2,
    "mape_ci_lower_test": 230225686772948.3,
    "mape_ci_upper_test": 301064358069163.7,
    "mape_samperror_test": 35419335648107.69,
    "mape_t_critical_test": 1.965927295920882,
    "mape_df_test": 399,
    "r2_mean_test": 0.037078226112652726,
    "r2_std_test": 0.042375203165011865,
    "r2_ci_lower_test": 0.03291289768403824,
    "r2_ci_upper_test": 0.04124355454126721,
    "r2_samperror_test": 0.004165328428614489,
    "r2_t_critical_test": 1.965927295920882,
    "r2_df_test": 399,
    "median_ae_mean_test": 0.9907299117013926,
    "median_ae_std_test": 0.030959097914539626,
    "median_ae_ci_lower_test": 0.9876867449190285,
    "median_ae_ci_upper_test": 0.9937730784837566,
    "median_ae_samperror_test": 0.0030431667823640355,
    "median_ae_t_critical_test": 1.965927295920882,
    "median_ae_df_test": 399,
    "max_error_mean_test": 2.9598617965169893,
    "max_error_std_test": 0.3697769821277893,
    "max_error_ci_lower_test": 2.9235140633885757,
    "max_error_ci_upper_test": 2.996209529645403,
    "max_error_samperror_test": 0.036347733128413454,
    "max_error_t_critical_test": 1.965927295920882,
    "max_error_df_test": 399,
    "rho_mean_test": 0.2787887640403466,
    "rho_std_test": 0.18389310480017887,
    "rho_ci_lower_test": 0.260528085994229,
    "rho_ci_upper_test": 0.29704944208646417,
    "rho_samperror_test": 0.018260678046117598,
    "rho_t_critical_test": 1.9660496792749909,
    "rho_df_test": 391,
    "r2_below_zero_test": 0.1675
  },
  "selected_features": [
    "edges_T2W30",
    "asp_T2W30"
  ]
}