{
  "best_trial_number": 124,
  "best_value_internal_minimized": 0.9952854753971103,
  "best_params": {
    "regressor": "QuantileRegressor",
    "use_scaler": true,
    "quantile_alpha": 0.025992279021942115,
    "rfe_n_features": 3
  },
  "best_metadata": {
    "regressor": "QuantileRegressor",
    "use_scaler": true,
    "rfe_estimator": {
      "mode": "original",
      "type": "QuantileRegressor"
    },
    "n_candidate_features": 13,
    "rfe_n_features": 3,
    "rfe_selected_features": [
      "edges_T2W30",
      "diameter_T2W30",
      "asp_T2W30"
    ]
  },
  "validation_summary": {
    "n_splits_val": 400,
    "mae_mean_val": 1.0032497492348749,
    "mae_std_val": 0.058743950517822816,
    "mae_ci_lower_val": 0.9974754324452142,
    "mae_ci_upper_val": 1.0090240660245355,
    "mae_samperror_val": 0.005774316789660675,
    "mae_t_critical_val": 1.965927295920882,
    "mae_df_val": 399,
    "d2mae_mean_val": 0.02176166921733505,
    "d2mae_std_val": 0.023072935897182862,
    "d2mae_ci_lower_val": 0.019493683493469822,
    "d2mae_ci_upper_val": 0.02402965494120028,
    "d2mae_samperror_val": 0.0022679857238652274,
    "d2mae_t_critical_val": 1.965927295920882,
    "d2mae_df_val": 399,
    "rmse_mean_val": 1.3153841474910406,
    "rmse_std_val": 0.07729683229848021,
    "rmse_ci_lower_val": 1.3077861498658505,
    "rmse_ci_upper_val": 1.3229821451162307,
    "rmse_samperror_val": 0.007597997625190055,
    "rmse_t_critical_val": 1.965927295920882,
    "rmse_df_val": 399,
    "mape_mean_val": 281881072584205.1,
    "mape_std_val": 237574898202733.66,
    "mape_ci_lower_val": 258528323724086.2,
    "mape_ci_upper_val": 305233821444324.06,
    "mape_samperror_val": 23352748860118.95,
    "mape_t_critical_val": 1.965927295920882,
    "mape_df_val": 399,
    "r2_mean_val": 0.042167428630131586,
    "r2_std_val": 0.03312038419275489,
    "r2_ci_lower_val": 0.03891181526333542,
    "r2_ci_upper_val": 0.04542304199692775,
    "r2_samperror_val": 0.0032556133667961673,
    "r2_t_critical_val": 1.965927295920882,
    "r2_df_val": 399,
    "median_ae_mean_val": 0.9989680030435784,
    "median_ae_std_val": 0.007526010462933631,
    "median_ae_ci_lower_val": 0.998228223573655,
    "median_ae_ci_upper_val": 0.9997077825135017,
    "median_ae_samperror_val": 0.000739779469923369,
    "median_ae_t_critical_val": 1.965927295920882,
    "median_ae_df_val": 399,
    "max_error_mean_val": 3.1475913705358405,
    "max_error_std_val": 0.2349273215019059,
    "max_error_ci_lower_val": 3.1244988688409316,
    "max_error_ci_upper_val": 3.1706838722307493,
    "max_error_samperror_val": 0.02309250169490888,
    "max_error_t_critical_val": 1.965927295920882,
    "max_error_df_val": 399,
    "rho_mean_val": 0.2782001972421681,
    "rho_std_val": 0.12625508532558313,
    "rho_ci_lower_val": 0.2657584477497431,
    "rho_ci_upper_val": 0.2906419467345931,
    "rho_samperror_val": 0.012441749492424978,
    "rho_t_critical_val": 1.9659574279668237,
    "rho_df_val": 397,
    "r2_below_zero_val": 0.0975
  },
  "test_summary": {
    "n_splits_test": 400,
    "mae_mean_test": 1.0029767560815452,
    "mae_std_test": 0.0870508608312855,
    "mae_ci_lower_test": 0.9944199729094635,
    "mae_ci_upper_test": 1.0115335392536269,
    "mae_samperror_test": 0.008556783172081707,
    "mae_t_critical_test": 1.965927295920882,
    "mae_df_test": 399,
    "d2mae_mean_test": 0.020912396640524245,
    "d2mae_std_test": 0.032036594434828175,
    "d2mae_ci_lower_test": 0.01776331586713546,
    "d2mae_ci_upper_test": 0.02406147741391303,
    "d2mae_samperror_test": 0.0031490807733887865,
    "d2mae_t_critical_test": 1.965927295920882,
    "d2mae_df_test": 399,
    "rmse_mean_test": 1.3178261711609986,
    "rmse_std_test": 0.11600941229584968,
    "rmse_ci_lower_test": 1.3064228676501912,
    "rmse_ci_upper_test": 1.329229474671806,
    "rmse_samperror_test": 0.011403303510807525,
    "rmse_t_critical_test": 1.965927295920882,
    "rmse_df_test": 399,
    "mape_mean_test": 264909273598031.4,
    "mape_std_test": 359663650742787.1,
    "mape_ci_lower_test": 229555644180741.4,
    "mape_ci_upper_test": 300262903015321.4,
    "mape_samperror_test": 35353629417290.0,
    "mape_t_critical_test": 1.965927295920882,
    "mape_df_test": 399,
    "r2_mean_test": 0.037641318740183324,
    "r2_std_test": 0.045638390551580026,
    "r2_ci_lower_test": 0.03315523085382088,
    "r2_ci_upper_test": 0.042127406626545766,
    "r2_samperror_test": 0.004486087886362442,
    "r2_t_critical_test": 1.965927295920882,
    "r2_df_test": 399,
    "median_ae_mean_test": 0.9889438313421155,
    "median_ae_std_test": 0.03544186951360814,
    "median_ae_ci_lower_test": 0.985460024407352,
    "median_ae_ci_upper_test": 0.992427638276879,
    "median_ae_samperror_test": 0.00348380693476342,
    "median_ae_t_critical_test": 1.965927295920882,
    "median_ae_df_test": 399,
    "max_error_mean_test": 2.96494695604277,
    "max_error_std_test": 0.37733938946769824,
    "max_error_ci_lower_test": 2.927855865763737,
    "max_error_ci_upper_test": 3.0020380463218035,
    "max_error_samperror_test": 0.03709109027903343,
    "max_error_t_critical_test": 1.965927295920882,
    "max_error_df_test": 399,
    "rho_mean_test": 0.28031455879232453,
    "rho_std_test": 0.18342932312099494,
    "rho_ci_lower_test": 0.26223860025210993,
    "rho_ci_upper_test": 0.29839051733253913,
    "rho_samperror_test": 0.018075958540214588,
    "rho_t_critical_test": 1.9659574279668237,
    "rho_df_test": 397,
    "r2_below_zero_test": 0.1575
  },
  "selected_features": [
    "edges_T2W30",
    "diameter_T2W30",
    "asp_T2W30"
  ]
}